CustomerID,LastPurchase,Frequency,GrossPurchaseValue,UnitsPurchased,ProductDiversity,ReturnInvoices,ReturnValue,RecencyDays,NetSpend,AverageOrderValue,ReturnInvoiceSharePct,AverageGapDays,Cluster,Segment
12346,2011-01-18 10:01:00,1.0,77183.6,74215.0,1.0,1.0,77183.6,326.0,0.0,77183.6,50.0,,1,"Value tier 2/2: recent, repeat"
12347,2011-12-07 15:52:00,7.0,4310.0,2458.0,103.0,0.0,0.0,3.0,4310.0,615.7142857142857,0.0,60.839699074074076,1,"Value tier 2/2: recent, repeat"
12348,2011-09-25 13:13:00,4.0,1437.24,2332.0,21.0,0.0,0.0,76.0,1437.24,359.31,0.0,94.25092592592593,1,"Value tier 2/2: recent, repeat"
12349,2011-11-21 09:51:00,1.0,1457.55,630.0,72.0,0.0,0.0,19.0,1457.55,1457.55,0.0,,0,"Value tier 1/2: less recent, occasional"
12350,2011-02-02 16:01:00,1.0,294.4,196.0,16.0,0.0,0.0,311.0,294.4,294.4,0.0,,0,"Value tier 1/2: less recent, occasional"
12352,2011-11-03 14:37:00,7.0,1385.74,526.0,57.0,1.0,120.33,37.0,1265.41,197.96285714285713,12.5,43.347685185185185,1,"Value tier 2/2: recent, repeat"
12353,2011-05-19 17:47:00,1.0,89.0,20.0,4.0,0.0,0.0,205.0,89.0,89.0,0.0,,0,"Value tier 1/2: less recent, occasional"
12354,2011-04-21 13:11:00,1.0,1079.4,530.0,58.0,0.0,0.0,233.0,1079.4,1079.4,0.0,,0,"Value tier 1/2: less recent, occasional"
12355,2011-05-09 13:49:00,1.0,459.4,240.0,13.0,0.0,0.0,215.0,459.4,459.4,0.0,,0,"Value tier 1/2: less recent, occasional"
12356,2011-11-17 08:40:00,3.0,2487.43,1573.0,52.0,0.0,0.0,23.0,2487.43,829.1433333333333,0.0,151.47569444444446,1,"Value tier 2/2: recent, repeat"
12357,2011-11-06 16:07:00,1.0,6207.67,2708.0,131.0,0.0,0.0,34.0,6207.67,6207.67,0.0,,1,"Value tier 2/2: recent, repeat"
12358,2011-12-08 10:26:00,2.0,928.0600000000001,242.0,12.0,0.0,0.0,2.0,928.0600000000001,464.03000000000003,0.0,149.01527777777778,1,"Value tier 2/2: recent, repeat"
12359,2011-10-13 12:47:00,4.0,6310.03,1609.0,214.0,2.0,127.05,58.0,6182.98,1577.5075,33.33333333333333,91.33425925925924,1,"Value tier 2/2: recent, repeat"
12360,2011-10-18 15:22:00,3.0,2302.06,1156.0,104.0,0.0,0.0,53.0,2302.06,767.3533333333334,0.0,74.11770833333333,1,"Value tier 2/2: recent, repeat"
12361,2011-02-25 13:51:00,1.0,174.9,90.0,9.0,0.0,0.0,288.0,174.9,174.9,0.0,,0,"Value tier 1/2: less recent, occasional"
12362,2011-12-06 15:40:00,10.0,4737.23,2197.0,200.0,3.0,71.65,4.0,4665.58,473.72299999999996,23.076923076923077,32.46836419753086,1,"Value tier 2/2: recent, repeat"
12363,2011-08-22 10:18:00,2.0,552.0,408.0,23.0,0.0,0.0,110.0,552.0,276.0,0.0,132.8673611111111,0,"Value tier 1/2: less recent, occasional"
12364,2011-12-02 10:22:00,4.0,1208.1,1499.0,69.0,0.0,0.0,8.0,1208.1,302.025,0.0,34.930092592592594,1,"Value tier 2/2: recent, repeat"
12365,2011-02-21 13:51:00,1.0,320.69,173.0,21.0,0.0,0.0,292.0,320.69,320.69,0.0,,0,"Value tier 1/2: less recent, occasional"
12367,2011-12-05 16:48:00,1.0,150.9,172.0,10.0,0.0,0.0,5.0,150.9,150.9,0.0,,0,"Value tier 1/2: less recent, occasional"
12370,2011-10-19 14:51:00,4.0,3421.94,2349.0,142.0,0.0,0.0,52.0,3421.94,855.485,0.0,103.02615740740741,1,"Value tier 2/2: recent, repeat"
12371,2011-10-11 10:43:00,1.0,1527.96,582.0,62.0,0.0,0.0,60.0,1527.96,1527.96,0.0,,0,"Value tier 1/2: less recent, occasional"
12372,2011-09-29 12:12:00,3.0,1196.04,788.0,33.0,0.0,0.0,72.0,1196.04,398.68,0.0,112.48819444444445,0,"Value tier 1/2: less recent, occasional"
12373,2011-02-01 13:10:00,1.0,324.6,196.0,13.0,0.0,0.0,312.0,324.6,324.6,0.0,,0,"Value tier 1/2: less recent, occasional"
12374,2011-11-14 15:37:00,1.0,622.93,339.0,32.0,0.0,0.0,26.0,622.93,622.93,0.0,,0,"Value tier 1/2: less recent, occasional"
12375,2011-11-29 10:36:00,2.0,377.5,176.0,13.0,1.0,2.08,11.0,375.42,188.75,33.33333333333333,87.84236111111112,0,"Value tier 1/2: less recent, occasional"
12377,2011-01-28 15:45:00,2.0,1548.12,942.0,71.0,0.0,0.0,316.0,1548.12,774.06,0.0,39.25555555555555,0,"Value tier 1/2: less recent, occasional"
12378,2011-08-02 10:34:00,1.0,4008.62,2529.0,219.0,0.0,0.0,130.0,4008.62,4008.62,0.0,,0,"Value tier 1/2: less recent, occasional"
12379,2011-09-19 10:09:00,2.0,777.24,402.0,38.0,1.0,1.95,82.0,775.29,388.62,33.33333333333333,88.73402777777778,0,"Value tier 1/2: less recent, occasional"
12380,2011-11-18 11:27:00,4.0,2427.81,1110.0,76.0,1.0,4.25,22.0,2423.56,606.9525,20.0,54.68935185185185,1,"Value tier 2/2: recent, repeat"
12381,2011-12-05 12:44:00,3.0,1474.81,797.0,69.0,1.0,41.35,5.0,1433.46,491.6033333333333,25.0,57.55798611111111,1,"Value tier 2/2: recent, repeat"
12383,2011-06-08 08:02:00,5.0,1628.56,1518.0,83.0,1.0,11.25,185.0,1617.31,325.712,16.666666666666664,41.93298611111111,0,"Value tier 1/2: less recent, occasional"
12384,2011-11-11 08:39:00,2.0,425.27000000000004,122.0,25.0,1.0,19.11,29.0,406.16,212.63500000000002,33.33333333333333,92.8861111111111,0,"Value tier 1/2: less recent, occasional"
12386,2011-01-06 12:37:00,2.0,401.9,354.0,10.0,0.0,0.0,338.0,401.9,200.95,0.0,29.113888888888887,0,"Value tier 1/2: less recent, occasional"
12388,2011-11-24 12:30:00,6.0,2780.66,1462.0,57.0,0.0,0.0,16.0,2780.66,463.4433333333333,0.0,62.21083333333333,1,"Value tier 2/2: recent, repeat"
12390,2011-09-21 09:33:00,1.0,504.84000000000003,350.0,31.0,0.0,0.0,80.0,504.84000000000003,504.84000000000003,0.0,,0,"Value tier 1/2: less recent, occasional"
12391,2011-11-18 12:07:00,1.0,439.66,293.0,92.0,0.0,0.0,22.0,439.66,439.66,0.0,,0,"Value tier 1/2: less recent, occasional"
12393,2011-09-28 15:41:00,4.0,1582.6000000000001,816.0,47.0,0.0,0.0,73.0,1582.6000000000001,395.65000000000003,0.0,86.74861111111113,1,"Value tier 2/2: recent, repeat"
12394,2011-10-07 08:08:00,2.0,1080.48,808.0,25.0,0.0,0.0,64.0,1080.48,540.24,0.0,153.7548611111111,0,"Value tier 1/2: less recent, occasional"
12395,2011-11-20 15:21:00,12.0,2682.63,2097.0,90.0,3.0,20.35,20.0,2662.28,223.5525,20.0,31.995328282828282,1,"Value tier 2/2: recent, repeat"
12397,2011-11-04 09:52:00,2.0,2214.9,1250.0,109.0,0.0,0.0,36.0,2214.9,1107.45,0.0,99.81319444444445,1,"Value tier 2/2: recent, repeat"
12398,2011-10-25 10:27:00,1.0,1435.66,1389.0,84.0,0.0,0.0,46.0,1435.66,1435.66,0.0,,0,"Value tier 1/2: less recent, occasional"
12399,2011-08-12 13:15:00,4.0,1033.65,1173.0,46.0,0.0,0.0,120.0,1033.65,258.4125,0.0,47.38263888888889,0,"Value tier 1/2: less recent, occasional"
12401,2011-02-09 13:50:00,1.0,69.3,10.0,4.0,0.0,0.0,304.0,69.3,69.3,0.0,,0,"Value tier 1/2: less recent, occasional"
12402,2011-01-20 13:49:00,1.0,195.6,92.0,10.0,0.0,0.0,324.0,195.6,195.6,0.0,,0,"Value tier 1/2: less recent, occasional"
12403,2011-10-21 10:51:00,1.0,391.7,94.0,4.0,0.0,0.0,50.0,391.7,391.7,0.0,,0,"Value tier 1/2: less recent, occasional"
12405,2011-07-14 08:52:00,1.0,1390.39,849.0,53.0,0.0,0.0,149.0,1390.39,1390.39,0.0,,0,"Value tier 1/2: less recent, occasional"
12406,2011-11-17 19:22:00,2.0,3415.3,1818.0,92.0,1.0,134.55,23.0,3280.75,1707.65,33.33333333333333,161.37430555555557,1,"Value tier 2/2: recent, repeat"
12407,2011-10-21 10:11:00,5.0,1507.1200000000001,1403.0,56.0,0.0,0.0,50.0,1507.1200000000001,301.42400000000004,0.0,53.717013888888886,1,"Value tier 2/2: recent, repeat"
12408,2011-11-07 12:27:00,5.0,2618.55,1391.0,80.0,3.0,30.98,33.0,2587.57,523.71,37.5,56.97586805555555,1,"Value tier 2/2: recent, repeat"
12409,2011-09-22 10:38:00,3.0,11072.67,5551.0,91.0,4.0,15.74,79.0,11056.93,3690.89,57.14285714285714,51.964930555555554,1,"Value tier 2/2: recent, repeat"
12410,2011-02-04 10:39:00,2.0,533.33,207.0,25.0,1.0,12.25,309.0,521.08,266.665,33.33333333333333,0.0006944444444444445,0,"Value tier 1/2: less recent, occasional"
12412,2011-09-26 10:16:00,3.0,1142.88,824.0,42.0,0.0,0.0,75.0,1142.88,380.96000000000004,0.0,47.42534722222222,0,"Value tier 1/2: less recent, occasional"
12413,2011-10-04 09:00:00,3.0,686.1,282.0,28.0,1.0,9.95,67.0,676.15,228.70000000000002,25.0,135.35,0,"Value tier 1/2: less recent, occasional"
12414,2011-05-06 14:51:00,3.0,442.41,297.0,15.0,0.0,0.0,218.0,442.41,147.47,0.0,46.5,0,"Value tier 1/2: less recent, occasional"
12415,2011-11-15 14:22:00,20.0,124564.53,77373.0,443.0,4.0,926.3499999999999,25.0,123638.18,6228.2265,16.666666666666664,16.48062865497076,1,"Value tier 2/2: recent, repeat"
12417,2011-12-06 14:52:00,9.0,3226.1,1527.0,157.0,3.0,70.3,4.0,3155.7999999999997,358.4555555555555,25.0,44.265711805555554,1,"Value tier 2/2: recent, repeat"
12418,2011-08-19 11:08:00,1.0,668.58,407.0,34.0,0.0,0.0,113.0,668.58,668.58,0.0,,0,"Value tier 1/2: less recent, occasional"
12420,2011-10-07 08:55:00,1.0,600.39,345.0,29.0,0.0,0.0,64.0,600.39,600.39,0.0,,0,"Value tier 1/2: less recent, occasional"
12421,2011-11-24 09:07:00,4.0,639.04,478.0,31.0,0.0,0.0,16.0,639.04,159.76,0.0,101.24953703703704,1,"Value tier 2/2: recent, repeat"
12422,2011-09-05 09:48:00,3.0,683.5600000000001,367.0,38.0,0.0,0.0,96.0,683.5600000000001,227.85333333333335,0.0,114.51215277777777,0,"Value tier 1/2: less recent, occasional"
12423,2011-12-09 10:10:00,8.0,1634.31,1324.0,96.0,1.0,10.2,1.0,1624.11,204.28875,11.11111111111111,50.42420634920635,1,"Value tier 2/2: recent, repeat"
12424,2011-06-30 12:06:00,2.0,1760.96,740.0,30.0,0.0,0.0,163.0,1760.96,880.48,0.0,0.0,0,"Value tier 1/2: less recent, occasional"
12425,2011-09-22 17:31:00,1.0,777.2,496.0,36.0,0.0,0.0,79.0,777.2,777.2,0.0,,0,"Value tier 1/2: less recent, occasional"
12426,2011-05-29 12:26:00,1.0,510.73,254.0,29.0,0.0,0.0,195.0,510.73,510.73,0.0,,0,"Value tier 1/2: less recent, occasional"
12427,2011-11-18 08:56:00,3.0,699.8,526.0,25.0,2.0,117.43,22.0,582.3699999999999,233.26666666666665,40.0,174.9625,1,"Value tier 2/2: recent, repeat"
12428,2011-11-14 08:22:00,8.0,6405.26,3509.0,256.0,3.0,39.260000000000005,26.0,6366.0,800.6575,27.27272727272727,36.85009920634921,1,"Value tier 2/2: recent, repeat"
12429,2011-11-30 17:22:00,4.0,3388.4,1538.0,81.0,0.0,0.0,10.0,3388.4,847.1,0.0,118.74004629629631,1,"Value tier 2/2: recent, repeat"
12430,2011-10-27 15:09:00,1.0,216.4,116.0,10.0,0.0,0.0,44.0,216.4,216.4,0.0,,0,"Value tier 1/2: less recent, occasional"
12431,2011-11-04 11:55:00,15.0,6314.95,2889.0,162.0,3.0,71.06,36.0,6243.889999999999,420.99666666666667,16.666666666666664,24.1484126984127,1,"Value tier 2/2: recent, repeat"
12432,2011-10-28 11:43:00,4.0,4359.32,1800.0,106.0,0.0,0.0,43.0,4359.32,1089.83,0.0,43.30925925925926,1,"Value tier 2/2: recent, repeat"
12433,2011-12-09 10:02:00,7.0,13375.87,11071.0,219.0,0.0,0.0,1.0,13375.87,1910.8385714285716,0.0,62.143287037037034,1,"Value tier 2/2: recent, repeat"
12434,2011-09-16 12:38:00,2.0,806.14,394.0,46.0,2.0,40.949999999999996,85.0,765.1899999999999,403.07,50.0,175.98125,0,"Value tier 1/2: less recent, occasional"
12435,2011-09-21 09:06:00,2.0,7829.89,2055.0,31.0,0.0,0.0,80.0,7829.89,3914.945,0.0,188.05972222222223,1,"Value tier 2/2: recent, repeat"
12436,2011-09-01 12:09:00,1.0,429.01000000000005,209.0,15.0,0.0,0.0,100.0,429.01000000000005,429.01000000000005,0.0,,0,"Value tier 1/2: less recent, occasional"
12437,2011-12-08 11:35:00,18.0,4447.41,2894.0,117.0,1.0,54.75,2.0,4392.66,247.07833333333332,5.263157894736842,19.40531045751634,1,"Value tier 2/2: recent, repeat"
12438,2011-11-25 13:28:00,2.0,2466.85,1169.0,83.0,0.0,0.0,15.0,2466.85,1233.425,0.0,125.99930555555555,1,"Value tier 2/2: recent, repeat"
12441,2010-12-08 10:45:00,1.0,155.55,120.0,10.0,0.0,0.0,367.0,155.55,155.55,0.0,,0,"Value tier 1/2: less recent, occasional"
12442,2011-12-06 14:22:00,1.0,144.06,181.0,11.0,0.0,0.0,4.0,144.06,144.06,0.0,,0,"Value tier 1/2: less recent, occasional"
12444,2011-11-18 13:23:00,5.0,4085.46,1130.0,137.0,0.0,0.0,22.0,4085.46,817.092,0.0,37.49357638888889,1,"Value tier 2/2: recent, repeat"
12445,2011-11-17 18:43:00,1.0,77.4,60.0,3.0,0.0,0.0,23.0,77.4,77.4,0.0,,0,"Value tier 1/2: less recent, occasional"
12446,2011-10-13 12:50:00,1.0,1002.3100000000001,351.0,57.0,0.0,0.0,58.0,1002.3100000000001,1002.3100000000001,0.0,,0,"Value tier 1/2: less recent, occasional"
12447,2011-04-10 13:25:00,1.0,431.49,187.0,25.0,0.0,0.0,244.0,431.49,431.49,0.0,,0,"Value tier 1/2: less recent, occasional"
12448,2011-10-26 13:46:00,1.0,365.45,240.0,21.0,0.0,0.0,45.0,365.45,365.45,0.0,,0,"Value tier 1/2: less recent, occasional"
12449,2011-11-17 13:46:00,4.0,3596.29,1523.0,117.0,0.0,0.0,23.0,3596.29,899.0725,0.0,54.97430555555555,1,"Value tier 2/2: recent, repeat"
12450,2011-07-06 14:41:00,2.0,197.88,128.0,7.0,0.0,0.0,157.0,197.88,98.94,0.0,17.00347222222222,0,"Value tier 1/2: less recent, occasional"
12451,2011-11-29 08:40:00,5.0,8995.52,6574.0,264.0,1.0,102.0,11.0,8893.52,1799.104,16.666666666666664,78.49565972222223,1,"Value tier 2/2: recent, repeat"
12452,2011-11-23 08:05:00,1.0,348.57,181.0,20.0,0.0,0.0,17.0,348.57,348.57,0.0,,0,"Value tier 1/2: less recent, occasional"
12453,2011-07-28 14:08:00,1.0,707.09,473.0,43.0,0.0,0.0,135.0,707.09,707.09,0.0,,0,"Value tier 1/2: less recent, occasional"
12454,2011-10-14 17:13:00,1.0,3528.34,1006.0,15.0,1.0,3528.3399999999997,57.0,4.547473508864641e-13,3528.34,50.0,,0,"Value tier 1/2: less recent, occasional"
12455,2011-09-27 15:31:00,5.0,2339.86,2084.0,84.0,0.0,0.0,74.0,2339.86,467.97200000000004,0.0,55.80815972222222,1,"Value tier 2/2: recent, repeat"
12456,2011-10-26 14:41:00,3.0,2581.04,1618.0,104.0,1.0,27.15,45.0,2553.89,860.3466666666667,25.0,105.11423611111111,1,"Value tier 2/2: recent, repeat"
12457,2011-10-04 13:13:00,6.0,2043.23,835.0,52.0,5.0,445.45,67.0,1597.78,340.53833333333336,45.45454545454545,34.55222222222223,1,"Value tier 2/2: recent, repeat"
12458,2011-09-29 15:25:00,2.0,787.4,502.0,34.0,0.0,0.0,72.0,787.4,393.7,0.0,213.1875,0,"Value tier 1/2: less recent, occasional"
12461,2011-07-08 10:23:00,1.0,626.88,282.0,34.0,0.0,0.0,155.0,626.88,626.88,0.0,,0,"Value tier 1/2: less recent, occasional"
12462,2011-11-21 09:11:00,2.0,937.59,527.0,50.0,2.0,65.58,19.0,872.01,468.795,50.0,284.76875,0,"Value tier 1/2: less recent, occasional"
12463,2011-10-17 13:44:00,4.0,1200.78,768.0,64.0,2.0,35.15,54.0,1165.6299999999999,300.195,33.33333333333333,62.67986111111111,1,"Value tier 2/2: recent, repeat"
12464,2011-11-29 13:33:00,8.0,957.05,95.0,5.0,0.0,0.0,11.0,957.05,119.63125,0.0,42.71458333333334,1,"Value tier 2/2: recent, repeat"
12465,2011-11-22 16:34:00,2.0,682.1899999999999,475.0,45.0,1.0,8.299999999999999,18.0,673.89,341.09499999999997,33.33333333333333,152.12291666666667,0,"Value tier 1/2: less recent, occasional"
12468,2011-06-05 11:36:00,2.0,657.54,362.0,35.0,1.0,5.5,188.0,652.04,328.77,33.33333333333333,128.92152777777778,0,"Value tier 1/2: less recent, occasional"
12471,2011-12-07 15:43:00,27.0,17388.649999999998,8092.0,148.0,18.0,1065.1299999999999,3.0,16323.519999999999,644.024074074074,40.0,13.932905982905982,1,"Value tier 2/2: recent, repeat"
12472,2011-11-07 14:01:00,7.0,6068.11,4120.0,218.0,6.0,342.63,33.0,5725.48,866.8728571428571,46.15384615384615,56.16458333333333,1,"Value tier 2/2: recent, repeat"
12473,2011-10-17 11:27:00,3.0,2585.73,2394.0,138.0,1.0,40.459999999999994,54.0,2545.27,861.91,25.0,69.025,1,"Value tier 2/2: recent, repeat"
12474,2011-11-22 14:39:00,18.0,6694.09,4798.0,252.0,12.0,259.32,18.0,6434.77,371.8938888888889,40.0,18.3640931372549,1,"Value tier 2/2: recent, repeat"
12475,2011-10-17 10:10:00,1.0,669.38,532.0,35.0,0.0,0.0,54.0,669.38,669.38,0.0,,0,"Value tier 1/2: less recent, occasional"
12476,2011-11-24 12:40:00,11.0,5898.42,2357.0,176.0,9.0,269.84,16.0,5628.58,536.22,45.0,34.59173611111111,1,"Value tier 2/2: recent, repeat"
12477,2011-11-17 09:51:00,6.0,13219.74,3653.0,191.0,3.0,102.72999999999999,23.0,13117.01,2203.29,33.33333333333333,55.77583333333333,1,"Value tier 2/2: recent, repeat"
12478,2011-12-06 09:56:00,1.0,545.99,233.0,35.0,0.0,0.0,4.0,545.99,545.99,0.0,,0,"Value tier 1/2: less recent, occasional"
12479,2011-11-28 13:26:00,1.0,473.2,382.0,30.0,2.0,49.9,12.0,423.3,473.2,66.66666666666666,,0,"Value tier 1/2: less recent, occasional"
12480,2011-11-11 14:52:00,4.0,2885.63,1685.0,128.0,0.0,0.0,29.0,2885.63,721.4075,0.0,102.65856481481482,1,"Value tier 2/2: recent, repeat"
12481,2011-11-17 08:29:00,10.0,5003.82,3262.0,149.0,1.0,5.46,23.0,4998.36,500.38199999999995,9.090909090909092,38.10308641975309,1,"Value tier 2/2: recent, repeat"
12483,2011-11-22 17:02:00,8.0,1910.98,1094.0,45.0,3.0,37.85,18.0,1873.13,238.8725,27.27272727272727,46.01607142857143,1,"Value tier 2/2: recent, repeat"
12484,2011-11-04 15:18:00,4.0,3939.32,2166.0,255.0,2.0,46.45,36.0,3892.8700000000003,984.83,33.33333333333333,100.35046296296296,1,"Value tier 2/2: recent, repeat"
12488,2011-11-30 08:50:00,3.0,1244.66,526.0,45.0,0.0,0.0,10.0,1244.66,414.8866666666667,0.0,32.96388888888889,1,"Value tier 2/2: recent, repeat"
12489,2011-01-07 13:13:00,1.0,298.93,103.0,14.0,0.0,0.0,337.0,298.93,298.93,0.0,,0,"Value tier 1/2: less recent, occasional"
12490,2011-12-04 16:07:00,10.0,4859.93,3033.0,130.0,0.0,0.0,6.0,4859.93,485.99300000000005,0.0,36.03194444444445,1,"Value tier 2/2: recent, repeat"
12491,2011-11-01 12:18:00,1.0,424.40000000000003,258.0,24.0,0.0,0.0,39.0,424.40000000000003,424.40000000000003,0.0,,0,"Value tier 1/2: less recent, occasional"
12492,2011-10-07 15:15:00,2.0,227.21,190.0,18.0,0.0,0.0,64.0,227.21,113.605,0.0,42.016666666666666,0,"Value tier 1/2: less recent, occasional"
12493,2011-06-27 10:17:00,2.0,379.74,204.0,18.0,1.0,16.95,166.0,362.79,189.87,33.33333333333333,31.808333333333334,0,"Value tier 1/2: less recent, occasional"
12494,2011-11-24 09:34:00,7.0,1084.1000000000001,698.0,62.0,6.0,88.75,16.0,995.3500000000001,154.8714285714286,46.15384615384615,58.31979166666667,1,"Value tier 2/2: recent, repeat"
12497,2011-09-19 12:29:00,1.0,953.1,1231.0,13.0,0.0,0.0,82.0,953.1,953.1,0.0,,0,"Value tier 1/2: less recent, occasional"
12498,2011-11-18 12:53:00,3.0,349.70000000000005,156.0,20.0,0.0,0.0,22.0,349.70000000000005,116.56666666666668,0.0,18.07048611111111,0,"Value tier 1/2: less recent, occasional"
12500,2011-11-16 16:20:00,11.0,4059.82,2667.0,33.0,2.0,33.55,24.0,4026.27,369.07454545454544,15.384615384615385,31.027222222222225,1,"Value tier 2/2: recent, repeat"
12501,2011-01-07 12:28:00,1.0,2025.39,1775.0,148.0,1.0,79.71000000000001,337.0,1945.68,2025.39,50.0,,0,"Value tier 1/2: less recent, occasional"
12502,2011-09-05 11:52:00,5.0,2995.87,794.0,101.0,0.0,0.0,96.0,2995.87,599.174,0.0,53.51232638888889,1,"Value tier 2/2: recent, repeat"
12504,2011-11-21 16:02:00,2.0,428.04999999999995,87.0,5.0,2.0,368.04999999999995,19.0,60.0,214.02499999999998,50.0,12.045833333333333,0,"Value tier 1/2: less recent, occasional"
12506,2011-04-21 08:54:00,1.0,73.5,23.0,23.0,0.0,0.0,233.0,73.5,73.5,0.0,,0,"Value tier 1/2: less recent, occasional"
12507,2011-07-28 17:09:00,3.0,1052.81,885.0,18.0,1.0,46.75,135.0,1006.06,350.93666666666667,25.0,82.16145833333333,0,"Value tier 1/2: less recent, occasional"
12508,2011-11-13 15:37:00,2.0,397.88,271.0,57.0,0.0,0.0,27.0,397.88,198.94,0.0,2.9652777777777777,0,"Value tier 1/2: less recent, occasional"
12509,2011-02-28 14:45:00,1.0,158.5,54.0,6.0,0.0,0.0,285.0,158.5,158.5,0.0,,0,"Value tier 1/2: less recent, occasional"
12510,2011-07-20 10:15:00,2.0,814.5699999999999,347.0,28.0,0.0,0.0,143.0,814.5699999999999,407.28499999999997,0.0,182.84097222222223,0,"Value tier 1/2: less recent, occasional"
12512,2011-10-04 14:55:00,2.0,132.18,96.0,31.0,0.0,0.0,67.0,132.18,66.09,0.0,0.001388888888888889,0,"Value tier 1/2: less recent, occasional"
12513,2011-08-19 10:51:00,1.0,558.29,459.0,34.0,1.0,25.5,113.0,532.79,558.29,50.0,,0,"Value tier 1/2: less recent, occasional"
12514,2011-03-17 16:38:00,1.0,1017.68,440.0,51.0,0.0,0.0,268.0,1017.68,1017.68,0.0,,0,"Value tier 1/2: less recent, occasional"
12515,2010-12-21 15:43:00,1.0,278.7,128.0,15.0,0.0,0.0,354.0,278.7,278.7,0.0,,0,"Value tier 1/2: less recent, occasional"
12516,2011-09-23 09:13:00,2.0,1186.06,868.0,19.0,0.0,0.0,78.0,1186.06,593.03,0.0,102.9,0,"Value tier 1/2: less recent, occasional"
12517,2011-11-11 13:57:00,4.0,2301.6,1351.0,231.0,1.0,37.949999999999996,29.0,2263.65,575.4,20.0,53.98240740740741,1,"Value tier 2/2: recent, repeat"
12518,2011-12-09 10:13:00,5.0,1840.89,1306.0,83.0,0.0,0.0,1.0,1840.89,368.178,0.0,27.467881944444443,1,"Value tier 2/2: recent, repeat"
12519,2011-10-07 09:26:00,1.0,276.84,172.0,16.0,0.0,0.0,64.0,276.84,276.84,0.0,,0,"Value tier 1/2: less recent, occasional"
12520,2011-09-21 15:23:00,5.0,2346.2599999999998,1423.0,120.0,1.0,51.75,80.0,2294.5099999999998,469.25199999999995,16.666666666666664,48.53958333333333,1,"Value tier 2/2: recent, repeat"
12521,2011-07-20 10:51:00,1.0,545.68,306.0,37.0,0.0,0.0,143.0,545.68,545.68,0.0,,0,"Value tier 1/2: less recent, occasional"
12522,2011-10-31 15:30:00,2.0,156.72,192.0,10.0,0.0,0.0,40.0,156.72,78.36,0.0,12.034027777777778,0,"Value tier 1/2: less recent, occasional"
12523,2011-11-20 12:55:00,11.0,1699.77,860.0,83.0,2.0,44.199999999999996,20.0,1655.57,154.52454545454546,15.384615384615385,31.21333333333333,1,"Value tier 2/2: recent, repeat"
12524,2011-11-30 15:31:00,8.0,3945.72,3669.0,112.0,0.0,0.0,10.0,3945.72,493.215,0.0,46.31507936507937,1,"Value tier 2/2: recent, repeat"
12526,2011-12-09 12:09:00,3.0,1172.66,624.0,63.0,0.0,0.0,1.0,1172.66,390.8866666666667,0.0,46.954861111111114,1,"Value tier 2/2: recent, repeat"
12527,2011-09-19 11:55:00,3.0,330.71000000000004,233.0,17.0,0.0,0.0,82.0,330.71000000000004,110.23666666666668,0.0,121.99652777777779,0,"Value tier 1/2: less recent, occasional"
12528,2011-11-30 14:40:00,6.0,1645.48,740.0,49.0,2.0,11.2,10.0,1634.28,274.24666666666667,25.0,60.646527777777784,1,"Value tier 2/2: recent, repeat"
12530,2011-10-11 12:34:00,4.0,1500.28,904.0,50.0,1.0,38.650000000000006,60.0,1461.6299999999999,375.07,20.0,92.36805555555556,1,"Value tier 2/2: recent, repeat"
12531,2011-11-25 11:12:00,1.0,125.22,45.0,17.0,0.0,0.0,15.0,125.22,125.22,0.0,,0,"Value tier 1/2: less recent, occasional"
12532,2011-11-09 13:47:00,1.0,313.83000000000004,151.0,15.0,0.0,0.0,31.0,313.83000000000004,313.83000000000004,0.0,,0,"Value tier 1/2: less recent, occasional"
12534,2011-08-01 10:26:00,1.0,981.18,645.0,62.0,0.0,0.0,131.0,981.18,981.18,0.0,,0,"Value tier 1/2: less recent, occasional"
12535,2011-09-09 08:48:00,2.0,716.35,219.0,28.0,0.0,0.0,92.0,716.35,358.175,0.0,94.83402777777778,0,"Value tier 1/2: less recent, occasional"
12536,2011-10-11 14:52:00,1.0,4279.71,2801.0,259.0,1.0,128.45,60.0,4151.26,4279.71,50.0,,0,"Value tier 1/2: less recent, occasional"
12538,2011-11-10 17:16:00,1.0,363.95,191.0,21.0,0.0,0.0,30.0,363.95,363.95,0.0,,0,"Value tier 1/2: less recent, occasional"
12539,2011-11-17 13:30:00,4.0,5568.35,2067.0,157.0,0.0,0.0,23.0,5568.35,1392.0875,0.0,103.72662037037037,1,"Value tier 2/2: recent, repeat"
12540,2011-11-20 11:31:00,17.0,11580.24,6620.0,276.0,2.0,91.19999999999999,20.0,11489.039999999999,681.1905882352941,10.526315789473683,21.37986111111111,1,"Value tier 2/2: recent, repeat"
12541,2011-11-10 10:40:00,3.0,841.18,675.0,45.0,0.0,0.0,30.0,841.18,280.3933333333333,0.0,125.52361111111111,0,"Value tier 1/2: less recent, occasional"
12544,2011-11-03 16:15:00,1.0,316.7,134.0,18.0,1.0,17.0,37.0,299.7,316.7,50.0,,0,"Value tier 1/2: less recent, occasional"
12545,2011-09-25 13:39:00,2.0,832.39,517.0,41.0,0.0,0.0,76.0,832.39,416.195,0.0,184.06597222222223,0,"Value tier 1/2: less recent, occasional"
12546,2011-10-24 12:09:00,2.0,1021.5,628.0,58.0,1.0,20.0,47.0,1001.5,510.75,33.33333333333333,31.100694444444443,0,"Value tier 1/2: less recent, occasional"
12547,2011-05-26 12:38:00,2.0,151.79999999999998,132.0,6.0,0.0,0.0,198.0,151.79999999999998,75.89999999999999,0.0,82.99444444444444,0,"Value tier 1/2: less recent, occasional"
12548,2011-06-26 15:35:00,1.0,67.19999999999999,48.0,4.0,0.0,0.0,167.0,67.19999999999999,67.19999999999999,0.0,,0,"Value tier 1/2: less recent, occasional"
12550,2011-09-21 14:35:00,1.0,824.83,564.0,56.0,0.0,0.0,80.0,824.83,824.83,0.0,,0,"Value tier 1/2: less recent, occasional"
12551,2010-12-17 11:23:00,1.0,168.0,100.0,10.0,0.0,0.0,358.0,168.0,168.0,0.0,,0,"Value tier 1/2: less recent, occasional"
12552,2011-10-31 12:11:00,1.0,317.82,85.0,19.0,0.0,0.0,40.0,317.82,317.82,0.0,,0,"Value tier 1/2: less recent, occasional"
12553,2011-12-01 16:38:00,10.0,3278.28,1942.0,94.0,4.0,40.029999999999994,9.0,3238.25,327.82800000000003,28.57142857142857,35.694135802469134,1,"Value tier 2/2: recent, repeat"
12556,2011-10-20 13:06:00,2.0,599.56,355.0,100.0,0.0,0.0,51.0,599.56,299.78,0.0,100.9798611111111,0,"Value tier 1/2: less recent, occasional"
12557,2011-11-23 16:59:00,5.0,11990.960000000001,4384.0,15.0,0.0,0.0,17.0,11990.960000000001,2398.192,0.0,88.7984375,1,"Value tier 2/2: recent, repeat"
12558,2011-12-02 10:41:00,1.0,269.96,196.0,11.0,1.0,269.96000000000004,8.0,-5.684341886080802e-14,269.96,50.0,,0,"Value tier 1/2: less recent, occasional"
12559,2011-02-02 09:49:00,2.0,525.71,281.0,20.0,1.0,25.5,311.0,500.21000000000004,262.855,33.33333333333333,8.984027777777778,0,"Value tier 1/2: less recent, occasional"
12560,2011-12-04 13:54:00,2.0,1918.01,1098.0,90.0,1.0,32.62,6.0,1885.39,959.005,33.33333333333333,137.91597222222222,1,"Value tier 2/2: recent, repeat"
12561,2011-02-10 11:39:00,1.0,238.85,177.0,16.0,0.0,0.0,303.0,238.85,238.85,0.0,,0,"Value tier 1/2: less recent, occasional"
12562,2011-12-01 17:20:00,7.0,3385.7400000000002,1757.0,98.0,0.0,0.0,9.0,3385.7400000000002,483.6771428571429,0.0,31.69861111111111,1,"Value tier 2/2: recent, repeat"
12564,2011-03-23 14:55:00,1.0,402.9,130.0,20.0,0.0,0.0,262.0,402.9,402.9,0.0,,0,"Value tier 1/2: less recent, occasional"
12565,2011-02-24 10:34:00,1.0,145.92,80.0,9.0,1.0,14.75,289.0,131.17,145.92,50.0,,0,"Value tier 1/2: less recent, occasional"
12566,2011-09-14 14:30:00,1.0,297.65,262.0,18.0,1.0,4.95,87.0,292.7,297.65,50.0,,0,"Value tier 1/2: less recent, occasional"
12567,2011-11-17 11:02:00,10.0,8609.28,4261.0,322.0,1.0,286.34000000000003,23.0,8322.94,860.9280000000001,9.090909090909092,38.55131172839506,1,"Value tier 2/2: recent, repeat"
12569,2011-12-07 16:24:00,32.0,3152.69,1747.0,91.0,1.0,23.700000000000003,3.0,3128.9900000000002,98.5215625,3.0303030303030303,8.068033154121864,1,"Value tier 2/2: recent, repeat"
12571,2011-10-31 10:19:00,2.0,519.61,523.0,31.0,0.0,0.0,40.0,519.61,259.805,0.0,81.90555555555555,0,"Value tier 1/2: less recent, occasional"
12572,2011-12-01 09:20:00,2.0,912.42,446.0,52.0,1.0,15.7,9.0,896.7199999999999,456.21,33.33333333333333,43.041666666666664,1,"Value tier 2/2: recent, repeat"
12573,2011-04-26 15:52:00,1.0,160.54000000000002,84.0,26.0,0.0,0.0,228.0,160.54000000000002,160.54000000000002,0.0,,0,"Value tier 1/2: less recent, occasional"
12574,2011-01-28 09:20:00,1.0,182.45000000000002,59.0,10.0,0.0,0.0,316.0,182.45000000000002,182.45000000000002,0.0,,0,"Value tier 1/2: less recent, occasional"
12576,2011-11-04 10:11:00,5.0,1315.83,967.0,72.0,1.0,8.850000000000001,36.0,1306.98,263.166,16.666666666666664,67.23611111111111,1,"Value tier 2/2: recent, repeat"
12577,2011-11-04 13:24:00,3.0,622.65,468.0,136.0,1.0,62.400000000000006,36.0,560.25,207.54999999999998,25.0,161.93854166666668,0,"Value tier 1/2: less recent, occasional"
12578,2011-11-18 13:30:00,2.0,2402.51,1182.0,110.0,2.0,41.14999999999999,22.0,2361.36,1201.255,50.0,308.9138888888889,1,"Value tier 2/2: recent, repeat"
12579,2011-09-22 17:15:00,1.0,386.42,282.0,28.0,1.0,11.7,79.0,374.72,386.42,50.0,,0,"Value tier 1/2: less recent, occasional"
12580,2011-04-07 10:24:00,1.0,379.7,236.0,23.0,0.0,0.0,247.0,379.7,379.7,0.0,,0,"Value tier 1/2: less recent, occasional"
12581,2011-10-31 08:56:00,1.0,179.71,160.0,14.0,0.0,0.0,40.0,179.71,179.71,0.0,,0,"Value tier 1/2: less recent, occasional"
12582,2011-04-15 08:45:00,2.0,351.36,296.0,20.0,0.0,0.0,239.0,351.36,175.68,0.0,49.87708333333333,0,"Value tier 1/2: less recent, occasional"
12583,2011-12-07 08:07:00,15.0,6705.38,5028.0,114.0,2.0,76.03999999999999,3.0,6629.34,447.0253333333333,11.76470588235294,26.49811507936508,1,"Value tier 2/2: recent, repeat"
12584,2011-12-06 09:35:00,9.0,2254.15,413.0,43.0,9.0,444.2,4.0,1809.95,250.4611111111111,50.0,34.595486111111114,1,"Value tier 2/2: recent, repeat"
12585,2011-04-19 13:39:00,2.0,1824.1,1267.0,76.0,2.0,57.28999999999999,235.0,1766.81,912.05,50.0,117.02847222222222,0,"Value tier 1/2: less recent, occasional"
12586,2011-11-22 16:24:00,1.0,196.94000000000003,79.0,11.0,1.0,17.0,18.0,179.94000000000003,196.94000000000003,50.0,,0,"Value tier 1/2: less recent, occasional"
12587,2011-12-02 12:47:00,1.0,104.0,50.0,3.0,0.0,0.0,8.0,104.0,104.0,0.0,,0,"Value tier 1/2: less recent, occasional"
12588,2011-10-31 15:01:00,1.0,174.89999999999998,52.0,9.0,0.0,0.0,40.0,174.89999999999998,174.89999999999998,0.0,,0,"Value tier 1/2: less recent, occasional"
12589,2011-11-11 10:19:00,2.0,574.68,302.0,28.0,0.0,0.0,29.0,574.68,287.34,0.0,115.9263888888889,0,"Value tier 1/2: less recent, occasional"
12590,2011-05-12 14:46:00,1.0,9341.26,4282.0,67.0,1.0,2.88,212.0,9338.380000000001,9341.26,50.0,,0,"Value tier 1/2: less recent, occasional"
12591,2011-01-26 14:35:00,1.0,368.85,225.0,25.0,0.0,0.0,318.0,368.85,368.85,0.0,,0,"Value tier 1/2: less recent, occasional"
12592,2011-09-08 15:04:00,2.0,401.6,288.0,10.0,0.0,0.0,93.0,401.6,200.8,0.0,121.05555555555556,0,"Value tier 1/2: less recent, occasional"
12593,2011-08-23 12:43:00,3.0,382.09999999999997,204.0,13.0,0.0,0.0,109.0,382.09999999999997,127.36666666666666,0.0,55.06736111111111,0,"Value tier 1/2: less recent, occasional"
12594,2011-11-02 12:20:00,9.0,3208.2200000000003,1772.0,49.0,0.0,0.0,38.0,3208.2200000000003,356.4688888888889,0.0,35.63784722222222,1,"Value tier 2/2: recent, repeat"
12596,2011-10-19 13:02:00,2.0,450.27,468.0,24.0,0.0,0.0,52.0,450.27,225.135,0.0,190.98611111111111,0,"Value tier 1/2: less recent, occasional"
12597,2011-11-20 13:33:00,4.0,3195.22,2214.0,183.0,1.0,128.09,20.0,3067.1299999999997,798.805,20.0,82.99375,1,"Value tier 2/2: recent, repeat"
12598,2011-11-30 12:18:00,7.0,2807.08,1952.0,83.0,1.0,20.4,10.0,2786.68,401.01142857142855,12.5,45.83564814814815,1,"Value tier 2/2: recent, repeat"
12599,2011-11-10 13:34:00,7.0,888.58,948.0,31.0,0.0,0.0,30.0,888.58,126.94000000000001,0.0,45.83402777777778,1,"Value tier 2/2: recent, repeat"
12600,2011-11-11 10:29:00,10.0,2311.04,758.0,31.0,0.0,0.0,29.0,2311.04,231.10399999999998,0.0,38.09969135802469,1,"Value tier 2/2: recent, repeat"
12601,2011-06-03 10:17:00,5.0,487.06,240.0,20.0,1.0,7.5,190.0,479.56,97.412,16.666666666666664,35.74635416666667,0,"Value tier 1/2: less recent, occasional"
12602,2011-10-12 11:22:00,1.0,153.12,162.0,12.0,0.0,0.0,59.0,153.12,153.12,0.0,,0,"Value tier 1/2: less recent, occasional"
12603,2011-11-18 10:42:00,1.0,613.1999999999999,56.0,1.0,0.0,0.0,22.0,613.1999999999999,613.1999999999999,0.0,,0,"Value tier 1/2: less recent, occasional"
12604,2011-09-21 14:08:00,2.0,236.18,200.0,14.0,0.0,0.0,80.0,236.18,118.09,0.0,182.0847222222222,0,"Value tier 1/2: less recent, occasional"
12607,2011-10-10 16:06:00,1.0,1579.51,1228.0,101.0,1.0,1579.5100000000002,61.0,-2.2737367544323206e-13,1579.51,50.0,,0,"Value tier 1/2: less recent, occasional"
12609,2011-09-22 16:34:00,3.0,964.85,639.0,56.0,0.0,0.0,79.0,964.85,321.6166666666667,0.0,120.02812499999999,0,"Value tier 1/2: less recent, occasional"
12610,2011-11-17 09:34:00,4.0,1747.54,1039.0,84.0,2.0,41.55,23.0,1705.99,436.885,33.33333333333333,34.606944444444444,1,"Value tier 2/2: recent, repeat"
12611,2011-10-18 13:12:00,1.0,1193.32,846.0,65.0,0.0,0.0,53.0,1193.32,1193.32,0.0,,0,"Value tier 1/2: less recent, occasional"
12612,2011-09-26 15:35:00,1.0,668.0400000000001,260.0,18.0,1.0,60.45,75.0,607.59,668.0400000000001,50.0,,0,"Value tier 1/2: less recent, occasional"
12613,2011-10-13 14:59:00,4.0,3092.38,1630.0,123.0,1.0,125.39999999999999,58.0,2966.98,773.095,20.0,68.32337962962963,1,"Value tier 2/2: recent, repeat"
12614,2011-03-07 10:22:00,1.0,315.6,76.0,20.0,0.0,0.0,278.0,315.6,315.6,0.0,,0,"Value tier 1/2: less recent, occasional"
12615,2011-12-07 15:02:00,4.0,2093.19,1365.0,81.0,0.0,0.0,3.0,2093.19,523.2975,0.0,55.35347222222222,1,"Value tier 2/2: recent, repeat"
12616,2011-09-05 15:17:00,2.0,641.3,280.0,24.0,3.0,56.05,96.0,585.25,320.65,60.0,202.04166666666666,0,"Value tier 1/2: less recent, occasional"
12617,2011-11-10 14:39:00,1.0,352.98,210.0,39.0,0.0,0.0,30.0,352.98,352.98,0.0,,0,"Value tier 1/2: less recent, occasional"
12618,2011-11-18 11:10:00,1.0,137.31,95.0,10.0,0.0,0.0,22.0,137.31,137.31,0.0,,0,"Value tier 1/2: less recent, occasional"
12619,2011-11-23 14:52:00,8.0,2945.56,3360.0,48.0,3.0,36.75,17.0,2908.81,368.195,27.27272727272727,33.867261904761904,1,"Value tier 2/2: recent, repeat"
12620,2011-11-25 10:20:00,3.0,1303.41,1179.0,88.0,0.0,0.0,15.0,1303.41,434.47,0.0,94.96180555555556,1,"Value tier 2/2: recent, repeat"
12621,2011-12-08 11:25:00,20.0,12411.67,7369.0,260.0,3.0,77.60000000000001,2.0,12334.07,620.5835,13.043478260869565,19.160416666666666,1,"Value tier 2/2: recent, repeat"
12622,2011-04-21 16:39:00,1.0,162.1,68.0,10.0,0.0,0.0,233.0,162.1,162.1,0.0,,0,"Value tier 1/2: less recent, occasional"
12623,2011-03-08 13:50:00,1.0,269.1,189.0,17.0,0.0,0.0,277.0,269.1,269.1,0.0,,0,"Value tier 1/2: less recent, occasional"
12624,2011-08-25 15:04:00,2.0,569.13,351.0,35.0,0.0,0.0,107.0,569.13,284.565,0.0,71.10416666666667,0,"Value tier 1/2: less recent, occasional"
12625,2011-05-12 09:54:00,2.0,2413.82,1597.0,72.0,1.0,51.5,212.0,2362.32,1206.91,33.33333333333333,107.85208333333334,0,"Value tier 1/2: less recent, occasional"
12626,2011-11-16 16:06:00,9.0,5954.48,3416.0,231.0,4.0,232.13000000000002,24.0,5722.349999999999,661.6088888888888,30.76923076923077,37.90147569444444,1,"Value tier 2/2: recent, repeat"
12627,2011-11-29 12:07:00,6.0,4082.53,2730.0,161.0,0.0,0.0,11.0,4082.53,680.4216666666667,0.0,25.984444444444442,1,"Value tier 2/2: recent, repeat"
12628,2011-12-05 13:15:00,3.0,732.46,445.0,33.0,1.0,16.85,5.0,715.61,244.15333333333334,25.0,30.078819444444445,1,"Value tier 2/2: recent, repeat"
12630,2011-11-30 10:48:00,2.0,1030.88,542.0,59.0,0.0,0.0,10.0,1030.88,515.44,0.0,34.00486111111111,1,"Value tier 2/2: recent, repeat"
12631,2011-10-13 13:53:00,1.0,480.5,232.0,30.0,0.0,0.0,58.0,480.5,480.5,0.0,,0,"Value tier 1/2: less recent, occasional"
12633,2011-10-12 11:40:00,4.0,1929.98,1149.0,72.0,1.0,23.35,59.0,1906.63,482.495,20.0,76.37407407407407,1,"Value tier 2/2: recent, repeat"
12635,2011-09-11 11:04:00,2.0,1509.18,1162.0,95.0,0.0,0.0,90.0,1509.18,754.59,0.0,65.09791666666666,0,"Value tier 1/2: less recent, occasional"
12637,2011-10-03 13:46:00,8.0,5804.9,2983.0,204.0,1.0,14.65,68.0,5790.25,725.6125,11.11111111111111,36.58918650793651,1,"Value tier 2/2: recent, repeat"
12638,2011-11-06 13:11:00,1.0,511.69,573.0,38.0,0.0,0.0,34.0,511.69,511.69,0.0,,0,"Value tier 1/2: less recent, occasional"
12639,2011-04-15 12:48:00,1.0,366.1,198.0,21.0,0.0,0.0,239.0,366.1,366.1,0.0,,0,"Value tier 1/2: less recent, occasional"
12640,2011-11-16 11:52:00,3.0,994.58,301.0,46.0,0.0,0.0,24.0,994.58,331.5266666666667,0.0,28.996875,1,"Value tier 2/2: recent, repeat"
12641,2011-08-16 13:26:00,1.0,145.9,71.0,9.0,0.0,0.0,116.0,145.9,145.9,0.0,,0,"Value tier 1/2: less recent, occasional"
12642,2011-11-14 15:03:00,3.0,905.26,546.0,38.0,0.0,0.0,26.0,905.26,301.75333333333333,0.0,41.11805555555556,1,"Value tier 2/2: recent, repeat"
12643,2011-08-03 12:56:00,6.0,3041.64,1788.0,10.0,0.0,0.0,129.0,3041.64,506.94,0.0,40.809444444444445,1,"Value tier 2/2: recent, repeat"
12644,2011-08-02 10:33:00,1.0,477.91,325.0,31.0,0.0,0.0,130.0,477.91,477.91,0.0,,0,"Value tier 1/2: less recent, occasional"
12645,2011-11-06 12:38:00,4.0,1631.18,1076.0,57.0,1.0,19.799999999999997,34.0,1611.38,407.795,20.0,94.3263888888889,1,"Value tier 2/2: recent, repeat"
12646,2011-12-05 10:14:00,2.0,1346.97,897.0,43.0,0.0,0.0,5.0,1346.97,673.485,0.0,44.890277777777776,1,"Value tier 2/2: recent, repeat"
12647,2011-11-17 12:56:00,12.0,3146.82,1399.0,77.0,1.0,52.900000000000006,23.0,3093.92,262.235,7.6923076923076925,31.541287878787877,1,"Value tier 2/2: recent, repeat"
12648,2011-07-08 11:55:00,1.0,300.05,159.0,20.0,0.0,0.0,155.0,300.05,300.05,0.0,,0,"Value tier 1/2: less recent, occasional"
12649,2011-08-24 14:41:00,3.0,569.51,583.0,27.0,1.0,19.799999999999997,108.0,549.71,189.83666666666667,25.0,52.50138888888889,0,"Value tier 1/2: less recent, occasional"
12650,2011-12-06 16:34:00,1.0,242.44000000000003,250.0,19.0,0.0,0.0,4.0,242.44000000000003,242.44000000000003,0.0,,0,"Value tier 1/2: less recent, occasional"
12651,2011-01-09 12:46:00,1.0,114.0,78.0,9.0,0.0,0.0,335.0,114.0,114.0,0.0,,0,"Value tier 1/2: less recent, occasional"
12652,2011-01-12 15:00:00,1.0,793.98,498.0,47.0,1.0,5.45,332.0,788.53,793.98,50.0,,0,"Value tier 1/2: less recent, occasional"
12653,2011-07-14 10:41:00,2.0,2209.85,919.0,37.0,0.0,0.0,149.0,2209.85,1104.925,0.0,147.99166666666667,0,"Value tier 1/2: less recent, occasional"
12654,2011-11-29 10:10:00,5.0,529.98,260.0,30.0,0.0,0.0,11.0,529.98,105.99600000000001,0.0,71.21770833333333,1,"Value tier 2/2: recent, repeat"
12656,2011-11-22 13:42:00,5.0,3619.17,1699.0,88.0,3.0,68.44999999999999,18.0,3550.7200000000003,723.8340000000001,37.5,54.04548611111111,1,"Value tier 2/2: recent, repeat"
12657,2011-11-28 15:47:00,4.0,1427.18,1032.0,34.0,1.0,419.12,12.0,1008.0600000000001,356.795,20.0,22.39050925925926,1,"Value tier 2/2: recent, repeat"
12658,2011-11-21 10:22:00,1.0,632.05,317.0,35.0,0.0,0.0,19.0,632.05,632.05,0.0,,0,"Value tier 1/2: less recent, occasional"
12659,2011-11-10 11:53:00,1.0,73.68,104.0,4.0,0.0,0.0,30.0,73.68,73.68,0.0,,0,"Value tier 1/2: less recent, occasional"
12660,2011-11-28 13:26:00,1.0,227.1,126.0,12.0,0.0,0.0,12.0,227.1,227.1,0.0,,0,"Value tier 1/2: less recent, occasional"
12662,2011-12-09 11:59:00,11.0,3543.78,2041.0,128.0,1.0,32.699999999999996,1.0,3511.0800000000004,322.1618181818182,8.333333333333332,37.29548611111111,1,"Value tier 2/2: recent, repeat"
12664,2011-12-01 17:07:00,9.0,4391.88,1188.0,9.0,0.0,0.0,9.0,4391.88,487.9866666666667,0.0,39.27821180555556,1,"Value tier 2/2: recent, repeat"
12665,2011-01-19 08:34:00,1.0,45.0,36.0,2.0,1.0,1.25,325.0,43.75,45.0,50.0,,0,"Value tier 1/2: less recent, occasional"
12667,2011-10-12 17:00:00,1.0,460.13,391.0,32.0,0.0,0.0,59.0,460.13,460.13,0.0,,0,"Value tier 1/2: less recent, occasional"
12668,2011-11-28 10:56:00,4.0,3177.15,1599.0,114.0,2.0,63.970000000000006,12.0,3113.1800000000003,794.2875,33.33333333333333,114.6412037037037,1,"Value tier 2/2: recent, repeat"
12669,2011-07-12 09:54:00,2.0,1427.73,1104.0,96.0,0.0,0.0,151.0,1427.73,713.865,0.0,105.98541666666667,0,"Value tier 1/2: less recent, occasional"
12670,2011-11-29 15:23:00,5.0,2744.05,1383.0,57.0,1.0,9.9,11.0,2734.15,548.8100000000001,16.666666666666664,55.55329861111111,1,"Value tier 2/2: recent, repeat"
12672,2011-01-14 09:20:00,1.0,225.89999999999998,78.0,10.0,0.0,0.0,330.0,225.89999999999998,225.89999999999998,0.0,,0,"Value tier 1/2: less recent, occasional"
12673,2011-12-04 13:55:00,2.0,574.52,349.0,41.0,0.0,0.0,6.0,574.52,287.26,0.0,321.08958333333334,1,"Value tier 2/2: recent, repeat"
12674,2011-11-01 12:12:00,4.0,1844.6,1126.0,51.0,3.0,48.34,39.0,1796.26,461.15,42.857142857142854,56.37546296296296,1,"Value tier 2/2: recent, repeat"
12676,2011-11-15 12:25:00,6.0,1091.39,664.0,32.0,0.0,0.0,25.0,1091.39,181.89833333333334,0.0,57.37277777777778,1,"Value tier 2/2: recent, repeat"
12678,2011-10-28 13:04:00,9.0,16331.46,10900.0,103.0,1.0,40.2,43.0,16291.259999999998,1814.6066666666666,10.0,38.86788194444445,1,"Value tier 2/2: recent, repeat"
12679,2011-10-12 12:30:00,4.0,951.02,545.0,42.0,5.0,54.349999999999994,59.0,896.67,237.755,55.55555555555556,75.00092592592593,0,"Value tier 1/2: less recent, occasional"
12680,2011-12-09 12:50:00,4.0,790.81,439.0,32.0,0.0,0.0,1.0,790.81,197.7025,0.0,37.62638888888889,1,"Value tier 2/2: recent, repeat"
12681,2011-11-25 11:33:00,22.0,12365.54,7457.0,266.0,4.0,55.95,15.0,12309.59,562.07,15.384615384615385,16.812334656084655,1,"Value tier 2/2: recent, repeat"
12682,2011-12-06 10:00:00,31.0,11019.82,5485.0,208.0,0.0,0.0,4.0,11019.82,355.478064516129,0.0,12.26113425925926,1,"Value tier 2/2: recent, repeat"
12683,2011-12-05 16:28:00,14.0,7612.57,4934.0,176.0,5.0,255.48000000000002,5.0,7357.09,543.755,26.31578947368421,27.787980769230767,1,"Value tier 2/2: recent, repeat"
12684,2011-12-02 09:53:00,6.0,2073.63,1973.0,59.0,0.0,0.0,8.0,2073.63,345.605,0.0,41.17472222222222,1,"Value tier 2/2: recent, repeat"
12685,2011-11-11 13:46:00,6.0,2575.08,1507.0,116.0,0.0,0.0,29.0,2575.08,429.18,0.0,13.0275,1,"Value tier 2/2: recent, repeat"
12686,2010-12-03 09:51:00,1.0,71.14,106.0,6.0,0.0,0.0,372.0,71.14,71.14,0.0,,0,"Value tier 1/2: less recent, occasional"
12688,2011-08-18 08:49:00,1.0,4873.8099999999995,3028.0,171.0,0.0,0.0,114.0,4873.8099999999995,4873.8099999999995,0.0,,0,"Value tier 1/2: less recent, occasional"
12689,2011-11-14 08:31:00,2.0,1139.61,622.0,56.0,0.0,0.0,26.0,1139.61,569.805,0.0,101.93541666666667,0,"Value tier 1/2: less recent, occasional"
12690,2011-05-18 09:09:00,1.0,335.01,103.0,15.0,0.0,0.0,206.0,335.01,335.01,0.0,,0,"Value tier 1/2: less recent, occasional"
12691,2011-11-11 16:49:00,5.0,927.8,388.0,20.0,0.0,0.0,29.0,927.8,185.56,0.0,82.27135416666667,1,"Value tier 2/2: recent, repeat"
12693,2011-08-04 17:51:00,4.0,711.91,247.0,34.0,2.0,24.95,128.0,686.9599999999999,177.9775,33.33333333333333,64.06782407407407,0,"Value tier 1/2: less recent, occasional"
12694,2011-09-30 13:06:00,2.0,761.67,503.0,31.0,0.0,0.0,71.0,761.67,380.835,0.0,112.80416666666666,0,"Value tier 1/2: less recent, occasional"
12695,2011-12-02 13:22:00,4.0,582.1,220.0,23.0,0.0,0.0,8.0,582.1,145.525,0.0,67.66828703703703,1,"Value tier 2/2: recent, repeat"
12697,2011-11-11 08:47:00,3.0,757.59,503.0,36.0,2.0,18.57,29.0,739.02,252.53,40.0,70.35520833333334,0,"Value tier 1/2: less recent, occasional"
12700,2011-12-02 10:47:00,4.0,4525.99,2944.0,192.0,0.0,0.0,8.0,4525.99,1131.4975,0.0,69.25856481481482,1,"Value tier 2/2: recent, repeat"
12701,2011-09-21 10:47:00,2.0,725.71,674.0,49.0,0.0,0.0,80.0,725.71,362.855,0.0,162.90625,0,"Value tier 1/2: less recent, occasional"
12702,2011-11-20 10:36:00,1.0,201.0,52.0,11.0,0.0,0.0,20.0,201.0,201.0,0.0,,0,"Value tier 1/2: less recent, occasional"
12703,2011-09-29 17:52:00,1.0,265.55,163.0,20.0,1.0,8.850000000000001,72.0,256.7,265.55,50.0,,0,"Value tier 1/2: less recent, occasional"
12704,2011-12-02 13:15:00,8.0,1740.84,991.0,63.0,0.0,0.0,8.0,1740.84,217.605,0.0,23.160218253968253,1,"Value tier 2/2: recent, repeat"
12705,2011-11-24 13:17:00,8.0,6382.29,3970.0,227.0,5.0,54.05,16.0,6328.24,797.78625,38.46153846153847,48.84117063492063,1,"Value tier 2/2: recent, repeat"
12707,2011-02-21 08:38:00,1.0,603.42,256.0,33.0,0.0,0.0,292.0,603.42,603.42,0.0,,0,"Value tier 1/2: less recent, occasional"
12708,2011-11-10 09:52:00,10.0,2442.91,1292.0,85.0,6.0,96.58999999999999,30.0,2346.3199999999997,244.291,37.5,37.66273148148148,1,"Value tier 2/2: recent, repeat"
12709,2011-11-24 15:38:00,15.0,9400.52,3895.0,92.0,11.0,440.77000000000004,16.0,8959.75,626.7013333333333,42.30769230769231,25.088740079365078,1,"Value tier 2/2: recent, repeat"
12710,2011-09-04 12:00:00,3.0,1023.02,844.0,74.0,1.0,18.45,97.0,1004.5699999999999,341.00666666666666,25.0,52.45659722222223,0,"Value tier 1/2: less recent, occasional"
12712,2011-11-11 08:19:00,13.0,3928.13,1036.0,57.0,4.0,136.5,29.0,3791.63,302.1638461538462,23.52941176470588,28.561863425925925,1,"Value tier 2/2: recent, repeat"
12713,2011-12-09 12:16:00,1.0,794.55,505.0,37.0,0.0,0.0,1.0,794.55,794.55,0.0,,1,"Value tier 2/2: recent, repeat"
12714,2011-11-30 15:43:00,5.0,4294.86,3046.0,215.0,0.0,0.0,10.0,4294.86,858.972,0.0,71.30034722222223,1,"Value tier 2/2: recent, repeat"
12715,2011-08-25 15:22:00,1.0,263.36,190.0,19.0,0.0,0.0,107.0,263.36,263.36,0.0,,0,"Value tier 1/2: less recent, occasional"
12716,2011-12-06 08:55:00,2.0,963.49,703.0,59.0,0.0,0.0,4.0,963.49,481.745,0.0,129.81041666666667,1,"Value tier 2/2: recent, repeat"
12717,2011-07-11 14:47:00,2.0,830.98,502.0,48.0,0.0,0.0,152.0,830.98,415.49,0.0,94.17708333333333,0,"Value tier 1/2: less recent, occasional"
12718,2011-09-29 16:38:00,1.0,202.25,201.0,18.0,0.0,0.0,72.0,202.25,202.25,0.0,,0,"Value tier 1/2: less recent, occasional"
12719,2011-12-04 13:45:00,2.0,572.95,370.0,33.0,1.0,36.85000000000001,6.0,536.1,286.475,33.33333333333333,59.954861111111114,1,"Value tier 2/2: recent, repeat"
12720,2011-12-07 08:03:00,25.0,5115.7300000000005,4635.0,210.0,3.0,50.45,3.0,5065.280000000001,204.62920000000003,10.714285714285714,15.278993055555555,1,"Value tier 2/2: recent, repeat"
12721,2011-11-08 12:13:00,6.0,2386.13,1944.0,132.0,1.0,27.15,32.0,2358.98,397.68833333333333,14.285714285714285,64.6048611111111,1,"Value tier 2/2: recent, repeat"
12722,2011-09-15 14:50:00,4.0,979.63,565.0,49.0,2.0,93.3,86.0,886.33,244.9075,33.33333333333333,21.707175925925927,0,"Value tier 1/2: less recent, occasional"
12723,2011-12-06 10:19:00,5.0,707.07,433.0,52.0,0.0,0.0,4.0,707.07,141.41400000000002,0.0,15.4421875,1,"Value tier 2/2: recent, repeat"
12724,2011-12-04 16:02:00,4.0,923.41,439.0,46.0,0.0,0.0,6.0,923.41,230.8525,0.0,109.01435185185186,1,"Value tier 2/2: recent, repeat"
12725,2010-12-03 15:45:00,1.0,371.8,162.0,23.0,0.0,0.0,372.0,371.8,371.8,0.0,,0,"Value tier 1/2: less recent, occasional"
12726,2011-11-11 13:35:00,7.0,2411.1,3132.0,56.0,0.0,0.0,29.0,2411.1,344.4428571428571,0.0,54.83784722222222,1,"Value tier 2/2: recent, repeat"
12727,2011-11-29 11:46:00,7.0,3440.7,2068.0,108.0,1.0,15.0,11.0,3425.7,491.5285714285714,12.5,51.64224537037037,1,"Value tier 2/2: recent, repeat"
12728,2011-09-29 15:31:00,4.0,728.33,413.0,37.0,0.0,0.0,72.0,728.33,182.0825,0.0,87.02777777777777,0,"Value tier 1/2: less recent, occasional"
12729,2011-08-18 11:40:00,1.0,417.01,231.0,25.0,0.0,0.0,114.0,417.01,417.01,0.0,,0,"Value tier 1/2: less recent, occasional"
12731,2011-11-16 11:59:00,12.0,18751.91,8429.0,108.0,2.0,91.5,24.0,18660.41,1562.6591666666666,14.285714285714285,31.003977272727273,1,"Value tier 2/2: recent, repeat"
12732,2011-06-13 11:33:00,1.0,218.26000000000002,110.0,11.0,0.0,0.0,180.0,218.26000000000002,218.26000000000002,0.0,,0,"Value tier 1/2: less recent, occasional"
12733,2011-04-19 16:19:00,1.0,383.95,137.0,22.0,0.0,0.0,235.0,383.95,383.95,0.0,,0,"Value tier 1/2: less recent, occasional"
12734,2010-12-22 12:47:00,1.0,110.39999999999999,88.0,4.0,0.0,0.0,353.0,110.39999999999999,110.39999999999999,0.0,,0,"Value tier 1/2: less recent, occasional"
12735,2011-01-28 13:37:00,2.0,689.5699999999999,363.0,37.0,0.0,0.0,316.0,689.5699999999999,344.78499999999997,0.0,21.965972222222224,0,"Value tier 1/2: less recent, occasional"
12736,2011-01-11 07:57:00,1.0,144.0,168.0,3.0,0.0,0.0,333.0,144.0,144.0,0.0,,0,"Value tier 1/2: less recent, occasional"
12738,2010-12-02 18:27:00,1.0,137.35,147.0,10.0,0.0,0.0,373.0,137.35,137.35,0.0,,0,"Value tier 1/2: less recent, occasional"
12739,2011-09-01 17:45:00,1.0,975.54,485.0,37.0,0.0,0.0,100.0,975.54,975.54,0.0,,0,"Value tier 1/2: less recent, occasional"
12740,2011-10-07 10:44:00,1.0,427.6,342.0,27.0,0.0,0.0,64.0,427.6,427.6,0.0,,0,"Value tier 1/2: less recent, occasional"
12743,2011-07-28 16:21:00,2.0,540.13,315.0,114.0,0.0,0.0,135.0,540.13,270.065,0.0,0.010416666666666666,0,"Value tier 1/2: less recent, occasional"
12744,2011-10-14 14:54:00,4.0,9120.39,5234.0,177.0,0.0,0.0,57.0,9120.39,2280.0975,0.0,87.35370370370372,1,"Value tier 2/2: recent, repeat"
12747,2011-12-07 14:34:00,11.0,4196.01,1275.0,42.0,0.0,0.0,3.0,4196.01,381.4554545454546,0.0,36.69555555555556,1,"Value tier 2/2: recent, repeat"
12748,2011-12-09 12:20:00,206.0,31650.78,25051.0,1766.0,11.0,1830.7900000000002,1.0,29819.989999999998,153.6445631067961,5.0691244239631335,1.8194173441734418,1,"Value tier 2/2: recent, repeat"
12749,2011-12-06 09:56:00,5.0,4040.88,1470.0,159.0,3.0,222.68,4.0,3818.2000000000003,808.176,37.5,52.442881944444444,1,"Value tier 2/2: recent, repeat"
12750,2011-08-03 09:13:00,1.0,275.88,137.0,15.0,0.0,0.0,129.0,275.88,275.88,0.0,,0,"Value tier 1/2: less recent, occasional"
12752,2011-09-19 13:32:00,1.0,4366.78,2262.0,53.0,0.0,0.0,82.0,4366.78,4366.78,0.0,,0,"Value tier 1/2: less recent, occasional"
12753,2011-11-17 10:52:00,6.0,21429.39,11421.0,132.0,5.0,405.38000000000005,23.0,21024.01,3571.565,45.45454545454545,67.99277777777777,1,"Value tier 2/2: recent, repeat"
12754,2011-04-18 09:00:00,3.0,3010.74,6481.0,49.0,0.0,0.0,236.0,3010.74,1003.5799999999999,0.0,36.46840277777778,0,"Value tier 1/2: less recent, occasional"
12755,2011-03-04 12:42:00,2.0,3811.95,1491.0,4.0,1.0,1591.1999999999998,281.0,2220.75,1905.975,33.33333333333333,85.08194444444445,0,"Value tier 1/2: less recent, occasional"
12756,2011-09-14 09:31:00,1.0,112.07999999999998,144.0,4.0,0.0,0.0,87.0,112.07999999999998,112.07999999999998,0.0,,0,"Value tier 1/2: less recent, occasional"
12757,2011-11-24 12:30:00,9.0,4176.75,2387.0,235.0,1.0,15.0,16.0,4161.75,464.0833333333333,10.0,24.466059027777778,1,"Value tier 2/2: recent, repeat"
12758,2011-08-15 10:22:00,2.0,2791.59,2135.0,84.0,0.0,0.0,117.0,2791.59,1395.795,0.0,159.9284722222222,0,"Value tier 1/2: less recent, occasional"
12759,2011-10-18 14:49:00,3.0,1411.44,894.0,80.0,0.0,0.0,53.0,1411.44,470.48,0.0,111.63888888888889,1,"Value tier 2/2: recent, repeat"
12762,2011-12-02 10:23:00,2.0,1702.52,1220.0,61.0,0.0,0.0,8.0,1702.52,851.26,0.0,17.833333333333332,1,"Value tier 2/2: recent, repeat"
12763,2011-07-24 14:12:00,2.0,494.08,316.0,16.0,0.0,0.0,139.0,494.08,247.04,0.0,230.93472222222223,0,"Value tier 1/2: less recent, occasional"
12764,2011-01-27 10:19:00,1.0,1693.88,386.0,45.0,0.0,0.0,317.0,1693.88,1693.88,0.0,,0,"Value tier 1/2: less recent, occasional"
12766,2011-12-06 08:46:00,7.0,6457.63,3627.0,204.0,0.0,0.0,4.0,6457.63,922.5185714285715,0.0,60.4644675925926,1,"Value tier 2/2: recent, repeat"
12769,2011-04-15 10:25:00,1.0,1143.6,356.0,32.0,0.0,0.0,239.0,1143.6,1143.6,0.0,,0,"Value tier 1/2: less recent, occasional"
12770,2011-05-13 09:33:00,1.0,1351.45,743.0,12.0,0.0,0.0,211.0,1351.45,1351.45,0.0,,0,"Value tier 1/2: less recent, occasional"
12772,2011-10-11 09:19:00,1.0,752.47,551.0,54.0,0.0,0.0,60.0,752.47,752.47,0.0,,0,"Value tier 1/2: less recent, occasional"
12775,2011-11-22 16:33:00,5.0,1281.04,870.0,46.0,1.0,34.8,18.0,1246.24,256.20799999999997,16.666666666666664,73.52916666666667,1,"Value tier 2/2: recent, repeat"
12778,2011-11-20 11:30:00,6.0,693.23,817.0,39.0,0.0,0.0,20.0,693.23,115.53833333333334,0.0,58.574305555555554,1,"Value tier 2/2: recent, repeat"
12779,2011-11-02 11:43:00,8.0,3981.36,2024.0,88.0,4.0,112.66,38.0,3868.7000000000003,497.67,33.33333333333333,47.70267857142857,1,"Value tier 2/2: recent, repeat"
12781,2011-10-07 10:37:00,2.0,786.74,670.0,24.0,2.0,115.02,64.0,671.72,393.37,50.0,221.07916666666668,0,"Value tier 1/2: less recent, occasional"
12782,2011-12-05 09:16:00,5.0,1938.92,1072.0,80.0,1.0,57.6,5.0,1881.3200000000002,387.784,16.666666666666664,88.22673611111111,1,"Value tier 2/2: recent, repeat"
12783,2011-12-07 15:56:00,4.0,1295.87,611.0,74.0,0.0,0.0,3.0,1295.87,323.9675,0.0,24.338194444444444,1,"Value tier 2/2: recent, repeat"
12784,2011-11-24 12:53:00,1.0,476.82,278.0,53.0,0.0,0.0,16.0,476.82,476.82,0.0,,0,"Value tier 1/2: less recent, occasional"
12785,2010-12-10 13:48:00,1.0,255.95,129.0,13.0,1.0,6.24,365.0,249.70999999999998,255.95,50.0,,0,"Value tier 1/2: less recent, occasional"
12787,2011-11-30 08:44:00,3.0,418.66,258.0,16.0,0.0,0.0,10.0,418.66,139.55333333333334,0.0,91.48194444444445,1,"Value tier 2/2: recent, repeat"
12789,2011-10-05 13:34:00,1.0,76.85,3.0,3.0,0.0,0.0,66.0,76.85,76.85,0.0,,0,"Value tier 1/2: less recent, occasional"
12790,2011-05-31 14:14:00,1.0,294.92,164.0,20.0,0.0,0.0,193.0,294.92,294.92,0.0,,0,"Value tier 1/2: less recent, occasional"
12791,2010-12-01 11:27:00,1.0,177.60000000000002,96.0,1.0,0.0,0.0,374.0,177.60000000000002,177.60000000000002,0.0,,0,"Value tier 1/2: less recent, occasional"
12792,2011-03-28 11:36:00,1.0,344.53999999999996,215.0,24.0,0.0,0.0,257.0,344.53999999999996,344.53999999999996,0.0,,0,"Value tier 1/2: less recent, occasional"
12793,2011-01-09 12:12:00,2.0,461.48,292.0,20.0,0.0,0.0,335.0,461.48,230.74,0.0,36.87361111111111,0,"Value tier 1/2: less recent, occasional"
12794,2011-10-17 14:54:00,2.0,860.41,592.0,43.0,0.0,0.0,54.0,860.41,430.205,0.0,45.12013888888889,0,"Value tier 1/2: less recent, occasional"
12795,2011-11-21 10:27:00,1.0,318.48,64.0,13.0,0.0,0.0,19.0,318.48,318.48,0.0,,0,"Value tier 1/2: less recent, occasional"
12797,2010-12-09 10:55:00,1.0,226.03,117.0,12.0,2.0,59.85,366.0,166.18,226.03,66.66666666666666,,0,"Value tier 1/2: less recent, occasional"
12798,2011-11-29 15:52:00,3.0,6977.04,5256.0,6.0,0.0,0.0,11.0,6977.04,2325.68,0.0,80.11840277777777,1,"Value tier 2/2: recent, repeat"
12802,2011-06-06 09:36:00,1.0,397.58,312.0,24.0,1.0,15.0,187.0,382.58,397.58,50.0,,0,"Value tier 1/2: less recent, occasional"
12808,2011-11-03 10:05:00,3.0,455.65000000000003,187.0,26.0,0.0,0.0,37.0,455.65000000000003,151.88333333333335,0.0,165.9923611111111,0,"Value tier 1/2: less recent, occasional"
12809,2011-06-15 10:51:00,1.0,405.31,217.0,24.0,1.0,4.95,178.0,400.36,405.31,50.0,,0,"Value tier 1/2: less recent, occasional"
12811,2011-03-23 10:55:00,2.0,458.85,227.0,26.0,0.0,0.0,262.0,458.85,229.425,0.0,22.802777777777777,0,"Value tier 1/2: less recent, occasional"
12812,2011-10-26 09:54:00,1.0,229.64000000000001,164.0,15.0,0.0,0.0,45.0,229.64000000000001,229.64000000000001,0.0,,0,"Value tier 1/2: less recent, occasional"
12814,2011-08-30 12:11:00,1.0,85.92,48.0,1.0,0.0,0.0,102.0,85.92,85.92,0.0,,0,"Value tier 1/2: less recent, occasional"
12815,2011-07-15 10:21:00,2.0,863.46,374.0,37.0,0.0,0.0,148.0,863.46,431.73,0.0,50.865972222222226,0,"Value tier 1/2: less recent, occasional"
12816,2011-09-05 12:41:00,2.0,452.20000000000005,125.0,26.0,0.0,0.0,96.0,452.20000000000005,226.10000000000002,0.0,80.97013888888888,0,"Value tier 1/2: less recent, occasional"
12817,2011-03-03 16:28:00,1.0,126.03999999999999,52.0,3.0,0.0,0.0,282.0,126.03999999999999,126.03999999999999,0.0,,0,"Value tier 1/2: less recent, occasional"
12818,2011-03-23 12:06:00,1.0,1182.0800000000002,920.0,13.0,1.0,24.2,262.0,1157.88,1182.0800000000002,50.0,,0,"Value tier 1/2: less recent, occasional"
12820,2011-12-06 15:12:00,4.0,942.34,722.0,55.0,0.0,0.0,4.0,942.34,235.585,0.0,107.70324074074074,1,"Value tier 2/2: recent, repeat"
12821,2011-05-09 15:51:00,1.0,92.72,70.0,6.0,0.0,0.0,215.0,92.72,92.72,0.0,,0,"Value tier 1/2: less recent, occasional"
12822,2011-09-30 10:04:00,2.0,948.88,550.0,41.0,1.0,29.9,71.0,918.98,474.44,33.33333333333333,16.845833333333335,0,"Value tier 1/2: less recent, occasional"
12823,2011-09-26 07:35:00,5.0,1759.5,230.0,1.0,0.0,0.0,75.0,1759.5,351.9,0.0,55.451388888888886,1,"Value tier 2/2: recent, repeat"
12824,2011-10-11 12:49:00,1.0,397.12,232.0,25.0,0.0,0.0,60.0,397.12,397.12,0.0,,0,"Value tier 1/2: less recent, occasional"
12826,2011-12-07 10:25:00,7.0,1474.72,1058.0,58.0,1.0,6.6,3.0,1468.1200000000001,210.67428571428573,12.5,60.465740740740735,1,"Value tier 2/2: recent, repeat"
12827,2011-12-04 12:17:00,3.0,430.15000000000003,197.0,19.0,0.0,0.0,6.0,430.15000000000003,143.38333333333335,0.0,19.428125,1,"Value tier 2/2: recent, repeat"
12828,2011-12-07 08:45:00,6.0,1018.71,494.0,46.0,0.0,0.0,3.0,1018.71,169.785,0.0,25.53736111111111,1,"Value tier 2/2: recent, repeat"
12829,2011-01-07 11:13:00,2.0,293.0,376.0,9.0,1.0,39.95,337.0,253.05,146.5,33.33333333333333,23.846527777777776,0,"Value tier 1/2: less recent, occasional"
12830,2011-11-02 11:54:00,6.0,6814.64,9848.0,13.0,0.0,0.0,38.0,6814.64,1135.7733333333333,0.0,26.808472222222225,1,"Value tier 2/2: recent, repeat"
12831,2011-03-22 13:02:00,1.0,215.05,135.0,9.0,0.0,0.0,263.0,215.05,215.05,0.0,,0,"Value tier 1/2: less recent, occasional"
12832,2011-11-07 13:30:00,2.0,383.03,195.0,27.0,0.0,0.0,33.0,383.03,191.515,0.0,65.9875,0,"Value tier 1/2: less recent, occasional"
12833,2011-07-17 13:46:00,1.0,417.38,156.0,24.0,0.0,0.0,146.0,417.38,417.38,0.0,,0,"Value tier 1/2: less recent, occasional"
12834,2011-03-02 09:49:00,1.0,312.38,110.0,18.0,0.0,0.0,283.0,312.38,312.38,0.0,,0,"Value tier 1/2: less recent, occasional"
12836,2011-10-11 15:10:00,4.0,2610.36,1062.0,148.0,0.0,0.0,60.0,2610.36,652.59,0.0,84.05347222222223,1,"Value tier 2/2: recent, repeat"
12837,2011-06-19 16:07:00,1.0,134.1,24.0,12.0,0.0,0.0,174.0,134.1,134.1,0.0,,0,"Value tier 1/2: less recent, occasional"
12838,2011-11-06 12:20:00,2.0,671.95,355.0,115.0,0.0,0.0,34.0,671.95,335.975,0.0,340.0159722222222,0,"Value tier 1/2: less recent, occasional"
12839,2011-12-07 12:33:00,14.0,5591.42,3807.0,95.0,1.0,3.3,3.0,5588.12,399.38714285714286,6.666666666666667,28.06650641025641,1,"Value tier 2/2: recent, repeat"
12840,2011-07-19 09:29:00,4.0,2726.77,1511.0,67.0,2.0,12.5,144.0,2714.27,681.6925,33.33333333333333,27.626851851851853,1,"Value tier 2/2: recent, repeat"
12841,2011-12-05 11:13:00,25.0,3991.58,2720.0,229.0,1.0,145.95,5.0,3845.63,159.6632,3.8461538461538463,15.292534722222223,1,"Value tier 2/2: recent, repeat"
12842,2011-09-30 15:33:00,2.0,1118.99,547.0,34.0,0.0,0.0,71.0,1118.99,559.495,0.0,238.12291666666667,0,"Value tier 1/2: less recent, occasional"
12843,2011-10-05 12:09:00,8.0,1702.26,781.0,69.0,1.0,21.500000000000004,66.0,1680.76,212.7825,11.11111111111111,28.413789682539683,1,"Value tier 2/2: recent, repeat"
12844,2011-11-10 13:31:00,2.0,325.96000000000004,125.0,47.0,0.0,0.0,30.0,325.96000000000004,162.98000000000002,0.0,101.01388888888889,0,"Value tier 1/2: less recent, occasional"
12845,2011-03-17 13:34:00,4.0,354.09,204.0,26.0,0.0,0.0,268.0,354.09,88.5225,0.0,7.658333333333332,0,"Value tier 1/2: less recent, occasional"
12847,2011-11-17 13:16:00,1.0,843.64,873.0,72.0,0.0,0.0,23.0,843.64,843.64,0.0,,0,"Value tier 1/2: less recent, occasional"
12849,2011-11-08 13:41:00,2.0,992.65,579.0,46.0,0.0,0.0,32.0,992.65,496.325,0.0,237.05208333333334,0,"Value tier 1/2: less recent, occasional"
12851,2011-09-04 12:41:00,1.0,131.81,106.0,43.0,0.0,0.0,97.0,131.81,131.81,0.0,,0,"Value tier 1/2: less recent, occasional"
12852,2011-02-18 08:47:00,1.0,311.55,149.0,17.0,1.0,11.8,295.0,299.75,311.55,50.0,,0,"Value tier 1/2: less recent, occasional"
12853,2011-07-28 11:29:00,6.0,1957.1000000000001,800.0,66.0,3.0,75.4,135.0,1881.7,326.18333333333334,33.33333333333333,36.20847222222222,1,"Value tier 2/2: recent, repeat"
12854,2011-09-22 12:15:00,3.0,1316.25,626.0,95.0,2.0,35.35,79.0,1280.9,438.75,40.0,119.97222222222223,0,"Value tier 1/2: less recent, occasional"
12855,2010-12-02 09:37:00,1.0,38.1,30.0,3.0,0.0,0.0,373.0,38.1,38.1,0.0,,0,"Value tier 1/2: less recent, occasional"
12856,2011-12-02 10:52:00,6.0,2170.78,1076.0,155.0,2.0,17.25,8.0,2153.53,361.7966666666667,25.0,11.185277777777777,1,"Value tier 2/2: recent, repeat"
12857,2011-05-13 10:20:00,2.0,1106.4,343.0,37.0,0.0,0.0,211.0,1106.4,553.2,0.0,91.90833333333333,0,"Value tier 1/2: less recent, occasional"
12863,2011-10-18 14:15:00,1.0,521.2,188.0,5.0,1.0,17.0,53.0,504.20000000000005,521.2,50.0,,0,"Value tier 1/2: less recent, occasional"
12864,2011-07-24 13:03:00,1.0,147.12,216.0,3.0,0.0,0.0,139.0,147.12,147.12,0.0,,0,"Value tier 1/2: less recent, occasional"
12865,2011-11-13 14:31:00,2.0,1568.23,925.0,86.0,1.0,20.16,27.0,1548.07,784.115,33.33333333333333,97.18055555555556,1,"Value tier 2/2: recent, repeat"
12866,2011-03-01 14:11:00,1.0,499.12,167.0,25.0,0.0,0.0,284.0,499.12,499.12,0.0,,0,"Value tier 1/2: less recent, occasional"
12867,2011-11-13 15:30:00,7.0,4009.34,4284.0,240.0,3.0,46.35,27.0,3962.9900000000002,572.7628571428571,30.0,55.658680555555556,1,"Value tier 2/2: recent, repeat"
12868,2011-06-07 10:42:00,6.0,1607.0600000000002,928.0,72.0,0.0,0.0,186.0,1607.0600000000002,267.84333333333336,0.0,37.58222222222222,1,"Value tier 2/2: recent, repeat"
12871,2011-09-16 15:07:00,2.0,380.64,200.0,8.0,0.0,0.0,85.0,380.64,190.32,0.0,123.06597222222223,0,"Value tier 1/2: less recent, occasional"
12872,2011-01-17 10:52:00,2.0,599.97,319.0,58.0,0.0,0.0,327.0,599.97,299.985,0.0,38.83888888888889,0,"Value tier 1/2: less recent, occasional"
12873,2011-03-02 14:58:00,1.0,374.0,128.0,4.0,0.0,0.0,283.0,374.0,374.0,0.0,,0,"Value tier 1/2: less recent, occasional"
12875,2011-07-19 15:30:00,2.0,343.2300000000001,2019.0,1.0,0.0,0.0,144.0,343.2300000000001,171.61500000000004,0.0,219.14375,0,"Value tier 1/2: less recent, occasional"
12876,2011-10-13 12:26:00,2.0,2053.02,1930.0,66.0,0.0,0.0,58.0,2053.02,1026.51,0.0,138.95277777777778,0,"Value tier 1/2: less recent, occasional"
12877,2011-12-06 10:30:00,12.0,1535.77,1178.0,100.0,0.0,0.0,4.0,1535.77,127.98083333333334,0.0,32.26559343434344,1,"Value tier 2/2: recent, repeat"
12878,2011-04-17 13:07:00,2.0,854.99,547.0,38.0,1.0,13.35,237.0,841.64,427.495,33.33333333333333,29.961805555555557,0,"Value tier 1/2: less recent, occasional"
12879,2011-10-26 12:24:00,3.0,573.22,370.0,7.0,1.0,20.650000000000002,45.0,552.57,191.07333333333335,25.0,23.504513888888887,0,"Value tier 1/2: less recent, occasional"
12881,2011-03-09 11:44:00,1.0,298.0,21.0,7.0,0.0,0.0,276.0,298.0,298.0,0.0,,0,"Value tier 1/2: less recent, occasional"
12882,2011-11-30 16:18:00,2.0,1463.04,246.0,12.0,0.0,0.0,10.0,1463.04,731.52,0.0,24.205555555555556,1,"Value tier 2/2: recent, repeat"
12883,2011-11-15 09:32:00,4.0,703.47,196.0,39.0,0.0,0.0,25.0,703.47,175.8675,0.0,21.586574074074075,1,"Value tier 2/2: recent, repeat"
12884,2011-09-12 13:10:00,1.0,309.05,43.0,7.0,0.0,0.0,89.0,309.05,309.05,0.0,,0,"Value tier 1/2: less recent, occasional"
12885,2011-10-07 13:40:00,3.0,1175.22,655.0,66.0,1.0,16.95,64.0,1158.27,391.74,25.0,30.039930555555557,0,"Value tier 1/2: less recent, occasional"
12886,2011-10-03 10:09:00,2.0,1378.4,770.0,75.0,1.0,27.310000000000002,68.0,1351.0900000000001,689.2,33.33333333333333,151.95,0,"Value tier 1/2: less recent, occasional"
12888,2011-05-09 16:02:00,2.0,354.12,76.0,4.0,2.0,40.349999999999994,215.0,313.77,177.06,50.0,41.06319444444444,0,"Value tier 1/2: less recent, occasional"
12890,2011-11-15 17:26:00,1.0,376.71999999999997,256.0,78.0,0.0,0.0,25.0,376.71999999999997,376.71999999999997,0.0,,0,"Value tier 1/2: less recent, occasional"
12891,2011-06-07 12:31:00,3.0,331.0,950.0,2.0,0.0,0.0,186.0,331.0,110.33333333333333,0.0,53.521875,0,"Value tier 1/2: less recent, occasional"
12893,2011-11-09 12:34:00,1.0,176.55,90.0,27.0,0.0,0.0,31.0,176.55,176.55,0.0,,0,"Value tier 1/2: less recent, occasional"
12895,2011-10-28 13:51:00,2.0,372.8,210.0,22.0,1.0,25.5,43.0,347.3,186.4,33.33333333333333,44.21944444444444,0,"Value tier 1/2: less recent, occasional"
12897,2011-05-19 12:13:00,2.0,216.5,110.0,3.0,0.0,0.0,205.0,216.5,108.25,0.0,97.02291666666666,0,"Value tier 1/2: less recent, occasional"
12901,2011-12-01 10:07:00,28.0,17654.54,23075.0,30.0,6.0,1338.4,9.0,16316.140000000001,630.5192857142857,17.647058823529413,9.702829218106997,1,"Value tier 2/2: recent, repeat"
12902,2011-03-20 12:06:00,1.0,138.68,66.0,10.0,0.0,0.0,265.0,138.68,138.68,0.0,,0,"Value tier 1/2: less recent, occasional"
12904,2011-11-21 14:34:00,2.0,496.06,294.0,59.0,0.0,0.0,19.0,496.06,248.03,0.0,154.05277777777778,0,"Value tier 1/2: less recent, occasional"
12906,2011-11-28 09:55:00,5.0,2919.81,1749.0,55.0,0.0,0.0,12.0,2919.81,583.962,0.0,16.696527777777778,1,"Value tier 2/2: recent, repeat"
12908,2011-06-16 15:39:00,2.0,750.0,1200.0,1.0,1.0,390.0,177.0,360.0,375.0,33.33333333333333,136.1263888888889,0,"Value tier 1/2: less recent, occasional"
12909,2011-10-31 12:43:00,5.0,2178.67,1280.0,78.0,3.0,49.84,40.0,2128.83,435.73400000000004,37.5,53.49861111111111,1,"Value tier 2/2: recent, repeat"
12910,2011-11-16 14:28:00,8.0,3075.04,1692.0,48.0,0.0,0.0,24.0,3075.04,384.38,0.0,31.16934523809524,1,"Value tier 2/2: recent, repeat"
12912,2011-12-07 08:55:00,5.0,1662.3,670.0,17.0,0.0,0.0,3.0,1662.3,332.46,0.0,9.472222222222221,1,"Value tier 2/2: recent, repeat"
12913,2011-12-05 12:11:00,5.0,2483.63,1419.0,37.0,0.0,0.0,5.0,2483.63,496.726,0.0,90.95399305555554,1,"Value tier 2/2: recent, repeat"
12915,2011-07-14 11:34:00,2.0,363.65,93.0,19.0,0.0,0.0,149.0,363.65,181.825,0.0,223.95902777777778,0,"Value tier 1/2: less recent, occasional"
12916,2011-07-24 10:35:00,4.0,2944.95,1083.0,53.0,1.0,23.799999999999997,139.0,2921.1499999999996,736.2375,20.0,60.66481481481481,1,"Value tier 2/2: recent, repeat"
12917,2011-08-03 16:42:00,1.0,594.0,120.0,2.0,0.0,0.0,129.0,594.0,594.0,0.0,,0,"Value tier 1/2: less recent, occasional"
12919,2011-12-01 13:47:00,6.0,1335.19,673.0,34.0,2.0,33.75,9.0,1301.44,222.53166666666667,25.0,32.23680555555556,1,"Value tier 2/2: recent, repeat"
12920,2011-11-22 15:05:00,1.0,162.78,128.0,27.0,0.0,0.0,18.0,162.78,162.78,0.0,,0,"Value tier 1/2: less recent, occasional"
12921,2011-11-30 16:22:00,37.0,16587.09,9526.0,233.0,13.0,197.35000000000005,10.0,16389.74,448.29972972972973,26.0,10.112577160493826,1,"Value tier 2/2: recent, repeat"
12922,2011-07-01 15:35:00,1.0,405.38,370.0,28.0,0.0,0.0,162.0,405.38,405.38,0.0,,0,"Value tier 1/2: less recent, occasional"
12923,2011-10-06 16:20:00,1.0,171.57,67.0,27.0,0.0,0.0,65.0,171.57,171.57,0.0,,0,"Value tier 1/2: less recent, occasional"
12924,2011-09-12 13:55:00,4.0,925.75,480.0,21.0,1.0,3.75,89.0,922.0,231.4375,20.0,79.69583333333334,0,"Value tier 1/2: less recent, occasional"
12925,2011-12-05 11:11:00,2.0,694.05,541.0,42.0,0.0,0.0,5.0,694.05,347.025,0.0,70.00416666666666,1,"Value tier 2/2: recent, repeat"
12928,2011-11-04 14:24:00,5.0,2062.7000000000003,1472.0,59.0,0.0,0.0,36.0,2062.7000000000003,412.5400000000001,0.0,80.9859375,1,"Value tier 2/2: recent, repeat"
12929,2011-02-01 12:08:00,1.0,117.85,37.0,8.0,1.0,12.75,312.0,105.1,117.85,50.0,,0,"Value tier 1/2: less recent, occasional"
12930,2011-09-22 15:18:00,2.0,415.8,252.0,20.0,2.0,5.9,79.0,409.90000000000003,207.9,50.0,93.07847222222222,0,"Value tier 1/2: less recent, occasional"
12931,2011-11-18 12:39:00,15.0,42055.96,28004.0,28.0,4.0,8511.15,22.0,33544.81,2803.730666666667,21.052631578947366,24.00863095238095,1,"Value tier 2/2: recent, repeat"
12933,2011-11-15 16:38:00,3.0,607.53,499.0,102.0,1.0,1.25,25.0,606.28,202.51,25.0,129.60694444444445,0,"Value tier 1/2: less recent, occasional"
12935,2011-12-07 17:25:00,7.0,2160.7,1853.0,80.0,1.0,4.25,3.0,2156.45,308.6714285714285,12.5,52.85729166666667,1,"Value tier 2/2: recent, repeat"
12936,2011-11-22 17:32:00,4.0,1063.9,559.0,56.0,1.0,51.0,18.0,1012.9000000000001,265.975,20.0,20.38449074074074,1,"Value tier 2/2: recent, repeat"
12937,2011-11-24 15:05:00,4.0,1504.27,1007.0,81.0,0.0,0.0,16.0,1504.27,376.0675,0.0,84.01064814814815,1,"Value tier 2/2: recent, repeat"
12938,2011-11-14 11:21:00,1.0,114.14,140.0,9.0,0.0,0.0,26.0,114.14,114.14,0.0,,0,"Value tier 1/2: less recent, occasional"
12939,2011-10-06 14:33:00,8.0,11581.8,4876.0,21.0,0.0,0.0,65.0,11581.8,1447.725,0.0,38.5905753968254,1,"Value tier 2/2: recent, repeat"
12940,2011-10-16 12:09:00,2.0,899.69,404.0,87.0,2.0,37.25,55.0,862.44,449.845,50.0,33.078472222222224,0,"Value tier 1/2: less recent, occasional"
12942,2011-07-31 14:39:00,3.0,675.6,198.0,68.0,0.0,0.0,132.0,675.6,225.20000000000002,0.0,117.10590277777777,0,"Value tier 1/2: less recent, occasional"
12944,2011-11-04 11:04:00,2.0,604.51,289.0,29.0,0.0,0.0,36.0,604.51,302.255,0.0,319.0159722222222,0,"Value tier 1/2: less recent, occasional"
12945,2011-02-24 14:15:00,1.0,462.95,165.0,23.0,0.0,0.0,289.0,462.95,462.95,0.0,,0,"Value tier 1/2: less recent, occasional"
12947,2011-07-19 10:06:00,6.0,1603.99,1165.0,83.0,5.0,196.69999999999996,144.0,1407.29,267.33166666666665,45.45454545454545,45.94791666666667,1,"Value tier 2/2: recent, repeat"
12948,2011-11-23 17:10:00,7.0,2064.95,1080.0,82.0,1.0,11.25,17.0,2053.7,294.99285714285713,12.5,41.38113425925926,1,"Value tier 2/2: recent, repeat"
12949,2011-11-09 11:25:00,8.0,4167.22,2381.0,166.0,2.0,24.2,31.0,4143.02,520.9025,20.0,31.702876984126984,1,"Value tier 2/2: recent, repeat"
12950,2011-12-07 13:17:00,3.0,1843.0,1380.0,13.0,0.0,0.0,3.0,1843.0,614.3333333333334,0.0,10.989236111111111,1,"Value tier 2/2: recent, repeat"
12951,2011-12-01 12:14:00,6.0,1064.07,503.0,53.0,2.0,22.0,9.0,1042.07,177.345,25.0,64.41402777777778,1,"Value tier 2/2: recent, repeat"
12952,2011-12-04 10:35:00,4.0,1387.79,653.0,64.0,1.0,4.95,6.0,1382.84,346.9475,20.0,24.249537037037033,1,"Value tier 2/2: recent, repeat"
12953,2011-11-30 09:24:00,1.0,329.85,84.0,17.0,0.0,0.0,10.0,329.85,329.85,0.0,,0,"Value tier 1/2: less recent, occasional"
12955,2011-12-08 16:29:00,11.0,4757.16,3664.0,81.0,3.0,22.9,2.0,4734.26,432.4690909090909,21.428571428571427,26.63097222222222,1,"Value tier 2/2: recent, repeat"
12956,2011-02-06 16:08:00,1.0,108.07,34.0,19.0,0.0,0.0,307.0,108.07,108.07,0.0,,0,"Value tier 1/2: less recent, occasional"
12957,2011-11-30 09:53:00,8.0,4017.54,2549.0,208.0,4.0,38.5,10.0,3979.04,502.1925,33.33333333333333,47.12847222222222,1,"Value tier 2/2: recent, repeat"
12962,2011-12-02 15:55:00,2.0,266.39,129.0,15.0,0.0,0.0,8.0,266.39,133.195,0.0,106.09513888888888,0,"Value tier 1/2: less recent, occasional"
12963,2011-12-01 12:55:00,8.0,1856.63,881.0,75.0,0.0,0.0,9.0,1856.63,232.07875,0.0,51.021924603174604,1,"Value tier 2/2: recent, repeat"
12965,2011-09-11 15:31:00,1.0,769.8100000000001,282.0,108.0,0.0,0.0,90.0,769.8100000000001,769.8100000000001,0.0,,0,"Value tier 1/2: less recent, occasional"
12966,2011-11-30 12:38:00,1.0,160.18,75.0,10.0,0.0,0.0,10.0,160.18,160.18,0.0,,0,"Value tier 1/2: less recent, occasional"
12967,2010-12-16 19:10:00,2.0,1660.9,438.0,19.0,2.0,466.15000000000003,359.0,1194.75,830.45,50.0,13.389583333333333,0,"Value tier 1/2: less recent, occasional"
12968,2011-08-19 15:44:00,1.0,135.95,73.0,5.0,0.0,0.0,113.0,135.95,135.95,0.0,,0,"Value tier 1/2: less recent, occasional"
12970,2011-12-02 14:30:00,4.0,405.47,268.0,116.0,0.0,0.0,8.0,405.47,101.3675,0.0,105.00601851851853,1,"Value tier 2/2: recent, repeat"
12971,2011-12-06 12:20:00,86.0,11189.91,9289.0,94.0,2.0,256.15,4.0,10933.76,130.11523255813952,2.272727272727273,4.339035947712418,1,"Value tier 2/2: recent, repeat"
12974,2011-05-26 09:33:00,1.0,144.8,24.0,8.0,0.0,0.0,198.0,144.8,144.8,0.0,,0,"Value tier 1/2: less recent, occasional"
12976,2011-05-12 09:55:00,1.0,738.6,561.0,22.0,0.0,0.0,212.0,738.6,738.6,0.0,,0,"Value tier 1/2: less recent, occasional"
12977,2011-07-06 16:40:00,1.0,39.239999999999995,12.0,9.0,0.0,0.0,157.0,39.239999999999995,39.239999999999995,0.0,,0,"Value tier 1/2: less recent, occasional"
12980,2011-07-05 09:34:00,9.0,7374.900000000001,886.0,6.0,3.0,282.84000000000003,158.0,7092.06,819.4333333333334,25.0,25.114409722222224,1,"Value tier 2/2: recent, repeat"
12981,2011-11-10 12:00:00,2.0,372.21999999999997,242.0,12.0,0.0,0.0,30.0,372.21999999999997,186.10999999999999,0.0,103.90694444444445,0,"Value tier 1/2: less recent, occasional"
12982,2011-04-11 11:51:00,1.0,390.54,288.0,28.0,1.0,13.34,243.0,377.20000000000005,390.54,50.0,,0,"Value tier 1/2: less recent, occasional"
12984,2011-11-21 12:37:00,1.0,97.5,26.0,4.0,0.0,0.0,19.0,97.5,97.5,0.0,,0,"Value tier 1/2: less recent, occasional"
12985,2011-12-09 10:46:00,2.0,1239.38,1533.0,73.0,1.0,23.759999999999998,1.0,1215.6200000000001,619.69,33.33333333333333,27.918055555555554,1,"Value tier 2/2: recent, repeat"
12987,2011-09-27 12:03:00,2.0,558.7,219.0,27.0,1.0,13.7,74.0,545.0,279.35,33.33333333333333,124.00208333333333,0,"Value tier 1/2: less recent, occasional"
12988,2011-02-20 14:31:00,1.0,505.82,126.0,75.0,0.0,0.0,293.0,505.82,505.82,0.0,,0,"Value tier 1/2: less recent, occasional"
12989,2011-12-06 15:28:00,15.0,6924.110000000001,2943.0,41.0,4.0,69.6,4.0,6854.51,461.6073333333334,21.052631578947366,25.791865079365078,1,"Value tier 2/2: recent, repeat"
12990,2011-11-08 13:01:00,3.0,409.5,200.0,8.0,0.0,0.0,32.0,409.5,136.5,0.0,139.4451388888889,0,"Value tier 1/2: less recent, occasional"
12991,2011-11-16 15:34:00,2.0,503.76,405.0,31.0,0.0,0.0,24.0,503.76,251.88,0.0,89.03819444444444,0,"Value tier 1/2: less recent, occasional"
12993,2011-11-16 15:49:00,4.0,414.76,240.0,26.0,0.0,0.0,24.0,414.76,103.69,0.0,91.68518518518518,0,"Value tier 1/2: less recent, occasional"
12994,2011-12-05 15:43:00,3.0,974.4200000000001,459.0,52.0,2.0,72.2,5.0,902.22,324.8066666666667,40.0,132.15,1,"Value tier 2/2: recent, repeat"
12995,2011-09-15 15:44:00,1.0,211.32,108.0,3.0,1.0,10.6,86.0,200.72,211.32,50.0,,0,"Value tier 1/2: less recent, occasional"
12997,2011-11-17 15:47:00,4.0,1226.89,664.0,45.0,3.0,28.950000000000003,23.0,1197.94,306.7225,42.857142857142854,98.33287037037036,1,"Value tier 2/2: recent, repeat"
12999,2011-05-27 13:24:00,3.0,455.88,342.0,25.0,0.0,0.0,197.0,455.88,151.96,0.0,24.56180555555556,0,"Value tier 1/2: less recent, occasional"
13000,2011-08-25 10:43:00,3.0,534.85,379.0,30.0,0.0,0.0,107.0,534.85,178.28333333333333,0.0,129.00590277777778,0,"Value tier 1/2: less recent, occasional"
13001,2011-12-05 14:51:00,13.0,9785.970000000001,5490.0,166.0,2.0,20.9,5.0,9765.070000000002,752.7669230769231,13.333333333333334,26.840625000000003,1,"Value tier 2/2: recent, repeat"
13002,2011-01-25 15:18:00,1.0,120.94999999999999,73.0,7.0,0.0,0.0,319.0,120.94999999999999,120.94999999999999,0.0,,0,"Value tier 1/2: less recent, occasional"
13003,2011-08-26 10:50:00,3.0,149.05,103.0,4.0,0.0,0.0,106.0,149.05,49.68333333333334,0.0,54.55104166666666,0,"Value tier 1/2: less recent, occasional"
13004,2011-11-28 11:27:00,18.0,5655.91,4822.0,277.0,4.0,42.480000000000004,12.0,5613.43,314.21722222222223,18.181818181818183,20.360580065359475,1,"Value tier 2/2: recent, repeat"
13005,2011-06-19 10:53:00,2.0,513.7,172.0,21.0,1.0,44.75,174.0,468.95000000000005,256.85,33.33333333333333,72.88958333333333,0,"Value tier 1/2: less recent, occasional"
13006,2011-10-14 13:49:00,1.0,81.57,55.0,4.0,0.0,0.0,57.0,81.57,81.57,0.0,,0,"Value tier 1/2: less recent, occasional"
13008,2011-01-20 14:24:00,1.0,229.46999999999997,175.0,14.0,1.0,51.0,324.0,178.46999999999997,229.46999999999997,50.0,,0,"Value tier 1/2: less recent, occasional"
13011,2010-12-02 17:22:00,1.0,50.550000000000004,13.0,3.0,0.0,0.0,373.0,50.550000000000004,50.550000000000004,0.0,,0,"Value tier 1/2: less recent, occasional"
13012,2011-11-30 13:05:00,8.0,1646.8400000000001,820.0,67.0,2.0,345.12,10.0,1301.7200000000003,205.85500000000002,20.0,40.7343253968254,1,"Value tier 2/2: recent, repeat"
13013,2011-12-08 15:01:00,13.0,4810.9400000000005,2224.0,155.0,2.0,23.95,2.0,4786.990000000001,370.07230769230773,13.333333333333334,30.842187499999998,1,"Value tier 2/2: recent, repeat"
13014,2011-11-29 12:27:00,10.0,3466.2799999999997,905.0,67.0,6.0,100.85000000000001,11.0,3365.43,346.628,37.5,30.08325617283951,1,"Value tier 2/2: recent, repeat"
13015,2011-10-17 13:19:00,5.0,3339.64,1609.0,156.0,0.0,0.0,54.0,3339.64,667.928,0.0,48.98802083333334,1,"Value tier 2/2: recent, repeat"
13016,2011-09-27 14:08:00,3.0,789.89,527.0,39.0,0.0,0.0,74.0,789.89,263.2966666666667,0.0,24.981944444444444,0,"Value tier 1/2: less recent, occasional"
13017,2011-12-02 15:53:00,1.0,204.0,48.0,1.0,0.0,0.0,8.0,204.0,204.0,0.0,,0,"Value tier 1/2: less recent, occasional"
13018,2011-11-23 13:28:00,28.0,7277.7,5435.0,313.0,1.0,4.95,17.0,7272.75,259.91785714285714,3.4482758620689653,10.33701131687243,1,"Value tier 2/2: recent, repeat"
13021,2011-12-05 16:37:00,9.0,2616.38,1352.0,101.0,3.0,31.98,5.0,2584.4,290.7088888888889,25.0,44.283420138888886,1,"Value tier 2/2: recent, repeat"
13023,2011-10-06 16:27:00,2.0,599.9,280.0,35.0,0.0,0.0,65.0,599.9,299.95,0.0,65.28680555555556,0,"Value tier 1/2: less recent, occasional"
13026,2011-12-08 16:58:00,5.0,975.36,1620.0,32.0,2.0,31.59,2.0,943.77,195.072,28.57142857142857,68.55607638888888,1,"Value tier 2/2: recent, repeat"
13027,2011-08-18 09:39:00,6.0,6912.0,17280.0,6.0,0.0,0.0,114.0,6912.0,1152.0,0.0,48.174166666666665,1,"Value tier 2/2: recent, repeat"
13028,2011-11-17 11:10:00,2.0,661.3199999999999,798.0,40.0,1.0,1.6400000000000001,23.0,659.68,330.65999999999997,33.33333333333333,22.875694444444445,0,"Value tier 1/2: less recent, occasional"
13029,2011-11-09 09:13:00,3.0,1247.5,134.0,8.0,0.0,0.0,31.0,1247.5,415.8333333333333,0.0,161.40277777777777,1,"Value tier 2/2: recent, repeat"
13030,2011-11-28 14:30:00,2.0,752.4399999999999,348.0,76.0,0.0,0.0,12.0,752.4399999999999,376.21999999999997,0.0,356.99930555555557,1,"Value tier 2/2: recent, repeat"
13032,2011-10-18 15:54:00,2.0,1010.18,375.0,55.0,1.0,13.66,53.0,996.52,505.09,33.33333333333333,34.96805555555556,0,"Value tier 1/2: less recent, occasional"
13033,2010-12-17 14:23:00,1.0,190.55,83.0,11.0,0.0,0.0,358.0,190.55,190.55,0.0,,0,"Value tier 1/2: less recent, occasional"
13034,2011-10-16 12:21:00,2.0,642.77,369.0,37.0,0.0,0.0,55.0,642.77,321.385,0.0,314.8951388888889,0,"Value tier 1/2: less recent, occasional"
13035,2011-09-27 08:57:00,2.0,921.88,644.0,23.0,1.0,35.25,74.0,886.63,460.94,33.33333333333333,186.98333333333332,0,"Value tier 1/2: less recent, occasional"
13037,2011-07-24 15:46:00,3.0,881.07,431.0,44.0,0.0,0.0,139.0,881.07,293.69,0.0,59.00138888888888,0,"Value tier 1/2: less recent, occasional"
13038,2011-09-20 14:37:00,3.0,908.46,360.0,24.0,0.0,0.0,81.0,908.46,302.82,0.0,105.06041666666667,0,"Value tier 1/2: less recent, occasional"
13040,2011-12-01 10:38:00,2.0,676.99,355.0,38.0,0.0,0.0,9.0,676.99,338.495,0.0,24.864583333333332,1,"Value tier 2/2: recent, repeat"
13043,2011-03-11 14:52:00,1.0,516.42,254.0,13.0,1.0,44.849999999999994,274.0,471.56999999999994,516.42,50.0,,0,"Value tier 1/2: less recent, occasional"
13044,2011-02-21 15:20:00,1.0,560.47,429.0,33.0,0.0,0.0,292.0,560.47,560.47,0.0,,0,"Value tier 1/2: less recent, occasional"
13045,2011-09-01 15:04:00,1.0,305.28000000000003,221.0,18.0,0.0,0.0,100.0,305.28000000000003,305.28000000000003,0.0,,0,"Value tier 1/2: less recent, occasional"
13046,2011-11-09 08:36:00,2.0,629.31,264.0,33.0,0.0,0.0,31.0,629.31,314.655,0.0,235.70347222222222,0,"Value tier 1/2: less recent, occasional"
13047,2011-10-14 11:15:00,9.0,3232.59,1390.0,105.0,7.0,143.49,57.0,3089.1000000000004,359.1766666666667,43.75,39.63897569444444,1,"Value tier 2/2: recent, repeat"
13048,2011-11-25 13:23:00,4.0,1819.41,1228.0,77.0,1.0,30.0,15.0,1789.41,454.8525,20.0,104.31643518518518,1,"Value tier 2/2: recent, repeat"
13049,2011-10-06 15:31:00,2.0,656.6800000000001,268.0,14.0,0.0,0.0,65.0,656.6800000000001,328.34000000000003,0.0,253.95694444444445,0,"Value tier 1/2: less recent, occasional"
13050,2011-11-25 09:18:00,17.0,5833.11,3747.0,245.0,11.0,152.25,15.0,5680.86,343.1241176470588,39.285714285714285,21.999479166666667,1,"Value tier 2/2: recent, repeat"
13052,2011-05-11 14:12:00,1.0,348.15000000000003,222.0,18.0,0.0,0.0,213.0,348.15000000000003,348.15000000000003,0.0,,0,"Value tier 1/2: less recent, occasional"
13055,2011-09-22 14:26:00,3.0,1214.41,894.0,74.0,1.0,12.450000000000001,79.0,1201.96,404.80333333333334,25.0,67.61388888888888,0,"Value tier 1/2: less recent, occasional"
13058,2011-11-15 12:43:00,3.0,271.40000000000003,52.0,5.0,0.0,0.0,25.0,271.40000000000003,90.46666666666668,0.0,63.514583333333334,0,"Value tier 1/2: less recent, occasional"
13059,2011-04-04 10:40:00,1.0,183.4,35.0,8.0,0.0,0.0,250.0,183.4,183.4,0.0,,0,"Value tier 1/2: less recent, occasional"
13060,2011-03-31 11:37:00,1.0,307.53,123.0,15.0,0.0,0.0,254.0,307.53,307.53,0.0,,0,"Value tier 1/2: less recent, occasional"
13061,2011-09-28 16:04:00,1.0,248.61,107.0,10.0,0.0,0.0,73.0,248.61,248.61,0.0,,0,"Value tier 1/2: less recent, occasional"
13062,2011-06-01 15:12:00,1.0,346.98,343.0,11.0,0.0,0.0,192.0,346.98,346.98,0.0,,0,"Value tier 1/2: less recent, occasional"
13064,2011-11-27 12:31:00,4.0,1105.59,514.0,51.0,0.0,0.0,13.0,1105.59,276.3975,0.0,104.9837962962963,1,"Value tier 2/2: recent, repeat"
13065,2010-12-01 16:52:00,1.0,205.86,74.0,14.0,0.0,0.0,374.0,205.86,205.86,0.0,,0,"Value tier 1/2: less recent, occasional"
13066,2011-11-15 12:57:00,2.0,470.8,322.0,48.0,1.0,39.9,25.0,430.90000000000003,235.4,33.33333333333333,7.827083333333333,0,"Value tier 1/2: less recent, occasional"
13067,2011-09-18 13:38:00,1.0,115.46000000000001,32.0,14.0,0.0,0.0,83.0,115.46000000000001,115.46000000000001,0.0,,0,"Value tier 1/2: less recent, occasional"
13068,2011-11-29 15:00:00,2.0,344.0,200.0,1.0,0.0,0.0,11.0,344.0,172.0,0.0,309.27777777777777,0,"Value tier 1/2: less recent, occasional"
13069,2011-12-09 08:39:00,24.0,4431.44,5873.0,281.0,3.0,718.3000000000002,1.0,3713.1399999999994,184.64333333333332,11.11111111111111,16.03916062801932,1,"Value tier 2/2: recent, repeat"
13070,2011-05-31 13:45:00,1.0,228.8,110.0,9.0,0.0,0.0,193.0,228.8,228.8,0.0,,0,"Value tier 1/2: less recent, occasional"
13072,2011-03-18 08:12:00,1.0,177.15,69.0,7.0,0.0,0.0,267.0,177.15,177.15,0.0,,0,"Value tier 1/2: less recent, occasional"
13075,2011-08-02 10:19:00,1.0,919.61,485.0,22.0,0.0,0.0,130.0,919.61,919.61,0.0,,0,"Value tier 1/2: less recent, occasional"
13077,2011-12-08 19:24:00,4.0,728.02,862.0,99.0,0.0,0.0,2.0,728.02,182.005,0.0,121.72800925925925,1,"Value tier 2/2: recent, repeat"
13078,2011-12-06 15:36:00,26.0,12627.94,5630.0,95.0,17.0,195.66,4.0,12432.28,485.69,39.53488372093023,14.530805555555554,1,"Value tier 2/2: recent, repeat"
13079,2011-12-05 16:53:00,5.0,220.10000000000002,62.0,2.0,0.0,0.0,5.0,220.10000000000002,44.02,0.0,34.02291666666667,1,"Value tier 2/2: recent, repeat"
13080,2011-06-13 14:59:00,1.0,58.08,120.0,6.0,0.0,0.0,180.0,58.08,58.08,0.0,,0,"Value tier 1/2: less recent, occasional"
13081,2011-11-28 10:54:00,11.0,28337.38,19068.0,503.0,9.0,365.29999999999995,12.0,27972.08,2576.1254545454544,45.0,35.973194444444445,1,"Value tier 2/2: recent, repeat"
13082,2011-08-05 16:16:00,9.0,3613.63,4324.0,63.0,1.0,18.15,127.0,3595.48,401.51444444444445,10.0,26.50295138888889,1,"Value tier 2/2: recent, repeat"
13083,2011-12-05 15:01:00,2.0,303.75,187.0,15.0,0.0,0.0,5.0,303.75,151.875,0.0,71.17708333333333,0,"Value tier 1/2: less recent, occasional"
13085,2011-07-05 12:11:00,2.0,416.08000000000004,216.0,17.0,1.0,143.7,158.0,272.38000000000005,208.04000000000002,33.33333333333333,137.92638888888888,0,"Value tier 1/2: less recent, occasional"
13089,2011-12-07 09:02:00,97.0,58762.08,31025.0,636.0,21.0,1439.9500000000003,3.0,57322.130000000005,605.7946391752578,17.796610169491526,3.8223017939814814,1,"Value tier 2/2: recent, repeat"
13090,2011-12-01 12:39:00,13.0,8895.82,2262.0,97.0,4.0,221.43000000000004,9.0,8674.39,684.2938461538462,23.52941176470588,30.350173611111114,1,"Value tier 2/2: recent, repeat"
13091,2011-11-11 15:54:00,1.0,345.82,466.0,21.0,1.0,26.0,29.0,319.82,345.82,50.0,,0,"Value tier 1/2: less recent, occasional"
13092,2011-09-30 11:18:00,5.0,477.83,279.0,19.0,1.0,18.0,71.0,459.83,95.566,16.666666666666664,72.23802083333334,0,"Value tier 1/2: less recent, occasional"
13093,2011-03-09 12:14:00,8.0,7832.47,3961.0,97.0,5.0,91.0,276.0,7741.47,979.05875,38.46153846153847,13.983531746031746,1,"Value tier 2/2: recent, repeat"
13094,2011-11-18 14:07:00,12.0,1927.3200000000002,1716.0,4.0,4.0,218.46000000000004,22.0,1708.8600000000001,160.61,25.0,31.558901515151515,1,"Value tier 2/2: recent, repeat"
13095,2011-09-30 12:03:00,1.0,74.39999999999999,144.0,6.0,0.0,0.0,71.0,74.39999999999999,74.39999999999999,0.0,,0,"Value tier 1/2: less recent, occasional"
13097,2011-11-07 10:43:00,10.0,6003.22,2360.0,214.0,4.0,102.15,33.0,5901.070000000001,600.322,28.57142857142857,36.423611111111114,1,"Value tier 2/2: recent, repeat"
13098,2011-12-08 14:14:00,28.0,28882.44,15968.0,156.0,13.0,223.56,2.0,28658.879999999997,1031.5157142857142,31.70731707317073,11.704423868312757,1,"Value tier 2/2: recent, repeat"
13099,2011-09-01 17:40:00,1.0,207.35999999999999,288.0,1.0,0.0,0.0,100.0,207.35999999999999,207.35999999999999,0.0,,0,"Value tier 1/2: less recent, occasional"
13101,2011-04-19 14:37:00,1.0,101.19,113.0,8.0,0.0,0.0,235.0,101.19,101.19,0.0,,0,"Value tier 1/2: less recent, occasional"
13102,2011-12-08 12:52:00,24.0,6424.09,4204.0,140.0,3.0,87.8,2.0,6336.29,267.67041666666665,11.11111111111111,15.82469806763285,1,"Value tier 2/2: recent, repeat"
13103,2011-10-31 09:38:00,1.0,243.94,82.0,8.0,0.0,0.0,40.0,243.94,243.94,0.0,,0,"Value tier 1/2: less recent, occasional"
13104,2011-12-06 13:10:00,6.0,1098.48,504.0,14.0,0.0,0.0,4.0,1098.48,183.08,0.0,70.21000000000001,1,"Value tier 2/2: recent, repeat"
13106,2011-07-29 15:12:00,1.0,76.5,18.0,1.0,1.0,17.0,134.0,59.5,76.5,50.0,,0,"Value tier 1/2: less recent, occasional"
13107,2011-10-26 14:52:00,4.0,1531.6200000000001,1293.0,54.0,1.0,7.550000000000001,45.0,1524.0700000000002,382.90500000000003,20.0,96.36666666666667,1,"Value tier 2/2: recent, repeat"
13108,2010-12-02 10:35:00,1.0,350.06,298.0,10.0,0.0,0.0,373.0,350.06,350.06,0.0,,0,"Value tier 1/2: less recent, occasional"
13109,2011-10-11 10:16:00,2.0,786.54,520.0,41.0,3.0,19.700000000000003,60.0,766.8399999999999,393.27,60.0,97.80555555555556,0,"Value tier 1/2: less recent, occasional"
13110,2011-11-08 14:30:00,7.0,1488.67,388.0,109.0,1.0,35.8,32.0,1452.8700000000001,212.66714285714286,12.5,46.66041666666666,1,"Value tier 2/2: recent, repeat"
13113,2011-12-09 12:49:00,24.0,12245.960000000001,3045.0,95.0,15.0,1722.31,1.0,10523.650000000001,510.2483333333334,38.46153846153847,15.91207729468599,1,"Value tier 2/2: recent, repeat"
13115,2011-11-28 12:38:00,4.0,2294.78,1567.0,88.0,10.0,89.15,12.0,2205.63,573.695,71.42857142857143,57.61643518518519,1,"Value tier 2/2: recent, repeat"
13116,2011-07-24 14:33:00,1.0,501.14,291.0,30.0,1.0,15.95,139.0,485.19,501.14,50.0,,0,"Value tier 1/2: less recent, occasional"
13117,2011-11-18 12:02:00,8.0,984.91,945.0,66.0,0.0,0.0,22.0,984.91,123.11375,0.0,50.13601190476191,1,"Value tier 2/2: recent, repeat"
13118,2011-11-20 12:46:00,5.0,1197.81,410.0,68.0,2.0,72.81,20.0,1125.0,239.56199999999998,28.57142857142857,67.25243055555556,1,"Value tier 2/2: recent, repeat"
13120,2011-04-15 10:19:00,1.0,30.599999999999998,12.0,1.0,0.0,0.0,239.0,30.599999999999998,30.599999999999998,0.0,,0,"Value tier 1/2: less recent, occasional"
13121,2011-03-15 16:47:00,1.0,283.73,252.0,50.0,1.0,29.0,270.0,254.73000000000002,283.73,50.0,,0,"Value tier 1/2: less recent, occasional"
13122,2011-09-06 15:53:00,2.0,922.39,585.0,54.0,0.0,0.0,95.0,922.39,461.195,0.0,146.0701388888889,0,"Value tier 1/2: less recent, occasional"
13124,2011-09-11 12:45:00,3.0,3756.33,2119.0,185.0,0.0,0.0,90.0,3756.33,1252.11,0.0,134.953125,1,"Value tier 2/2: recent, repeat"
13126,2011-12-05 10:00:00,8.0,2099.64,2143.0,124.0,2.0,43.349999999999994,5.0,2056.29,262.455,20.0,51.704166666666666,1,"Value tier 2/2: recent, repeat"
13127,2011-09-23 10:26:00,1.0,259.17,127.0,15.0,0.0,0.0,78.0,259.17,259.17,0.0,,0,"Value tier 1/2: less recent, occasional"
13130,2011-09-06 15:30:00,1.0,64.0,32.0,2.0,0.0,0.0,95.0,64.0,64.0,0.0,,0,"Value tier 1/2: less recent, occasional"
13131,2011-11-16 13:21:00,3.0,1073.3,447.0,30.0,1.0,34.0,24.0,1039.3,357.76666666666665,25.0,82.05104166666666,1,"Value tier 2/2: recent, repeat"
13132,2011-03-23 12:44:00,1.0,77.3,20.0,3.0,0.0,0.0,262.0,77.3,77.3,0.0,,0,"Value tier 1/2: less recent, occasional"
13133,2011-03-11 10:31:00,2.0,109.8,32.0,7.0,0.0,0.0,274.0,109.8,54.9,0.0,30.77986111111111,0,"Value tier 1/2: less recent, occasional"
13134,2011-09-15 10:35:00,4.0,1793.58,1059.0,94.0,3.0,52.95,86.0,1740.6299999999999,448.395,42.857142857142854,51.6337962962963,1,"Value tier 2/2: recent, repeat"
13135,2011-05-27 10:52:00,1.0,3096.0,4300.0,1.0,0.0,0.0,197.0,3096.0,3096.0,0.0,,0,"Value tier 1/2: less recent, occasional"
13136,2011-10-14 13:41:00,5.0,2607.61,1328.0,94.0,6.0,62.23000000000001,57.0,2545.38,521.522,54.54545454545454,39.009375,1,"Value tier 2/2: recent, repeat"
13137,2011-11-29 12:09:00,8.0,3603.29,2204.0,345.0,0.0,0.0,11.0,3603.29,450.41125,0.0,42.57291666666667,1,"Value tier 2/2: recent, repeat"
13138,2011-11-17 16:51:00,6.0,962.39,473.0,31.0,0.0,0.0,23.0,962.39,160.39833333333334,0.0,70.015,1,"Value tier 2/2: recent, repeat"
13139,2011-11-23 13:54:00,7.0,5064.94,2425.0,132.0,1.0,9.15,17.0,5055.79,723.5628571428571,12.5,40.51354166666667,1,"Value tier 2/2: recent, repeat"
13140,2011-08-23 15:33:00,3.0,422.47,185.0,40.0,0.0,0.0,109.0,422.47,140.82333333333335,0.0,129.00729166666667,0,"Value tier 1/2: less recent, occasional"
13141,2011-09-16 09:54:00,5.0,2388.75,1548.0,113.0,1.0,2.95,85.0,2385.8,477.75,16.666666666666664,57.717013888888886,1,"Value tier 2/2: recent, repeat"
13142,2011-11-20 16:07:00,1.0,307.09,258.0,23.0,0.0,0.0,20.0,307.09,307.09,0.0,,0,"Value tier 1/2: less recent, occasional"
13144,2011-01-11 11:15:00,1.0,110.95,21.0,3.0,0.0,0.0,333.0,110.95,110.95,0.0,,0,"Value tier 1/2: less recent, occasional"
13145,2011-10-31 12:45:00,4.0,618.52,145.0,5.0,1.0,3.75,40.0,614.77,154.63,20.0,110.92569444444445,0,"Value tier 1/2: less recent, occasional"
13146,2011-11-13 15:29:00,1.0,228.91,154.0,16.0,0.0,0.0,27.0,228.91,228.91,0.0,,0,"Value tier 1/2: less recent, occasional"
13147,2011-11-29 13:59:00,4.0,712.8000000000001,144.0,1.0,0.0,0.0,11.0,712.8000000000001,178.20000000000002,0.0,29.687731481481478,1,"Value tier 2/2: recent, repeat"
13148,2011-11-10 15:23:00,12.0,3683.26,1965.0,231.0,5.0,358.64,30.0,3324.6200000000003,306.93833333333333,29.411764705882355,30.463194444444447,1,"Value tier 2/2: recent, repeat"
13149,2011-11-25 13:09:00,4.0,1676.06,1280.0,76.0,0.0,0.0,15.0,1676.06,419.015,0.0,91.65555555555557,1,"Value tier 2/2: recent, repeat"
13151,2011-02-17 12:29:00,1.0,1257.8700000000001,363.0,73.0,1.0,7.5,296.0,1250.3700000000001,1257.8700000000001,50.0,,0,"Value tier 1/2: less recent, occasional"
13153,2011-12-04 12:14:00,1.0,486.22,418.0,15.0,0.0,0.0,6.0,486.22,486.22,0.0,,0,"Value tier 1/2: less recent, occasional"
13155,2011-11-06 15:41:00,4.0,971.76,497.0,67.0,0.0,0.0,34.0,971.76,242.94,0.0,111.70763888888888,1,"Value tier 2/2: recent, repeat"
13157,2011-10-21 13:50:00,4.0,1741.22,1439.0,69.0,1.0,19.65,50.0,1721.57,435.305,20.0,82.99699074074074,1,"Value tier 2/2: recent, repeat"
13158,2011-09-06 11:58:00,4.0,1201.06,784.0,59.0,0.0,0.0,95.0,1201.06,300.265,0.0,74.69444444444444,0,"Value tier 1/2: less recent, occasional"
13159,2011-12-01 11:20:00,4.0,1429.35,1058.0,114.0,1.0,58.10000000000001,9.0,1371.25,357.3375,20.0,35.66111111111111,1,"Value tier 2/2: recent, repeat"
13160,2011-11-17 13:07:00,1.0,91.8,56.0,4.0,0.0,0.0,23.0,91.8,91.8,0.0,,0,"Value tier 1/2: less recent, occasional"
13161,2011-01-30 14:03:00,1.0,112.75,29.0,8.0,0.0,0.0,314.0,112.75,112.75,0.0,,0,"Value tier 1/2: less recent, occasional"
13162,2011-08-09 15:59:00,4.0,1688.29,1713.0,74.0,1.0,43.3,123.0,1644.99,422.0725,20.0,70.7398148148148,0,"Value tier 1/2: less recent, occasional"
13165,2011-10-24 15:05:00,2.0,1021.48,1376.0,40.0,0.0,0.0,47.0,1021.48,510.74,0.0,305.0409722222222,0,"Value tier 1/2: less recent, occasional"
13166,2011-03-01 15:16:00,1.0,417.2,216.0,39.0,1.0,2.5,284.0,414.7,417.2,50.0,,0,"Value tier 1/2: less recent, occasional"
13167,2011-11-21 12:24:00,4.0,779.33,773.0,50.0,0.0,0.0,19.0,779.33,194.8325,0.0,41.669212962962966,1,"Value tier 2/2: recent, repeat"
13168,2011-11-03 12:56:00,4.0,1299.59,670.0,102.0,1.0,9.05,37.0,1290.54,324.8975,20.0,93.9863425925926,1,"Value tier 2/2: recent, repeat"
13169,2011-10-07 12:11:00,2.0,712.88,272.0,11.0,0.0,0.0,64.0,712.88,356.44,0.0,188.9076388888889,0,"Value tier 1/2: less recent, occasional"
13170,2011-11-13 12:19:00,1.0,108.81,141.0,29.0,0.0,0.0,27.0,108.81,108.81,0.0,,0,"Value tier 1/2: less recent, occasional"
13171,2011-11-18 10:27:00,3.0,468.41,229.0,37.0,2.0,41.6,22.0,426.81,156.13666666666668,40.0,138.9204861111111,0,"Value tier 1/2: less recent, occasional"
13173,2011-12-05 15:51:00,2.0,353.65,277.0,41.0,0.0,0.0,5.0,353.65,176.825,0.0,363.05625,0,"Value tier 1/2: less recent, occasional"
13174,2011-11-23 14:35:00,3.0,2738.82,1351.0,227.0,0.0,0.0,17.0,2738.82,912.94,0.0,176.46215277777776,1,"Value tier 2/2: recent, repeat"
13176,2011-10-24 15:43:00,1.0,481.49,448.0,66.0,0.0,0.0,47.0,481.49,481.49,0.0,,0,"Value tier 1/2: less recent, occasional"
13177,2011-10-06 09:56:00,1.0,282.45,91.0,17.0,0.0,0.0,65.0,282.45,282.45,0.0,,0,"Value tier 1/2: less recent, occasional"
13178,2011-11-13 16:14:00,11.0,5725.47,3570.0,95.0,0.0,0.0,27.0,5725.47,520.4972727272727,0.0,33.41611111111111,1,"Value tier 2/2: recent, repeat"
13182,2011-10-25 13:46:00,1.0,121.18,201.0,11.0,0.0,0.0,46.0,121.18,121.18,0.0,,0,"Value tier 1/2: less recent, occasional"
13183,2011-12-02 10:30:00,9.0,3957.78,2208.0,51.0,0.0,0.0,8.0,3957.78,439.75333333333333,0.0,40.873263888888886,1,"Value tier 2/2: recent, repeat"
13184,2011-11-25 12:02:00,10.0,1667.95,1661.0,137.0,2.0,52.5,15.0,1615.45,166.79500000000002,16.666666666666664,30.64174382716049,1,"Value tier 2/2: recent, repeat"
13185,2011-03-17 11:56:00,1.0,71.4,12.0,1.0,0.0,0.0,268.0,71.4,71.4,0.0,,0,"Value tier 1/2: less recent, occasional"
13186,2011-10-31 11:40:00,3.0,1575.89,820.0,69.0,2.0,36.2,40.0,1539.69,525.2966666666667,40.0,44.55243055555555,1,"Value tier 2/2: recent, repeat"
13187,2011-01-06 18:57:00,1.0,236.02,95.0,37.0,0.0,0.0,338.0,236.02,236.02,0.0,,0,"Value tier 1/2: less recent, occasional"
13188,2011-11-28 15:28:00,1.0,114.60000000000001,25.0,2.0,0.0,0.0,12.0,114.60000000000001,114.60000000000001,0.0,,0,"Value tier 1/2: less recent, occasional"
13189,2011-11-21 10:39:00,2.0,260.68,842.0,29.0,0.0,0.0,19.0,260.68,130.34,0.0,96.89375,0,"Value tier 1/2: less recent, occasional"
13192,2011-09-05 14:13:00,2.0,911.94,595.0,57.0,0.0,0.0,96.0,911.94,455.97,0.0,109.96944444444445,0,"Value tier 1/2: less recent, occasional"
13193,2011-10-09 14:30:00,1.0,112.08,46.0,22.0,0.0,0.0,62.0,112.08,112.08,0.0,,0,"Value tier 1/2: less recent, occasional"
13194,2011-07-27 09:01:00,1.0,60.7,26.0,3.0,0.0,0.0,136.0,60.7,60.7,0.0,,0,"Value tier 1/2: less recent, occasional"
13196,2011-11-28 13:54:00,4.0,1797.78,1224.0,97.0,0.0,0.0,12.0,1797.78,449.445,0.0,83.65972222222221,1,"Value tier 2/2: recent, repeat"
13198,2011-11-29 15:17:00,6.0,3401.2400000000002,2648.0,199.0,2.0,17.15,11.0,3384.09,566.8733333333333,25.0,70.24833333333333,1,"Value tier 2/2: recent, repeat"
13199,2011-12-06 12:30:00,37.0,9802.12,6175.0,47.0,1.0,13.16,4.0,9788.960000000001,264.9221621621622,2.631578947368421,10.085243055555557,1,"Value tier 2/2: recent, repeat"
13200,2011-11-20 15:35:00,4.0,870.09,516.0,42.0,0.0,0.0,20.0,870.09,217.5225,0.0,35.677083333333336,1,"Value tier 2/2: recent, repeat"
13203,2011-11-30 10:45:00,4.0,869.46,800.0,56.0,0.0,0.0,10.0,869.46,217.365,0.0,77.61226851851852,1,"Value tier 2/2: recent, repeat"
13207,2011-11-24 14:52:00,2.0,250.26000000000002,130.0,7.0,0.0,0.0,16.0,250.26000000000002,125.13000000000001,0.0,135.13680555555555,0,"Value tier 1/2: less recent, occasional"
13208,2011-10-11 16:25:00,5.0,1193.17,767.0,123.0,0.0,0.0,60.0,1193.17,238.63400000000001,0.0,62.46753472222222,1,"Value tier 2/2: recent, repeat"
13209,2011-11-09 13:54:00,8.0,5891.61,4253.0,255.0,3.0,71.45,31.0,5820.16,736.45125,27.27272727272727,47.30585317460317,1,"Value tier 2/2: recent, repeat"
13210,2011-09-07 08:18:00,1.0,353.48,316.0,22.0,0.0,0.0,94.0,353.48,353.48,0.0,,0,"Value tier 1/2: less recent, occasional"
13211,2011-11-29 14:43:00,3.0,1095.42,834.0,45.0,0.0,0.0,11.0,1095.42,365.14000000000004,0.0,175.4673611111111,1,"Value tier 2/2: recent, repeat"
13212,2011-11-20 12:40:00,3.0,786.83,309.0,128.0,1.0,7.5,20.0,779.33,262.2766666666667,25.0,20.955555555555556,1,"Value tier 2/2: recent, repeat"
13213,2011-10-14 11:42:00,5.0,1520.58,1360.0,82.0,1.0,2.15,57.0,1518.4299999999998,304.116,16.666666666666664,35.74305555555556,1,"Value tier 2/2: recent, repeat"
13216,2011-03-17 12:18:00,1.0,333.74,297.0,5.0,0.0,0.0,268.0,333.74,333.74,0.0,,0,"Value tier 1/2: less recent, occasional"
13217,2011-08-09 15:32:00,3.0,533.98,262.0,3.0,2.0,400.36,123.0,133.62,177.99333333333334,40.0,17.070833333333333,0,"Value tier 1/2: less recent, occasional"
13218,2011-08-04 16:59:00,1.0,62.63999999999999,88.0,5.0,0.0,0.0,128.0,62.63999999999999,62.63999999999999,0.0,,0,"Value tier 1/2: less recent, occasional"
13220,2011-09-22 13:38:00,4.0,819.2900000000001,196.0,18.0,0.0,0.0,79.0,819.2900000000001,204.82250000000002,0.0,52.70347222222222,0,"Value tier 1/2: less recent, occasional"
13221,2011-04-13 16:58:00,2.0,844.86,243.0,61.0,0.0,0.0,241.0,844.86,422.43,0.0,119.14861111111111,0,"Value tier 1/2: less recent, occasional"
13223,2011-05-23 13:03:00,2.0,163.20000000000002,88.0,5.0,0.0,0.0,201.0,163.20000000000002,81.60000000000001,0.0,31.90763888888889,0,"Value tier 1/2: less recent, occasional"
13224,2011-10-10 14:55:00,2.0,2152.95,1515.0,100.0,1.0,5.1,61.0,2147.85,1076.475,33.33333333333333,91.03125,0,"Value tier 1/2: less recent, occasional"
13225,2011-12-06 13:29:00,7.0,6463.84,3416.0,23.0,1.0,380.8,4.0,6083.04,923.4057142857143,12.5,59.692129629629626,1,"Value tier 2/2: recent, repeat"
13226,2011-03-11 14:35:00,1.0,108.21000000000001,80.0,16.0,0.0,0.0,274.0,108.21000000000001,108.21000000000001,0.0,,0,"Value tier 1/2: less recent, occasional"
13227,2011-05-22 11:47:00,1.0,257.7,99.0,9.0,0.0,0.0,202.0,257.7,257.7,0.0,,0,"Value tier 1/2: less recent, occasional"
13228,2011-09-19 14:28:00,1.0,358.0,200.0,2.0,0.0,0.0,82.0,358.0,358.0,0.0,,0,"Value tier 1/2: less recent, occasional"
13229,2011-04-28 12:07:00,1.0,160.95,63.0,10.0,0.0,0.0,226.0,160.95,160.95,0.0,,0,"Value tier 1/2: less recent, occasional"
13230,2011-12-05 16:03:00,14.0,2755.63,1638.0,393.0,1.0,43.559999999999995,5.0,2712.07,196.8307142857143,6.666666666666667,27.758279914529915,1,"Value tier 2/2: recent, repeat"
13232,2011-11-27 10:39:00,7.0,1327.75,771.0,146.0,0.0,0.0,13.0,1327.75,189.67857142857142,0.0,38.478125,1,"Value tier 2/2: recent, repeat"
13233,2011-09-26 13:25:00,2.0,605.12,1004.0,43.0,0.0,0.0,75.0,605.12,302.56,0.0,261.94166666666666,0,"Value tier 1/2: less recent, occasional"
13235,2011-05-11 17:13:00,1.0,1031.07,441.0,53.0,0.0,0.0,213.0,1031.07,1031.07,0.0,,0,"Value tier 1/2: less recent, occasional"
13236,2011-11-15 12:50:00,2.0,744.85,416.0,34.0,1.0,17.58,25.0,727.27,372.425,33.33333333333333,82.16111111111111,0,"Value tier 1/2: less recent, occasional"
13238,2011-11-22 15:37:00,4.0,700.73,298.0,20.0,1.0,19.9,18.0,680.83,175.1825,20.0,114.34722222222221,1,"Value tier 2/2: recent, repeat"
13239,2011-03-23 10:25:00,1.0,329.56,327.0,21.0,0.0,0.0,262.0,329.56,329.56,0.0,,0,"Value tier 1/2: less recent, occasional"
13240,2011-09-04 14:08:00,4.0,648.7,297.0,58.0,0.0,0.0,97.0,648.7,162.175,0.0,89.6849537037037,0,"Value tier 1/2: less recent, occasional"
13242,2011-08-19 12:53:00,3.0,270.40000000000003,130.0,12.0,0.0,0.0,113.0,270.40000000000003,90.13333333333334,0.0,50.509375,0,"Value tier 1/2: less recent, occasional"
13243,2011-05-20 13:14:00,1.0,585.12,232.0,56.0,0.0,0.0,204.0,585.12,585.12,0.0,,0,"Value tier 1/2: less recent, occasional"
13244,2011-09-08 11:46:00,1.0,121.74000000000001,38.0,27.0,0.0,0.0,93.0,121.74000000000001,121.74000000000001,0.0,,0,"Value tier 1/2: less recent, occasional"
13245,2011-10-20 11:40:00,1.0,430.5,125.0,16.0,0.0,0.0,51.0,430.5,430.5,0.0,,0,"Value tier 1/2: less recent, occasional"
13246,2011-11-21 16:50:00,6.0,1961.52,1587.0,110.0,1.0,65.2,19.0,1896.32,326.92,14.285714285714285,62.42694444444444,1,"Value tier 2/2: recent, repeat"
13247,2011-11-22 10:59:00,4.0,501.12,328.0,18.0,0.0,0.0,18.0,501.12,125.28,0.0,21.659259259259258,1,"Value tier 2/2: recent, repeat"
13248,2011-08-07 12:40:00,2.0,465.68,305.0,25.0,0.0,0.0,125.0,465.68,232.84,0.0,64.98263888888889,0,"Value tier 1/2: less recent, occasional"
13249,2011-09-08 13:26:00,3.0,711.41,546.0,21.0,0.0,0.0,93.0,711.41,237.13666666666666,0.0,84.45833333333334,0,"Value tier 1/2: less recent, occasional"
13253,2011-07-06 10:09:00,2.0,1030.4,1572.0,35.0,0.0,0.0,157.0,1030.4,515.2,0.0,182.76805555555555,0,"Value tier 1/2: less recent, occasional"
13255,2011-11-30 13:14:00,2.0,399.51,177.0,13.0,1.0,8.850000000000001,10.0,390.65999999999997,199.755,33.33333333333333,364.0527777777778,0,"Value tier 1/2: less recent, occasional"
13258,2011-11-28 09:31:00,3.0,672.83,282.0,28.0,0.0,0.0,12.0,672.83,224.27666666666667,0.0,96.92361111111111,1,"Value tier 2/2: recent, repeat"
13259,2011-10-09 10:48:00,1.0,283.18,126.0,77.0,0.0,0.0,62.0,283.18,283.18,0.0,,0,"Value tier 1/2: less recent, occasional"
13260,2011-10-09 13:21:00,1.0,557.62,142.0,8.0,0.0,0.0,62.0,557.62,557.62,0.0,,0,"Value tier 1/2: less recent, occasional"
13261,2011-03-16 12:22:00,2.0,944.1,210.0,8.0,0.0,0.0,269.0,944.1,472.05,0.0,17.070138888888888,0,"Value tier 1/2: less recent, occasional"
13262,2011-03-21 15:06:00,1.0,200.29,125.0,11.0,0.0,0.0,264.0,200.29,200.29,0.0,,0,"Value tier 1/2: less recent, occasional"
13263,2011-12-08 13:59:00,34.0,7411.71,4761.0,448.0,0.0,0.0,2.0,7411.71,217.9914705882353,0.0,9.814983164983165,1,"Value tier 2/2: recent, repeat"
13265,2011-10-17 15:02:00,5.0,2092.66,1740.0,66.0,0.0,0.0,54.0,2092.66,418.532,0.0,55.053472222222226,1,"Value tier 2/2: recent, repeat"
13266,2011-11-28 14:39:00,12.0,3834.2599999999998,4428.0,82.0,7.0,116.59000000000003,12.0,3717.6699999999996,319.52166666666665,36.84210526315789,22.28945707070707,1,"Value tier 2/2: recent, repeat"
13267,2011-12-07 11:12:00,19.0,4521.49,1969.0,88.0,8.0,117.05000000000001,3.0,4404.44,237.97315789473683,29.629629629629626,20.226543209876542,1,"Value tier 2/2: recent, repeat"
13268,2011-11-22 11:34:00,10.0,3152.71,3548.0,256.0,4.0,47.050000000000004,18.0,3105.66,315.271,28.57142857142857,27.769598765432097,1,"Value tier 2/2: recent, repeat"
13269,2011-12-08 14:53:00,15.0,5343.28,3513.0,177.0,2.0,30.31,2.0,5312.969999999999,356.21866666666665,11.76470588235294,26.294742063492063,1,"Value tier 2/2: recent, repeat"
13270,2010-12-08 14:53:00,1.0,590.0,200.0,1.0,0.0,0.0,367.0,590.0,590.0,0.0,,0,"Value tier 1/2: less recent, occasional"
13271,2011-11-02 14:31:00,1.0,211.49,240.0,79.0,1.0,39.12,38.0,172.37,211.49,50.0,,0,"Value tier 1/2: less recent, occasional"
13272,2011-11-08 14:00:00,2.0,276.56,96.0,15.0,0.0,0.0,32.0,276.56,138.28,0.0,58.079166666666666,0,"Value tier 1/2: less recent, occasional"
13273,2011-08-18 14:02:00,1.0,138.98,153.0,16.0,0.0,0.0,114.0,138.98,138.98,0.0,,0,"Value tier 1/2: less recent, occasional"
13276,2011-10-07 12:44:00,2.0,590.9300000000001,161.0,30.0,0.0,0.0,64.0,590.9300000000001,295.46500000000003,0.0,36.111805555555556,0,"Value tier 1/2: less recent, occasional"
13277,2011-11-24 09:21:00,4.0,258.4,176.0,5.0,0.0,0.0,16.0,258.4,64.6,0.0,39.322916666666664,0,"Value tier 1/2: less recent, occasional"
13278,2011-10-30 11:49:00,1.0,542.73,537.0,46.0,0.0,0.0,41.0,542.73,542.73,0.0,,0,"Value tier 1/2: less recent, occasional"
13279,2011-09-22 17:24:00,1.0,137.75,73.0,9.0,1.0,11.45,79.0,126.3,137.75,50.0,,0,"Value tier 1/2: less recent, occasional"
13280,2011-08-09 13:14:00,3.0,798.46,518.0,67.0,0.0,0.0,123.0,798.46,266.15333333333336,0.0,107.41805555555555,0,"Value tier 1/2: less recent, occasional"
13282,2011-11-21 15:33:00,3.0,1132.14,307.0,29.0,3.0,84.3,19.0,1047.8400000000001,377.38000000000005,50.0,101.07291666666666,1,"Value tier 2/2: recent, repeat"
13283,2011-10-11 09:50:00,2.0,93.66,90.0,7.0,0.0,0.0,60.0,93.66,46.83,0.0,125.88263888888889,0,"Value tier 1/2: less recent, occasional"
13284,2011-01-13 09:23:00,1.0,201.19,91.0,13.0,1.0,5.04,331.0,196.15,201.19,50.0,,0,"Value tier 1/2: less recent, occasional"
13285,2011-11-16 13:19:00,4.0,2709.12,2051.0,157.0,0.0,0.0,24.0,2709.12,677.28,0.0,88.94583333333333,1,"Value tier 2/2: recent, repeat"
13291,2011-07-07 10:36:00,1.0,361.11,233.0,41.0,0.0,0.0,156.0,361.11,361.11,0.0,,0,"Value tier 1/2: less recent, occasional"
13292,2011-11-01 10:04:00,2.0,578.9399999999999,347.0,29.0,0.0,0.0,39.0,578.9399999999999,289.46999999999997,0.0,245.79444444444445,0,"Value tier 1/2: less recent, occasional"
13294,2011-06-03 08:54:00,2.0,873.74,453.0,48.0,0.0,0.0,190.0,873.74,436.87,0.0,59.84513888888889,0,"Value tier 1/2: less recent, occasional"
13295,2010-12-15 11:21:00,1.0,201.20000000000002,82.0,10.0,1.0,3.25,360.0,197.95000000000002,201.20000000000002,50.0,,0,"Value tier 1/2: less recent, occasional"
13296,2011-07-25 13:46:00,1.0,87.4,78.0,5.0,0.0,0.0,138.0,87.4,87.4,0.0,,0,"Value tier 1/2: less recent, occasional"
13297,2011-12-02 09:32:00,4.0,2089.85,963.0,52.0,0.0,0.0,8.0,2089.85,522.4625,0.0,19.92222222222222,1,"Value tier 2/2: recent, repeat"
13298,2011-12-08 13:11:00,1.0,360.0,96.0,2.0,0.0,0.0,2.0,360.0,360.0,0.0,,0,"Value tier 1/2: less recent, occasional"
13299,2011-03-16 12:55:00,1.0,142.5,30.0,5.0,0.0,0.0,269.0,142.5,142.5,0.0,,0,"Value tier 1/2: less recent, occasional"
13300,2011-06-23 13:09:00,1.0,371.89,203.0,20.0,1.0,6.6,170.0,365.28999999999996,371.89,50.0,,0,"Value tier 1/2: less recent, occasional"
13301,2011-08-28 11:25:00,4.0,600.19,343.0,74.0,0.0,0.0,104.0,600.19,150.0475,0.0,62.975,0,"Value tier 1/2: less recent, occasional"
13302,2011-07-07 17:56:00,1.0,63.75,5.0,1.0,0.0,0.0,156.0,63.75,63.75,0.0,,0,"Value tier 1/2: less recent, occasional"
13304,2010-12-23 14:35:00,1.0,300.42,238.0,21.0,0.0,0.0,352.0,300.42,300.42,0.0,,0,"Value tier 1/2: less recent, occasional"
13305,2011-12-05 15:15:00,10.0,2000.86,1232.0,50.0,0.0,0.0,5.0,2000.86,200.08599999999998,0.0,40.90316358024691,1,"Value tier 2/2: recent, repeat"
13307,2011-08-11 17:14:00,1.0,15.0,4.0,1.0,0.0,0.0,121.0,15.0,15.0,0.0,,0,"Value tier 1/2: less recent, occasional"
13308,2011-11-17 09:31:00,3.0,1385.51,843.0,49.0,1.0,17.9,23.0,1367.61,461.83666666666664,25.0,90.42291666666667,1,"Value tier 2/2: recent, repeat"
13309,2011-12-02 16:34:00,5.0,1456.79,1544.0,82.0,0.0,0.0,8.0,1456.79,291.358,0.0,75.29253472222223,1,"Value tier 2/2: recent, repeat"
13310,2011-11-11 17:23:00,3.0,1132.03,587.0,65.0,3.0,48.400000000000006,29.0,1083.6299999999999,377.3433333333333,50.0,148.053125,1,"Value tier 2/2: recent, repeat"
13311,2011-12-05 12:55:00,2.0,598.57,305.0,25.0,0.0,0.0,5.0,598.57,299.285,0.0,145.93680555555557,1,"Value tier 2/2: recent, repeat"
13313,2011-11-17 16:48:00,5.0,1555.32,851.0,47.0,0.0,0.0,23.0,1555.32,311.06399999999996,0.0,79.32083333333334,1,"Value tier 2/2: recent, repeat"
13314,2011-12-08 12:29:00,3.0,775.94,560.0,55.0,1.0,182.42999999999998,2.0,593.5100000000001,258.6466666666667,25.0,36.04479166666667,1,"Value tier 2/2: recent, repeat"
13316,2011-11-02 13:40:00,4.0,5732.93,5508.0,66.0,0.0,0.0,38.0,5732.93,1433.2325,0.0,72.34236111111112,1,"Value tier 2/2: recent, repeat"
13317,2011-10-04 13:35:00,6.0,2273.68,1035.0,100.0,3.0,133.61,67.0,2140.0699999999997,378.94666666666666,33.33333333333333,58.435138888888886,1,"Value tier 2/2: recent, repeat"
13318,2011-12-08 18:51:00,3.0,640.76,304.0,14.0,0.0,0.0,2.0,640.76,213.58666666666667,0.0,18.11284722222222,1,"Value tier 2/2: recent, repeat"
13319,2011-12-04 13:34:00,26.0,10845.550000000001,4724.0,209.0,10.0,181.21,6.0,10664.340000000002,417.1365384615385,27.77777777777778,14.405833333333332,1,"Value tier 2/2: recent, repeat"
13320,2011-09-22 18:07:00,4.0,1532.2,1086.0,77.0,2.0,57.0,79.0,1475.2,383.05,33.33333333333333,45.10601851851852,1,"Value tier 2/2: recent, repeat"
13321,2011-09-28 15:24:00,2.0,567.36,372.0,10.0,0.0,0.0,73.0,567.36,283.68,0.0,14.004166666666666,0,"Value tier 1/2: less recent, occasional"
13322,2011-11-22 14:21:00,1.0,199.48000000000002,117.0,25.0,0.0,0.0,18.0,199.48000000000002,199.48000000000002,0.0,,0,"Value tier 1/2: less recent, occasional"
13323,2011-12-06 17:12:00,5.0,787.85,175.0,6.0,0.0,0.0,4.0,787.85,157.57,0.0,20.289756944444445,1,"Value tier 2/2: recent, repeat"
13324,2011-11-03 16:28:00,10.0,7121.95,5205.0,25.0,2.0,49.14999999999999,37.0,7072.8,712.1949999999999,16.666666666666664,36.03070987654321,1,"Value tier 2/2: recent, repeat"
13325,2011-09-19 10:36:00,1.0,675.3,240.0,12.0,0.0,0.0,82.0,675.3,675.3,0.0,,0,"Value tier 1/2: less recent, occasional"
13327,2011-11-01 10:21:00,8.0,3627.77,1600.0,74.0,1.0,10.2,39.0,3617.57,453.47125,11.11111111111111,46.68343253968254,1,"Value tier 2/2: recent, repeat"
13328,2011-01-27 15:22:00,1.0,1308.48,680.0,17.0,0.0,0.0,317.0,1308.48,1308.48,0.0,,0,"Value tier 1/2: less recent, occasional"
13329,2011-11-08 10:29:00,2.0,789.0,463.0,16.0,2.0,48.60000000000001,32.0,740.4,394.5,50.0,335.0125,0,"Value tier 1/2: less recent, occasional"
13330,2011-09-08 12:27:00,3.0,1140.93,751.0,37.0,0.0,0.0,93.0,1140.93,380.31,0.0,111.54826388888888,0,"Value tier 1/2: less recent, occasional"
13332,2011-11-25 13:30:00,1.0,350.9,179.0,21.0,0.0,0.0,15.0,350.9,350.9,0.0,,0,"Value tier 1/2: less recent, occasional"
13334,2011-09-18 15:21:00,3.0,3502.32,1764.0,207.0,0.0,0.0,83.0,3502.32,1167.44,0.0,111.57604166666667,1,"Value tier 2/2: recent, repeat"
13336,2011-09-23 14:05:00,1.0,795.12,559.0,51.0,0.0,0.0,78.0,795.12,795.12,0.0,,0,"Value tier 1/2: less recent, occasional"
13338,2011-07-05 09:06:00,1.0,437.02,255.0,18.0,2.0,55.2,158.0,381.82,437.02,66.66666666666666,,0,"Value tier 1/2: less recent, occasional"
13339,2011-05-23 08:31:00,1.0,860.12,326.0,54.0,0.0,0.0,201.0,860.12,860.12,0.0,,0,"Value tier 1/2: less recent, occasional"
13340,2011-10-25 13:15:00,7.0,10736.48,5770.0,128.0,0.0,0.0,46.0,10736.48,1533.782857142857,0.0,38.51111111111111,1,"Value tier 2/2: recent, repeat"
13341,2011-03-24 09:50:00,1.0,775.85,301.0,42.0,0.0,0.0,261.0,775.85,775.85,0.0,,0,"Value tier 1/2: less recent, occasional"
13343,2011-06-15 12:24:00,1.0,303.43,134.0,18.0,1.0,49.5,178.0,253.93,303.43,50.0,,0,"Value tier 1/2: less recent, occasional"
13344,2011-10-03 09:45:00,3.0,2511.69,952.0,115.0,0.0,0.0,68.0,2511.69,837.23,0.0,104.98506944444443,1,"Value tier 2/2: recent, repeat"
13345,2011-02-25 09:01:00,1.0,339.5,140.0,19.0,1.0,11.899999999999999,288.0,327.6,339.5,50.0,,0,"Value tier 1/2: less recent, occasional"
13347,2011-09-30 13:28:00,1.0,291.36,204.0,7.0,0.0,0.0,71.0,291.36,291.36,0.0,,0,"Value tier 1/2: less recent, occasional"
13348,2011-10-06 17:28:00,1.0,233.76,136.0,14.0,0.0,0.0,65.0,233.76,233.76,0.0,,0,"Value tier 1/2: less recent, occasional"
13349,2011-11-29 08:07:00,1.0,197.32,224.0,15.0,0.0,0.0,11.0,197.32,197.32,0.0,,0,"Value tier 1/2: less recent, occasional"
13350,2011-11-23 16:33:00,2.0,879.12,285.0,35.0,1.0,68.4,17.0,810.72,439.56,33.33333333333333,63.125,0,"Value tier 1/2: less recent, occasional"
13351,2011-10-04 12:55:00,1.0,323.94,116.0,15.0,0.0,0.0,67.0,323.94,323.94,0.0,,0,"Value tier 1/2: less recent, occasional"
13352,2011-10-10 13:55:00,1.0,347.97999999999996,320.0,23.0,1.0,8.7,61.0,339.28,347.97999999999996,50.0,,0,"Value tier 1/2: less recent, occasional"
13354,2011-09-29 13:17:00,1.0,743.53,604.0,51.0,0.0,0.0,72.0,743.53,743.53,0.0,,0,"Value tier 1/2: less recent, occasional"
13355,2011-08-09 14:48:00,1.0,674.7,314.0,32.0,0.0,0.0,123.0,674.7,674.7,0.0,,0,"Value tier 1/2: less recent, occasional"
13356,2011-09-20 14:33:00,1.0,768.24,325.0,42.0,0.0,0.0,81.0,768.24,768.24,0.0,,0,"Value tier 1/2: less recent, occasional"
13357,2011-03-27 13:56:00,1.0,609.4,321.0,85.0,0.0,0.0,258.0,609.4,609.4,0.0,,0,"Value tier 1/2: less recent, occasional"
13358,2011-03-16 11:52:00,1.0,389.03,284.0,28.0,0.0,0.0,269.0,389.03,389.03,0.0,,0,"Value tier 1/2: less recent, occasional"
13359,2011-10-07 09:30:00,1.0,389.56,160.0,22.0,1.0,8.3,64.0,381.26,389.56,50.0,,0,"Value tier 1/2: less recent, occasional"
13362,2011-11-30 14:41:00,4.0,3090.7400000000002,1382.0,128.0,1.0,5.25,10.0,3085.4900000000002,772.6850000000001,20.0,92.7101851851852,1,"Value tier 2/2: recent, repeat"
13363,2011-11-22 12:40:00,2.0,892.5,708.0,46.0,0.0,0.0,18.0,892.5,446.25,0.0,26.079166666666666,0,"Value tier 1/2: less recent, occasional"
13364,2011-09-29 18:13:00,1.0,134.95999999999998,71.0,10.0,1.0,134.96,72.0,-2.842170943040401e-14,134.95999999999998,50.0,,0,"Value tier 1/2: less recent, occasional"
13365,2011-11-06 12:36:00,2.0,2225.37,1247.0,122.0,1.0,34.150000000000006,34.0,2191.22,1112.685,33.33333333333333,184.025,1,"Value tier 2/2: recent, repeat"
13366,2011-10-20 13:37:00,1.0,56.160000000000004,144.0,1.0,0.0,0.0,51.0,56.160000000000004,56.160000000000004,0.0,,0,"Value tier 1/2: less recent, occasional"
13368,2011-03-28 09:59:00,2.0,573.4,326.0,28.0,0.0,0.0,257.0,573.4,286.7,0.0,80.89375,0,"Value tier 1/2: less recent, occasional"
13369,2010-12-09 11:30:00,1.0,258.28000000000003,148.0,13.0,1.0,44.53,366.0,213.75000000000003,258.28000000000003,50.0,,0,"Value tier 1/2: less recent, occasional"
13370,2010-12-03 10:26:00,1.0,754.87,343.0,39.0,1.0,33.55,372.0,721.32,754.87,50.0,,0,"Value tier 1/2: less recent, occasional"
13372,2011-09-11 12:46:00,1.0,328.64,158.0,22.0,0.0,0.0,90.0,328.64,328.64,0.0,,0,"Value tier 1/2: less recent, occasional"
13373,2011-10-10 10:51:00,3.0,3312.25,1651.0,135.0,0.0,0.0,61.0,3312.25,1104.0833333333333,0.0,107.92222222222222,1,"Value tier 2/2: recent, repeat"
13375,2011-09-12 10:19:00,1.0,778.65,442.0,37.0,1.0,5.75,89.0,772.9,778.65,50.0,,0,"Value tier 1/2: less recent, occasional"
13376,2011-09-01 16:16:00,3.0,869.76,490.0,44.0,0.0,0.0,100.0,869.76,289.92,0.0,67.56701388888888,0,"Value tier 1/2: less recent, occasional"
13379,2011-11-13 13:45:00,3.0,572.56,601.0,85.0,0.0,0.0,27.0,572.56,190.85333333333332,0.0,55.027430555555554,0,"Value tier 1/2: less recent, occasional"
13381,2011-11-08 11:58:00,6.0,3639.31,2029.0,77.0,1.0,12.5,32.0,3626.81,606.5516666666666,14.285714285714285,53.415,1,"Value tier 2/2: recent, repeat"
13382,2011-03-04 10:03:00,1.0,222.99,131.0,15.0,0.0,0.0,281.0,222.99,222.99,0.0,,0,"Value tier 1/2: less recent, occasional"
13384,2011-11-09 11:04:00,7.0,4151.93,2422.0,123.0,2.0,29.65,31.0,4122.280000000001,593.1328571428572,22.22222222222222,24.654745370370367,1,"Value tier 2/2: recent, repeat"
13385,2011-01-14 09:52:00,1.0,534.57,281.0,35.0,0.0,0.0,330.0,534.57,534.57,0.0,,0,"Value tier 1/2: less recent, occasional"
13388,2011-07-31 12:52:00,2.0,677.1,282.0,35.0,1.0,49.95,132.0,627.15,338.55,33.33333333333333,0.0,0,"Value tier 1/2: less recent, occasional"
13389,2011-11-28 14:01:00,3.0,797.96,429.0,50.0,0.0,0.0,12.0,797.96,265.9866666666667,0.0,110.53784722222221,1,"Value tier 2/2: recent, repeat"
13390,2011-09-26 08:38:00,1.0,544.08,224.0,13.0,0.0,0.0,75.0,544.08,544.08,0.0,,0,"Value tier 1/2: less recent, occasional"
13391,2011-05-20 10:50:00,1.0,59.8,4.0,1.0,0.0,0.0,204.0,59.8,59.8,0.0,,0,"Value tier 1/2: less recent, occasional"
13394,2011-12-08 11:36:00,8.0,2520.02,2392.0,124.0,1.0,201.72,2.0,2318.3,315.0025,11.11111111111111,44.00565476190476,1,"Value tier 2/2: recent, repeat"
13395,2011-06-07 15:04:00,1.0,307.72,336.0,21.0,0.0,0.0,186.0,307.72,307.72,0.0,,0,"Value tier 1/2: less recent, occasional"
13396,2011-11-10 16:59:00,2.0,1360.99,600.0,42.0,2.0,35.7,30.0,1325.29,680.495,50.0,290.1402777777778,0,"Value tier 1/2: less recent, occasional"
13397,2011-09-28 10:56:00,5.0,1544.13,430.0,28.0,1.0,4.95,73.0,1539.18,308.826,16.666666666666664,66.71979166666667,1,"Value tier 2/2: recent, repeat"
13398,2011-05-31 13:17:00,1.0,457.34,281.0,26.0,0.0,0.0,193.0,457.34,457.34,0.0,,0,"Value tier 1/2: less recent, occasional"
13402,2011-08-04 15:51:00,2.0,621.23,479.0,32.0,0.0,0.0,128.0,621.23,310.615,0.0,244.94375,0,"Value tier 1/2: less recent, occasional"
13403,2011-11-22 08:28:00,1.0,75.0,44.0,3.0,0.0,0.0,18.0,75.0,75.0,0.0,,0,"Value tier 1/2: less recent, occasional"
13404,2011-12-08 15:37:00,2.0,252.49,111.0,11.0,0.0,0.0,2.0,252.49,126.245,0.0,211.15277777777777,1,"Value tier 2/2: recent, repeat"
13405,2011-05-19 16:31:00,2.0,557.45,163.0,24.0,0.0,0.0,205.0,557.45,278.725,0.0,113.29444444444445,0,"Value tier 1/2: less recent, occasional"
13408,2011-12-08 09:05:00,62.0,28117.04,16232.0,234.0,13.0,228.66,2.0,27888.38,453.5006451612903,17.333333333333336,6.097290528233151,1,"Value tier 2/2: recent, repeat"
13410,2011-11-15 15:33:00,5.0,1003.06,518.0,15.0,2.0,14.15,25.0,988.91,200.612,28.57142857142857,66.75954861111111,1,"Value tier 2/2: recent, repeat"
13411,2011-08-24 13:57:00,1.0,213.55,72.0,17.0,0.0,0.0,108.0,213.55,213.55,0.0,,0,"Value tier 1/2: less recent, occasional"
13414,2011-07-29 11:45:00,3.0,1390.5,1574.0,23.0,0.0,0.0,134.0,1390.5,463.5,0.0,81.49027777777778,0,"Value tier 1/2: less recent, occasional"
13416,2011-10-27 08:56:00,2.0,712.5,142.0,11.0,0.0,0.0,44.0,712.5,356.25,0.0,37.759027777777774,0,"Value tier 1/2: less recent, occasional"
13417,2011-12-05 08:49:00,2.0,640.83,162.0,26.0,0.0,0.0,5.0,640.83,320.415,0.0,200.6826388888889,1,"Value tier 2/2: recent, repeat"
13418,2011-11-28 10:23:00,18.0,6127.43,3918.0,223.0,5.0,281.98999999999995,12.0,5845.4400000000005,340.4127777777778,21.73913043478261,21.234395424836602,1,"Value tier 2/2: recent, repeat"
13419,2011-10-07 12:49:00,1.0,221.06,275.0,16.0,0.0,0.0,64.0,221.06,221.06,0.0,,0,"Value tier 1/2: less recent, occasional"
13420,2011-07-13 08:48:00,2.0,159.85,101.0,8.0,2.0,19.5,150.0,140.35,79.925,50.0,20.884027777777778,0,"Value tier 1/2: less recent, occasional"
13421,2011-10-30 14:21:00,2.0,1823.21,1103.0,87.0,1.0,2.1,41.0,1821.1100000000001,911.605,33.33333333333333,249.94097222222223,0,"Value tier 1/2: less recent, occasional"
13422,2011-10-06 13:42:00,1.0,2626.3,1326.0,127.0,1.0,24.75,65.0,2601.55,2626.3,50.0,,0,"Value tier 1/2: less recent, occasional"
13425,2011-08-23 17:13:00,3.0,1624.21,1123.0,66.0,0.0,0.0,109.0,1624.21,541.4033333333333,0.0,93.18020833333333,0,"Value tier 1/2: less recent, occasional"
13426,2011-12-09 08:59:00,10.0,3641.32,2245.0,103.0,1.0,83.0,1.0,3558.32,364.132,9.090909090909092,39.8716049382716,1,"Value tier 2/2: recent, repeat"
13427,2011-11-20 13:02:00,3.0,582.6,545.0,25.0,0.0,0.0,20.0,582.6,194.20000000000002,0.0,97.93888888888888,0,"Value tier 1/2: less recent, occasional"
13428,2011-11-29 14:20:00,1.0,201.78,151.0,70.0,0.0,0.0,11.0,201.78,201.78,0.0,,0,"Value tier 1/2: less recent, occasional"
13429,2011-11-29 09:10:00,4.0,1006.8,1390.0,55.0,0.0,0.0,11.0,1006.8,251.7,0.0,21.57199074074074,1,"Value tier 2/2: recent, repeat"
13430,2011-11-21 08:19:00,2.0,679.45,751.0,48.0,2.0,27.380000000000003,19.0,652.07,339.725,50.0,67.74513888888889,0,"Value tier 1/2: less recent, occasional"
13431,2011-10-03 13:49:00,2.0,1269.1,672.0,44.0,0.0,0.0,68.0,1269.1,634.55,0.0,21.1,0,"Value tier 1/2: less recent, occasional"
13434,2011-09-26 14:30:00,2.0,534.24,300.0,9.0,0.0,0.0,75.0,534.24,267.12,0.0,22.163194444444443,0,"Value tier 1/2: less recent, occasional"
13435,2011-12-04 14:45:00,7.0,3809.8900000000003,2129.0,68.0,2.0,15.4,6.0,3794.4900000000002,544.2700000000001,22.22222222222222,30.650231481481484,1,"Value tier 2/2: recent, repeat"
13436,2011-12-08 10:33:00,1.0,196.89,76.0,12.0,0.0,0.0,2.0,196.89,196.89,0.0,,0,"Value tier 1/2: less recent, occasional"
13437,2011-11-25 14:00:00,7.0,3408.06,1283.0,143.0,0.0,0.0,15.0,3408.06,486.86571428571426,0.0,29.32986111111111,1,"Value tier 2/2: recent, repeat"
13439,2011-03-29 14:20:00,1.0,283.71,242.0,54.0,0.0,0.0,256.0,283.71,283.71,0.0,,0,"Value tier 1/2: less recent, occasional"
13441,2011-09-09 09:38:00,1.0,296.64,204.0,13.0,0.0,0.0,92.0,296.64,296.64,0.0,,0,"Value tier 1/2: less recent, occasional"
13447,2011-11-16 13:38:00,3.0,1129.14,584.0,55.0,1.0,24.91,24.0,1104.23,376.38000000000005,25.0,6.072222222222222,1,"Value tier 2/2: recent, repeat"
13448,2011-11-23 12:33:00,6.0,3534.69,1648.0,137.0,4.0,73.7,17.0,3460.9900000000002,589.115,40.0,71.41402777777778,1,"Value tier 2/2: recent, repeat"
13449,2011-11-16 08:28:00,1.0,291.88,222.0,19.0,0.0,0.0,24.0,291.88,291.88,0.0,,0,"Value tier 1/2: less recent, occasional"
13450,2011-11-13 11:54:00,6.0,2043.7199999999998,1982.0,32.0,0.0,0.0,27.0,2043.7199999999998,340.61999999999995,0.0,38.33416666666667,1,"Value tier 2/2: recent, repeat"
13451,2011-11-13 15:58:00,5.0,2898.2599999999998,2128.0,315.0,1.0,59.699999999999996,27.0,2838.56,579.6519999999999,16.666666666666664,77.00399305555555,1,"Value tier 2/2: recent, repeat"
13452,2011-03-25 14:19:00,2.0,590.0,2.0,1.0,0.0,0.0,260.0,590.0,295.0,0.0,11.111805555555556,0,"Value tier 1/2: less recent, occasional"
13453,2011-06-27 09:34:00,2.0,356.97999999999996,134.0,16.0,0.0,0.0,166.0,356.97999999999996,178.48999999999998,0.0,123.99305555555556,0,"Value tier 1/2: less recent, occasional"
13455,2011-11-15 11:21:00,2.0,1058.34,354.0,42.0,2.0,50.99000000000001,25.0,1007.3499999999999,529.17,50.0,341.9236111111111,0,"Value tier 1/2: less recent, occasional"
13456,2011-11-22 09:18:00,6.0,1766.72,765.0,43.0,1.0,28.9,18.0,1737.82,294.4533333333333,14.285714285714285,37.94777777777777,1,"Value tier 2/2: recent, repeat"
13458,2011-12-02 15:29:00,14.0,9646.57,5508.0,242.0,8.0,108.65,8.0,9537.92,689.0407142857142,36.36363636363637,27.08782051282051,1,"Value tier 2/2: recent, repeat"
13460,2011-11-10 17:17:00,2.0,183.44,286.0,16.0,0.0,0.0,30.0,183.44,91.72,0.0,20.310416666666665,0,"Value tier 1/2: less recent, occasional"
13461,2011-11-01 09:01:00,3.0,1445.0,1170.0,14.0,0.0,0.0,39.0,1445.0,481.6666666666667,0.0,62.47152777777778,1,"Value tier 2/2: recent, repeat"
13462,2011-04-01 11:20:00,1.0,151.5,62.0,9.0,1.0,8.25,253.0,143.25,151.5,50.0,,0,"Value tier 1/2: less recent, occasional"
13464,2011-10-12 15:01:00,1.0,674.68,403.0,41.0,0.0,0.0,59.0,674.68,674.68,0.0,,0,"Value tier 1/2: less recent, occasional"
13466,2011-06-08 16:39:00,1.0,307.9,259.0,17.0,1.0,9.95,185.0,297.95,307.9,50.0,,0,"Value tier 1/2: less recent, occasional"
13467,2011-11-29 10:01:00,2.0,1071.91,580.0,89.0,0.0,0.0,11.0,1071.91,535.955,0.0,25.711805555555557,1,"Value tier 2/2: recent, repeat"
13468,2011-12-08 10:39:00,37.0,5704.97,2589.0,184.0,4.0,48.22,2.0,5656.75,154.1883783783784,9.75609756097561,10.328144290123456,1,"Value tier 2/2: recent, repeat"
13470,2011-09-01 14:57:00,2.0,165.0,100.0,7.0,0.0,0.0,100.0,165.0,82.5,0.0,15.910416666666666,0,"Value tier 1/2: less recent, occasional"
13471,2011-12-08 15:44:00,4.0,2501.84,1583.0,214.0,0.0,0.0,2.0,2501.84,625.46,0.0,15.368981481481482,1,"Value tier 2/2: recent, repeat"
13473,2011-10-10 11:20:00,2.0,422.64,266.0,21.0,1.0,5.1,61.0,417.53999999999996,211.32,33.33333333333333,272.1076388888889,0,"Value tier 1/2: less recent, occasional"
13474,2011-04-17 13:53:00,1.0,226.84,129.0,59.0,0.0,0.0,237.0,226.84,226.84,0.0,,0,"Value tier 1/2: less recent, occasional"
13475,2011-06-01 13:52:00,4.0,1431.78,1012.0,64.0,0.0,0.0,192.0,1431.78,357.945,0.0,35.68425925925926,0,"Value tier 1/2: less recent, occasional"
13476,2011-06-14 12:00:00,2.0,1238.47,417.0,56.0,2.0,145.7,179.0,1092.77,619.235,50.0,102.88680555555555,0,"Value tier 1/2: less recent, occasional"
13477,2011-11-02 12:04:00,6.0,1454.58,1021.0,57.0,2.0,13.05,38.0,1441.53,242.42999999999998,25.0,50.796527777777776,1,"Value tier 2/2: recent, repeat"
13479,2011-05-23 10:45:00,2.0,300.95,134.0,14.0,1.0,9.95,201.0,291.0,150.475,33.33333333333333,33.97083333333333,0,"Value tier 1/2: less recent, occasional"
13481,2011-10-25 09:07:00,5.0,1804.56,1142.0,98.0,3.0,27.75,46.0,1776.81,360.912,37.5,52.75,1,"Value tier 2/2: recent, repeat"
13482,2011-04-21 17:03:00,1.0,184.64,116.0,11.0,0.0,0.0,233.0,184.64,184.64,0.0,,0,"Value tier 1/2: less recent, occasional"
13483,2011-10-05 11:53:00,1.0,140.34,160.0,10.0,0.0,0.0,66.0,140.34,140.34,0.0,,0,"Value tier 1/2: less recent, occasional"
13484,2011-04-12 16:30:00,1.0,313.8,44.0,8.0,0.0,0.0,242.0,313.8,313.8,0.0,,0,"Value tier 1/2: less recent, occasional"
13485,2011-04-20 13:58:00,1.0,454.24,277.0,23.0,0.0,0.0,234.0,454.24,454.24,0.0,,0,"Value tier 1/2: less recent, occasional"
13486,2011-09-22 13:13:00,3.0,1122.41,669.0,69.0,0.0,0.0,79.0,1122.41,374.1366666666667,0.0,38.41458333333333,0,"Value tier 1/2: less recent, occasional"
13487,2011-10-13 12:07:00,3.0,575.4,265.0,26.0,0.0,0.0,58.0,575.4,191.79999999999998,0.0,147.94201388888888,0,"Value tier 1/2: less recent, occasional"
13488,2011-11-22 14:41:00,13.0,8968.31,4518.0,271.0,4.0,57.7,18.0,8910.609999999999,689.87,23.52941176470588,29.172453703703706,1,"Value tier 2/2: recent, repeat"
13489,2011-08-26 13:16:00,4.0,449.52,560.0,11.0,0.0,0.0,106.0,449.52,112.38,0.0,63.03564814814815,0,"Value tier 1/2: less recent, occasional"
13491,2011-10-19 08:32:00,10.0,1215.82,903.0,73.0,0.0,0.0,52.0,1215.82,121.582,0.0,35.63904320987654,1,"Value tier 2/2: recent, repeat"
13492,2011-07-26 14:25:00,3.0,1269.84,408.0,38.0,0.0,0.0,137.0,1269.84,423.28,0.0,39.089930555555554,0,"Value tier 1/2: less recent, occasional"
13493,2011-03-09 15:35:00,2.0,498.63,377.0,5.0,0.0,0.0,276.0,498.63,249.315,0.0,11.953472222222222,0,"Value tier 1/2: less recent, occasional"
13494,2011-02-01 11:58:00,1.0,316.26000000000005,162.0,18.0,0.0,0.0,312.0,316.26000000000005,316.26000000000005,0.0,,0,"Value tier 1/2: less recent, occasional"
13495,2011-12-02 11:21:00,5.0,2044.8700000000001,829.0,34.0,1.0,54.75,8.0,1990.1200000000001,408.97400000000005,16.666666666666664,90.20954861111112,1,"Value tier 2/2: recent, repeat"
13496,2011-11-29 10:58:00,2.0,653.33,341.0,28.0,1.0,35.400000000000006,11.0,617.9300000000001,326.665,33.33333333333333,349.0284722222222,0,"Value tier 1/2: less recent, occasional"
13497,2011-03-02 09:04:00,2.0,348.05,163.0,19.0,1.0,27.0,283.0,321.05,174.025,33.33333333333333,85.89375,0,"Value tier 1/2: less recent, occasional"
13499,2011-11-22 11:21:00,5.0,1159.11,1365.0,31.0,2.0,12.149999999999999,18.0,1146.9599999999998,231.82199999999997,28.57142857142857,63.02586805555555,1,"Value tier 2/2: recent, repeat"
13500,2011-11-16 15:35:00,3.0,1166.77,609.0,60.0,1.0,30.0,24.0,1136.77,388.92333333333335,25.0,49.56770833333333,1,"Value tier 2/2: recent, repeat"
13501,2011-02-24 18:59:00,1.0,1340.32,560.0,52.0,1.0,29.849999999999998,289.0,1310.47,1340.32,50.0,,0,"Value tier 1/2: less recent, occasional"
13502,2011-11-23 10:39:00,3.0,292.0,264.0,17.0,0.0,0.0,17.0,292.0,97.33333333333333,0.0,153.53333333333333,0,"Value tier 1/2: less recent, occasional"
13503,2011-09-29 13:23:00,1.0,216.85,248.0,17.0,0.0,0.0,72.0,216.85,216.85,0.0,,0,"Value tier 1/2: less recent, occasional"
13504,2011-10-06 13:20:00,1.0,295.93,178.0,22.0,0.0,0.0,65.0,295.93,295.93,0.0,,0,"Value tier 1/2: less recent, occasional"
13505,2011-09-28 11:56:00,4.0,3633.63,2467.0,181.0,4.0,110.75000000000001,73.0,3522.88,908.4075,50.0,53.330787037037034,1,"Value tier 2/2: recent, repeat"
13506,2011-01-27 13:53:00,2.0,458.52,324.0,26.0,1.0,5.7,317.0,452.82,229.26,33.33333333333333,53.06805555555555,0,"Value tier 1/2: less recent, occasional"
13507,2011-12-06 13:13:00,4.0,2479.16,1597.0,146.0,0.0,0.0,4.0,2479.16,619.79,0.0,47.3525462962963,1,"Value tier 2/2: recent, repeat"
13508,2011-04-10 11:58:00,1.0,110.97,24.0,12.0,0.0,0.0,244.0,110.97,110.97,0.0,,0,"Value tier 1/2: less recent, occasional"
13509,2011-12-01 10:10:00,6.0,964.72,1105.0,26.0,0.0,0.0,9.0,964.72,160.78666666666666,0.0,55.17263888888889,1,"Value tier 2/2: recent, repeat"
13510,2011-12-08 13:46:00,4.0,1791.56,1386.0,86.0,1.0,6.4,2.0,1785.1599999999999,447.89,20.0,60.72546296296296,1,"Value tier 2/2: recent, repeat"
13512,2011-03-24 10:03:00,1.0,251.21,143.0,15.0,0.0,0.0,261.0,251.21,251.21,0.0,,0,"Value tier 1/2: less recent, occasional"
13513,2011-08-05 11:50:00,1.0,205.1,109.0,10.0,0.0,0.0,127.0,205.1,205.1,0.0,,0,"Value tier 1/2: less recent, occasional"
13514,2011-09-27 09:39:00,1.0,152.20000000000002,40.0,4.0,0.0,0.0,74.0,152.20000000000002,152.20000000000002,0.0,,0,"Value tier 1/2: less recent, occasional"
13515,2011-09-28 11:26:00,4.0,891.12,681.0,50.0,0.0,0.0,73.0,891.12,222.78,0.0,58.345601851851846,0,"Value tier 1/2: less recent, occasional"
13516,2011-11-18 13:15:00,3.0,1389.41,985.0,43.0,0.0,0.0,22.0,1389.41,463.1366666666667,0.0,108.54479166666667,1,"Value tier 2/2: recent, repeat"
13517,2011-10-11 11:43:00,3.0,2128.42,1369.0,125.0,2.0,19.35,60.0,2109.07,709.4733333333334,40.0,60.062152777777776,1,"Value tier 2/2: recent, repeat"
13518,2011-09-15 10:29:00,1.0,627.16,382.0,36.0,0.0,0.0,86.0,627.16,627.16,0.0,,0,"Value tier 1/2: less recent, occasional"
13519,2011-09-22 18:24:00,1.0,122.75,23.0,8.0,1.0,11.95,79.0,110.8,122.75,50.0,,0,"Value tier 1/2: less recent, occasional"
13520,2011-10-12 10:20:00,6.0,2984.35,1633.0,48.0,1.0,16.6,59.0,2967.75,497.39166666666665,14.285714285714285,62.59777777777778,1,"Value tier 2/2: recent, repeat"
13521,2011-12-08 13:50:00,3.0,1070.47,715.0,312.0,0.0,0.0,2.0,1070.47,356.8233333333333,0.0,4.472569444444445,1,"Value tier 2/2: recent, repeat"
13522,2011-11-09 15:11:00,1.0,125.80000000000001,44.0,5.0,0.0,0.0,31.0,125.80000000000001,125.80000000000001,0.0,,0,"Value tier 1/2: less recent, occasional"
13523,2011-11-06 15:11:00,5.0,3964.88,1752.0,157.0,1.0,209.5,34.0,3755.38,792.976,16.666666666666664,83.25850694444445,1,"Value tier 2/2: recent, repeat"
13524,2011-10-30 12:34:00,5.0,680.1800000000001,324.0,17.0,0.0,0.0,41.0,680.1800000000001,136.036,0.0,44.75138888888889,1,"Value tier 2/2: recent, repeat"
13525,2011-11-25 12:01:00,2.0,628.78,394.0,5.0,0.0,0.0,15.0,628.78,314.39,0.0,233.85069444444446,0,"Value tier 1/2: less recent, occasional"
13527,2011-11-06 12:04:00,7.0,2242.36,1683.0,153.0,1.0,23.75,34.0,2218.61,320.33714285714285,12.5,48.83877314814814,1,"Value tier 2/2: recent, repeat"
13529,2011-09-22 09:15:00,2.0,307.76,74.0,15.0,0.0,0.0,79.0,307.76,153.88,0.0,125.89236111111111,0,"Value tier 1/2: less recent, occasional"
13531,2011-05-18 16:56:00,2.0,483.8,174.0,17.0,0.0,0.0,206.0,483.8,241.9,0.0,161.07847222222222,0,"Value tier 1/2: less recent, occasional"
13532,2011-11-06 12:25:00,1.0,210.31,129.0,66.0,0.0,0.0,34.0,210.31,210.31,0.0,,0,"Value tier 1/2: less recent, occasional"
13533,2011-06-10 11:54:00,3.0,269.09,202.0,61.0,0.0,0.0,183.0,269.09,89.69666666666666,0.0,42.48159722222222,0,"Value tier 1/2: less recent, occasional"
13534,2011-12-07 14:52:00,25.0,5870.08,2961.0,119.0,18.0,257.0,3.0,5613.08,234.8032,41.86046511627907,14.832436342592594,1,"Value tier 2/2: recent, repeat"
13536,2011-12-08 16:38:00,7.0,3444.39,2126.0,91.0,0.0,0.0,2.0,3444.39,492.05571428571426,0.0,12.355092592592593,1,"Value tier 2/2: recent, repeat"
13538,2011-10-27 16:34:00,7.0,1280.85,175.0,10.0,0.0,0.0,44.0,1280.85,182.97857142857143,0.0,45.37430555555556,1,"Value tier 2/2: recent, repeat"
13539,2011-09-15 10:18:00,3.0,631.34,320.0,35.0,1.0,25.5,86.0,605.84,210.4466666666667,25.0,111.89409722222221,0,"Value tier 1/2: less recent, occasional"
13544,2011-10-31 11:57:00,2.0,276.06,112.0,76.0,0.0,0.0,40.0,276.06,138.03,0.0,200.99166666666667,0,"Value tier 1/2: less recent, occasional"
13546,2011-11-27 14:50:00,3.0,621.09,357.0,72.0,0.0,0.0,13.0,621.09,207.03,0.0,94.05416666666667,1,"Value tier 2/2: recent, repeat"
13548,2011-09-04 14:50:00,2.0,678.16,436.0,114.0,0.0,0.0,97.0,678.16,339.08,0.0,147.13541666666666,0,"Value tier 1/2: less recent, occasional"
13549,2011-11-14 09:20:00,7.0,918.2,458.0,37.0,1.0,2.08,26.0,916.12,131.17142857142858,12.5,36.13634259259259,1,"Value tier 2/2: recent, repeat"
13551,2011-01-24 14:46:00,1.0,91.80000000000001,12.0,4.0,0.0,0.0,320.0,91.80000000000001,91.80000000000001,0.0,,0,"Value tier 1/2: less recent, occasional"
13552,2011-10-04 15:19:00,12.0,3740.07,1417.0,82.0,4.0,200.54000000000002,67.0,3539.53,311.6725,25.0,22.655871212121212,1,"Value tier 2/2: recent, repeat"
13555,2011-09-27 12:36:00,4.0,4098.88,2636.0,128.0,0.0,0.0,74.0,4098.88,1024.72,0.0,42.6875,1,"Value tier 2/2: recent, repeat"
13557,2011-11-11 15:24:00,2.0,584.06,546.0,31.0,0.0,0.0,29.0,584.06,292.03,0.0,252.13194444444446,0,"Value tier 1/2: less recent, occasional"
13558,2011-12-04 11:24:00,4.0,594.52,338.0,123.0,0.0,0.0,6.0,594.52,148.63,0.0,20.977546296296296,1,"Value tier 2/2: recent, repeat"
13560,2011-12-02 13:11:00,1.0,171.42000000000002,63.0,32.0,0.0,0.0,8.0,171.42000000000002,171.42000000000002,0.0,,0,"Value tier 1/2: less recent, occasional"
13561,2011-05-08 12:39:00,1.0,141.85999999999999,83.0,14.0,0.0,0.0,216.0,141.85999999999999,141.85999999999999,0.0,,0,"Value tier 1/2: less recent, occasional"
13562,2011-09-19 10:51:00,3.0,1799.33,757.0,50.0,0.0,0.0,82.0,1799.33,599.7766666666666,0.0,81.96145833333334,0,"Value tier 1/2: less recent, occasional"
13563,2011-09-16 14:45:00,2.0,777.53,209.0,49.0,0.0,0.0,85.0,777.53,388.765,0.0,55.891666666666666,0,"Value tier 1/2: less recent, occasional"
13564,2010-12-20 16:50:00,2.0,1174.03,635.0,67.0,0.0,0.0,355.0,1174.03,587.015,0.0,13.975,0,"Value tier 1/2: less recent, occasional"
13565,2011-11-20 14:33:00,2.0,240.22,172.0,35.0,0.0,0.0,20.0,240.22,120.11,0.0,315.00347222222223,0,"Value tier 1/2: less recent, occasional"
13566,2011-10-30 11:59:00,2.0,856.84,567.0,134.0,0.0,0.0,41.0,856.84,428.42,0.0,41.97152777777778,0,"Value tier 1/2: less recent, occasional"
13568,2011-06-19 14:42:00,1.0,187.05,66.0,41.0,0.0,0.0,174.0,187.05,187.05,0.0,,0,"Value tier 1/2: less recent, occasional"
13569,2011-11-22 13:07:00,2.0,337.12,155.0,72.0,0.0,0.0,18.0,337.12,168.56,0.0,350.0263888888889,0,"Value tier 1/2: less recent, occasional"
13570,2011-04-10 13:36:00,1.0,239.49,161.0,27.0,0.0,0.0,244.0,239.49,239.49,0.0,,0,"Value tier 1/2: less recent, occasional"
13571,2011-11-27 10:47:00,12.0,2088.94,1757.0,157.0,0.0,0.0,13.0,2088.94,174.07833333333335,0.0,21.901767676767676,1,"Value tier 2/2: recent, repeat"
13572,2011-05-18 11:59:00,1.0,1384.25,534.0,32.0,0.0,0.0,206.0,1384.25,1384.25,0.0,,0,"Value tier 1/2: less recent, occasional"
13573,2011-10-20 14:33:00,2.0,290.25,302.0,24.0,0.0,0.0,51.0,290.25,145.125,0.0,202.99027777777778,0,"Value tier 1/2: less recent, occasional"
13575,2011-11-16 13:14:00,5.0,732.0699999999999,449.0,41.0,0.0,0.0,24.0,732.0699999999999,146.414,0.0,38.23784722222222,1,"Value tier 2/2: recent, repeat"
13576,2011-11-29 15:34:00,18.0,6717.34,2646.0,78.0,2.0,14.040000000000001,11.0,6703.3,373.18555555555554,10.0,21.3484477124183,1,"Value tier 2/2: recent, repeat"
13577,2011-11-14 15:19:00,4.0,1687.6000000000001,791.0,61.0,1.0,29.3,26.0,1658.3000000000002,421.90000000000003,20.0,72.0662037037037,1,"Value tier 2/2: recent, repeat"
13579,2011-11-25 08:41:00,2.0,467.04,176.0,19.0,0.0,0.0,15.0,467.04,233.52,0.0,354.68819444444443,0,"Value tier 1/2: less recent, occasional"
13581,2011-02-03 14:41:00,1.0,118.0,30.0,10.0,0.0,0.0,310.0,118.0,118.0,0.0,,0,"Value tier 1/2: less recent, occasional"
13583,2011-07-07 10:40:00,1.0,781.03,725.0,53.0,0.0,0.0,156.0,781.03,781.03,0.0,,0,"Value tier 1/2: less recent, occasional"
13584,2011-02-06 12:49:00,1.0,142.4,37.0,24.0,0.0,0.0,307.0,142.4,142.4,0.0,,0,"Value tier 1/2: less recent, occasional"
13587,2011-10-07 12:31:00,1.0,712.4,180.0,8.0,2.0,365.4,64.0,347.0,712.4,66.66666666666666,,0,"Value tier 1/2: less recent, occasional"
13588,2011-11-24 10:42:00,9.0,2478.95,2606.0,131.0,3.0,29.42,16.0,2449.5299999999997,275.43888888888887,25.0,29.973003472222224,1,"Value tier 2/2: recent, repeat"
13589,2011-11-25 12:10:00,2.0,379.65,114.0,21.0,0.0,0.0,15.0,379.65,189.825,0.0,164.9763888888889,0,"Value tier 1/2: less recent, occasional"
13590,2011-11-28 12:54:00,6.0,1981.92,1848.0,70.0,1.0,5.800000000000001,12.0,1976.1200000000001,330.32,14.285714285714285,58.39569444444444,1,"Value tier 2/2: recent, repeat"
13591,2011-10-06 12:26:00,3.0,1117.13,485.0,56.0,0.0,0.0,65.0,1117.13,372.3766666666667,0.0,101.00277777777777,0,"Value tier 1/2: less recent, occasional"
13592,2011-11-04 09:49:00,4.0,247.95999999999998,84.0,15.0,0.0,0.0,36.0,247.95999999999998,61.989999999999995,0.0,76.27499999999999,0,"Value tier 1/2: less recent, occasional"
13593,2011-08-23 13:35:00,5.0,2011.88,719.0,77.0,1.0,46.8,109.0,1965.0800000000002,402.37600000000003,16.666666666666664,56.969270833333326,1,"Value tier 2/2: recent, repeat"
13594,2011-10-18 10:19:00,1.0,396.97,359.0,26.0,0.0,0.0,53.0,396.97,396.97,0.0,,0,"Value tier 1/2: less recent, occasional"
13596,2011-12-04 12:01:00,2.0,664.11,384.0,133.0,0.0,0.0,6.0,664.11,332.055,0.0,7.002777777777778,1,"Value tier 2/2: recent, repeat"
13598,2011-10-23 14:28:00,1.0,160.04,52.0,33.0,1.0,12.75,48.0,147.29,160.04,50.0,,0,"Value tier 1/2: less recent, occasional"
13599,2011-12-08 16:10:00,21.0,5149.92,3293.0,171.0,12.0,121.35,2.0,5028.57,245.2342857142857,36.36363636363637,18.26246527777778,1,"Value tier 2/2: recent, repeat"
13600,2011-01-31 15:27:00,1.0,219.52,324.0,19.0,0.0,0.0,313.0,219.52,219.52,0.0,,0,"Value tier 1/2: less recent, occasional"
13601,2011-10-25 17:31:00,2.0,693.32,548.0,90.0,0.0,0.0,46.0,693.32,346.66,0.0,166.02708333333334,0,"Value tier 1/2: less recent, occasional"
13602,2011-10-06 11:47:00,1.0,428.89,267.0,23.0,0.0,0.0,65.0,428.89,428.89,0.0,,0,"Value tier 1/2: less recent, occasional"
13603,2011-11-13 15:57:00,1.0,164.34,164.0,27.0,0.0,0.0,27.0,164.34,164.34,0.0,,0,"Value tier 1/2: less recent, occasional"
13606,2011-11-10 17:46:00,3.0,276.75,276.0,40.0,0.0,0.0,30.0,276.75,92.25,0.0,141.1263888888889,0,"Value tier 1/2: less recent, occasional"
13607,2011-10-30 16:17:00,1.0,675.51,288.0,93.0,0.0,0.0,41.0,675.51,675.51,0.0,,0,"Value tier 1/2: less recent, occasional"
13610,2011-11-27 15:38:00,7.0,1082.33,488.0,165.0,2.0,16.45,13.0,1065.8799999999999,154.6185714285714,22.22222222222222,45.50625,1,"Value tier 2/2: recent, repeat"
13611,2011-09-11 14:51:00,3.0,1154.4,754.0,67.0,1.0,13.6,90.0,1140.8000000000002,384.8,25.0,135.09027777777777,0,"Value tier 1/2: less recent, occasional"
13614,2011-11-15 14:47:00,4.0,1585.46,564.0,171.0,0.0,0.0,25.0,1585.46,396.365,0.0,102.0300925925926,1,"Value tier 2/2: recent, repeat"
13615,2011-01-25 08:21:00,1.0,417.69,189.0,23.0,1.0,17.700000000000003,319.0,399.99,417.69,50.0,,0,"Value tier 1/2: less recent, occasional"
13617,2011-10-30 13:50:00,3.0,544.18,300.0,31.0,0.0,0.0,41.0,544.18,181.39333333333332,0.0,70.01909722222223,0,"Value tier 1/2: less recent, occasional"
13618,2011-06-19 11:09:00,1.0,177.34,246.0,13.0,0.0,0.0,174.0,177.34,177.34,0.0,,0,"Value tier 1/2: less recent, occasional"
13621,2011-08-15 08:26:00,1.0,213.85,343.0,19.0,0.0,0.0,117.0,213.85,213.85,0.0,,0,"Value tier 1/2: less recent, occasional"
13623,2011-11-09 12:00:00,5.0,727.74,286.0,75.0,2.0,31.54,31.0,696.2,145.548,28.57142857142857,66.73819444444445,1,"Value tier 2/2: recent, repeat"
13626,2011-04-01 10:05:00,1.0,257.23,209.0,19.0,0.0,0.0,253.0,257.23,257.23,0.0,,0,"Value tier 1/2: less recent, occasional"
13627,2011-10-11 14:20:00,5.0,1638.47,1269.0,84.0,2.0,14.45,60.0,1624.02,327.694,28.57142857142857,74.54652777777778,1,"Value tier 2/2: recent, repeat"
13629,2011-11-16 13:21:00,11.0,7792.36,4372.0,28.0,0.0,0.0,24.0,7792.36,708.3963636363636,0.0,31.505000000000003,1,"Value tier 2/2: recent, repeat"
13630,2011-12-04 15:16:00,7.0,2031.78,1391.0,51.0,4.0,36.1,6.0,1995.68,290.2542857142857,36.36363636363637,46.683680555555554,1,"Value tier 2/2: recent, repeat"
13631,2011-09-01 09:57:00,11.0,3070.42,467.0,6.0,1.0,48.65,100.0,3021.77,279.1290909090909,8.333333333333332,16.76972222222222,1,"Value tier 2/2: recent, repeat"
13632,2011-11-15 10:51:00,5.0,2118.93,1031.0,121.0,1.0,4.25,25.0,2114.68,423.78599999999994,16.666666666666664,54.70555555555556,1,"Value tier 2/2: recent, repeat"
13634,2011-11-06 13:40:00,5.0,1547.3600000000001,700.0,156.0,0.0,0.0,34.0,1547.3600000000001,309.47200000000004,0.0,73.48090277777777,1,"Value tier 2/2: recent, repeat"
13635,2011-10-03 10:55:00,1.0,1071.03,677.0,62.0,0.0,0.0,68.0,1071.03,1071.03,0.0,,0,"Value tier 1/2: less recent, occasional"
13636,2011-11-03 10:30:00,5.0,949.12,592.0,57.0,1.0,7.5,37.0,941.62,189.824,16.666666666666664,62.20850694444444,1,"Value tier 2/2: recent, repeat"
13637,2011-10-18 13:32:00,3.0,803.05,404.0,78.0,0.0,0.0,53.0,803.05,267.68333333333334,0.0,87.00902777777779,0,"Value tier 1/2: less recent, occasional"
13638,2011-11-24 10:38:00,1.0,122.64,93.0,8.0,0.0,0.0,16.0,122.64,122.64,0.0,,0,"Value tier 1/2: less recent, occasional"
13639,2011-09-26 13:36:00,1.0,1033.34,800.0,39.0,0.0,0.0,75.0,1033.34,1033.34,0.0,,0,"Value tier 1/2: less recent, occasional"
13642,2011-05-08 12:34:00,1.0,312.28,151.0,57.0,0.0,0.0,216.0,312.28,312.28,0.0,,0,"Value tier 1/2: less recent, occasional"
13643,2011-11-08 15:37:00,3.0,519.44,273.0,24.0,0.0,0.0,32.0,519.44,173.14666666666668,0.0,77.08229166666666,0,"Value tier 1/2: less recent, occasional"
13644,2011-11-23 14:07:00,4.0,2624.26,2067.0,144.0,1.0,26.74,17.0,2597.5200000000004,656.065,20.0,29.697685185185183,1,"Value tier 2/2: recent, repeat"
13645,2011-08-11 16:11:00,1.0,252.1,158.0,5.0,0.0,0.0,121.0,252.1,252.1,0.0,,0,"Value tier 1/2: less recent, occasional"
13647,2011-11-30 12:00:00,4.0,1648.1200000000001,887.0,65.0,1.0,7.9,10.0,1640.22,412.03000000000003,20.0,75.03032407407407,1,"Value tier 2/2: recent, repeat"
13649,2011-03-28 11:51:00,2.0,346.6,139.0,23.0,0.0,0.0,257.0,346.6,173.3,0.0,109.87847222222223,0,"Value tier 1/2: less recent, occasional"
13650,2011-11-23 12:22:00,6.0,1836.34,922.0,79.0,1.0,27.0,17.0,1809.34,306.0566666666667,14.285714285714285,50.197916666666664,1,"Value tier 2/2: recent, repeat"
13651,2011-10-31 12:11:00,1.0,79.2,32.0,5.0,0.0,0.0,40.0,79.2,79.2,0.0,,0,"Value tier 1/2: less recent, occasional"
13652,2011-10-25 08:51:00,3.0,1095.08,578.0,48.0,0.0,0.0,46.0,1095.08,365.02666666666664,0.0,161.48958333333331,0,"Value tier 1/2: less recent, occasional"
13654,2011-10-27 16:24:00,6.0,2707.33,2182.0,157.0,0.0,0.0,44.0,2707.33,451.22166666666664,0.0,46.02916666666667,1,"Value tier 2/2: recent, repeat"
13655,2011-08-17 14:25:00,2.0,932.97,605.0,52.0,0.0,0.0,115.0,932.97,466.485,0.0,127.18888888888888,0,"Value tier 1/2: less recent, occasional"
13656,2011-06-28 10:31:00,2.0,379.65,490.0,49.0,0.0,0.0,165.0,379.65,189.825,0.0,172.78402777777777,0,"Value tier 1/2: less recent, occasional"
13657,2011-11-29 12:32:00,2.0,382.14,209.0,16.0,0.0,0.0,11.0,382.14,191.07,0.0,190.99791666666667,0,"Value tier 1/2: less recent, occasional"
13658,2011-11-30 10:13:00,5.0,2639.17,1019.0,91.0,2.0,217.7,10.0,2421.4700000000003,527.8340000000001,28.57142857142857,48.67673611111111,1,"Value tier 2/2: recent, repeat"
13659,2011-05-18 12:37:00,2.0,1563.0,882.0,92.0,1.0,22.35,206.0,1540.65,781.5,33.33333333333333,115.0201388888889,0,"Value tier 1/2: less recent, occasional"
13662,2011-09-15 12:04:00,3.0,881.26,533.0,50.0,4.0,18.68,86.0,862.58,293.75333333333333,57.14285714285714,86.97256944444445,0,"Value tier 1/2: less recent, occasional"
13663,2011-06-13 15:44:00,1.0,189.47,91.0,13.0,0.0,0.0,180.0,189.47,189.47,0.0,,0,"Value tier 1/2: less recent, occasional"
13666,2011-10-10 15:39:00,3.0,84.65,41.0,12.0,0.0,0.0,61.0,84.65,28.21666666666667,0.0,113.55347222222223,0,"Value tier 1/2: less recent, occasional"
13667,2011-07-13 15:42:00,1.0,299.05,149.0,82.0,0.0,0.0,150.0,299.05,299.05,0.0,,0,"Value tier 1/2: less recent, occasional"
13668,2011-12-07 12:11:00,21.0,6309.83,3722.0,284.0,8.0,147.52,3.0,6162.3099999999995,300.46809523809526,27.586206896551722,17.999166666666667,1,"Value tier 2/2: recent, repeat"
13669,2011-10-20 09:32:00,2.0,218.55,237.0,9.0,0.0,0.0,51.0,218.55,109.275,0.0,98.90833333333333,0,"Value tier 1/2: less recent, occasional"
13670,2011-09-25 15:25:00,1.0,349.7,282.0,25.0,0.0,0.0,76.0,349.7,349.7,0.0,,0,"Value tier 1/2: less recent, occasional"
13672,2011-02-11 13:53:00,2.0,186.39000000000001,57.0,4.0,3.0,186.39000000000001,302.0,0.0,93.19500000000001,60.0,30.999305555555555,0,"Value tier 1/2: less recent, occasional"
13673,2011-11-21 12:11:00,2.0,387.44,114.0,47.0,0.0,0.0,19.0,387.44,193.72,0.0,13.854861111111111,0,"Value tier 1/2: less recent, occasional"
13675,2011-07-11 12:57:00,2.0,486.82000000000005,330.0,25.0,0.0,0.0,152.0,486.82000000000005,243.41000000000003,0.0,133.0298611111111,0,"Value tier 1/2: less recent, occasional"
13678,2011-07-11 10:14:00,1.0,232.6,924.0,16.0,0.0,0.0,152.0,232.6,232.6,0.0,,0,"Value tier 1/2: less recent, occasional"
13680,2011-12-08 13:47:00,4.0,3719.12,1934.0,164.0,1.0,1520.1100000000001,2.0,2199.0099999999998,929.78,20.0,112.66087962962963,1,"Value tier 2/2: recent, repeat"
13681,2011-11-22 11:13:00,4.0,827.83,360.0,37.0,0.0,0.0,18.0,827.83,206.9575,0.0,45.9425925925926,1,"Value tier 2/2: recent, repeat"
13682,2011-06-05 14:06:00,1.0,59.5,10.0,3.0,0.0,0.0,188.0,59.5,59.5,0.0,,0,"Value tier 1/2: less recent, occasional"
13684,2011-02-27 10:13:00,1.0,65.13,38.0,29.0,1.0,3.0,286.0,62.129999999999995,65.13,50.0,,0,"Value tier 1/2: less recent, occasional"
13685,2011-12-07 11:41:00,7.0,3119.44,5056.0,29.0,0.0,0.0,3.0,3119.44,445.63428571428574,0.0,9.65763888888889,1,"Value tier 2/2: recent, repeat"
13686,2011-06-10 09:10:00,1.0,72.0,70.0,8.0,0.0,0.0,183.0,72.0,72.0,0.0,,0,"Value tier 1/2: less recent, occasional"
13689,2011-10-07 13:21:00,1.0,910.0,512.0,6.0,0.0,0.0,64.0,910.0,910.0,0.0,,0,"Value tier 1/2: less recent, occasional"
13690,2011-10-11 15:03:00,1.0,172.25,67.0,9.0,0.0,0.0,60.0,172.25,172.25,0.0,,0,"Value tier 1/2: less recent, occasional"
13692,2011-11-15 11:17:00,3.0,1488.32,1226.0,48.0,1.0,14.95,25.0,1473.37,496.1066666666666,25.0,105.96527777777777,1,"Value tier 2/2: recent, repeat"
13694,2011-12-06 09:32:00,50.0,65039.62,63312.0,366.0,7.0,2078.08,4.0,62961.54,1300.7924,12.280701754385964,7.548752834467121,1,"Value tier 2/2: recent, repeat"
13695,2011-11-08 14:26:00,15.0,2504.13,1603.0,46.0,0.0,0.0,32.0,2504.13,166.942,0.0,16.294394841269842,1,"Value tier 2/2: recent, repeat"
13697,2011-11-01 09:14:00,1.0,151.29999999999998,177.0,12.0,0.0,0.0,39.0,151.29999999999998,151.29999999999998,0.0,,0,"Value tier 1/2: less recent, occasional"
13699,2011-07-07 16:51:00,1.0,308.58000000000004,66.0,14.0,0.0,0.0,156.0,308.58000000000004,308.58000000000004,0.0,,0,"Value tier 1/2: less recent, occasional"
13700,2011-11-13 13:00:00,10.0,2248.63,2281.0,139.0,0.0,0.0,27.0,2248.63,224.863,0.0,33.44305555555556,1,"Value tier 2/2: recent, repeat"
13703,2011-01-25 13:10:00,1.0,99.5,10.0,1.0,0.0,0.0,319.0,99.5,99.5,0.0,,0,"Value tier 1/2: less recent, occasional"
13704,2011-12-04 15:13:00,9.0,2308.06,1531.0,111.0,1.0,12.75,6.0,2295.31,256.4511111111111,10.0,10.377864583333334,1,"Value tier 2/2: recent, repeat"
13705,2011-12-02 12:32:00,3.0,711.86,363.0,25.0,0.0,0.0,8.0,711.86,237.28666666666666,0.0,183.04270833333334,1,"Value tier 2/2: recent, repeat"
13706,2011-02-10 09:21:00,1.0,330.79,189.0,20.0,0.0,0.0,303.0,330.79,330.79,0.0,,0,"Value tier 1/2: less recent, occasional"
13707,2011-03-17 18:03:00,2.0,806.41,351.0,48.0,0.0,0.0,268.0,806.41,403.205,0.0,48.19166666666667,0,"Value tier 1/2: less recent, occasional"
13708,2011-03-13 13:46:00,1.0,283.33,300.0,48.0,0.0,0.0,272.0,283.33,283.33,0.0,,0,"Value tier 1/2: less recent, occasional"
13709,2011-12-06 10:28:00,13.0,6307.650000000001,3508.0,244.0,4.0,78.94,4.0,6228.710000000001,485.2038461538462,23.52941176470588,25.98443287037037,1,"Value tier 2/2: recent, repeat"
13710,2011-11-08 08:16:00,1.0,180.48,176.0,8.0,0.0,0.0,32.0,180.48,180.48,0.0,,0,"Value tier 1/2: less recent, occasional"
13711,2011-05-05 10:31:00,2.0,252.06,140.0,11.0,0.0,0.0,219.0,252.06,126.03,0.0,0.001388888888888889,0,"Value tier 1/2: less recent, occasional"
13712,2011-04-07 12:33:00,1.0,228.84,352.0,10.0,0.0,0.0,247.0,228.84,228.84,0.0,,0,"Value tier 1/2: less recent, occasional"
13715,2011-03-03 19:21:00,5.0,1077.39,562.0,89.0,3.0,25.4,282.0,1051.99,215.478,37.5,22.85920138888889,0,"Value tier 1/2: less recent, occasional"
13716,2011-03-15 13:49:00,1.0,138.28,138.0,21.0,0.0,0.0,270.0,138.28,138.28,0.0,,0,"Value tier 1/2: less recent, occasional"
13717,2011-11-07 14:13:00,6.0,1445.01,1959.0,92.0,1.0,12.75,33.0,1432.26,240.835,14.285714285714285,53.20722222222222,1,"Value tier 2/2: recent, repeat"
13718,2011-04-07 13:24:00,2.0,306.55,173.0,9.0,0.0,0.0,247.0,306.55,153.275,0.0,49.05972222222222,0,"Value tier 1/2: less recent, occasional"
13719,2011-11-24 15:26:00,5.0,1041.68,609.0,56.0,0.0,0.0,16.0,1041.68,208.336,0.0,54.765625,1,"Value tier 2/2: recent, repeat"
13720,2011-08-15 12:46:00,4.0,799.9,501.0,42.0,0.0,0.0,117.0,799.9,199.975,0.0,46.04837962962963,0,"Value tier 1/2: less recent, occasional"
13721,2011-11-03 14:05:00,1.0,524.14,316.0,28.0,0.0,0.0,37.0,524.14,524.14,0.0,,0,"Value tier 1/2: less recent, occasional"
13722,2011-07-31 12:44:00,3.0,2375.41,1401.0,75.0,1.0,6.25,132.0,2369.16,791.8033333333333,25.0,75.52118055555555,0,"Value tier 1/2: less recent, occasional"
13723,2011-05-06 17:04:00,1.0,199.85000000000002,43.0,6.0,0.0,0.0,218.0,199.85000000000002,199.85000000000002,0.0,,0,"Value tier 1/2: less recent, occasional"
13725,2011-10-21 10:03:00,8.0,1980.56,806.0,95.0,3.0,170.75,50.0,1809.81,247.57,27.27272727272727,36.986607142857146,1,"Value tier 2/2: recent, repeat"
13726,2011-11-01 10:49:00,2.0,1079.6599999999999,1054.0,39.0,0.0,0.0,39.0,1079.6599999999999,539.8299999999999,0.0,61.988194444444446,0,"Value tier 1/2: less recent, occasional"
13727,2011-11-11 09:46:00,2.0,333.48,162.0,19.0,0.0,0.0,29.0,333.48,166.74,0.0,4.895833333333333,0,"Value tier 1/2: less recent, occasional"
13728,2011-11-03 10:49:00,6.0,1016.14,458.0,38.0,0.0,0.0,37.0,1016.14,169.35666666666665,0.0,54.78888888888889,1,"Value tier 2/2: recent, repeat"
13730,2011-07-27 08:35:00,2.0,752.6,488.0,38.0,0.0,0.0,136.0,752.6,376.3,0.0,25.825,0,"Value tier 1/2: less recent, occasional"
13731,2011-05-04 14:33:00,2.0,610.59,278.0,36.0,0.0,0.0,220.0,610.59,305.295,0.0,27.18263888888889,0,"Value tier 1/2: less recent, occasional"
13732,2011-11-11 15:49:00,1.0,491.86,498.0,33.0,0.0,0.0,29.0,491.86,491.86,0.0,,0,"Value tier 1/2: less recent, occasional"
13735,2011-11-15 11:14:00,4.0,2883.54,1128.0,158.0,4.0,119.06,25.0,2764.48,720.885,50.0,69.96412037037037,1,"Value tier 2/2: recent, repeat"
13736,2011-12-04 15:19:00,2.0,729.8,496.0,166.0,1.0,7.9,6.0,721.9,364.9,33.33333333333333,255.09375,1,"Value tier 2/2: recent, repeat"
13737,2011-05-23 16:32:00,1.0,339.59999999999997,125.0,29.0,0.0,0.0,201.0,339.59999999999997,339.59999999999997,0.0,,0,"Value tier 1/2: less recent, occasional"
13739,2011-11-21 13:35:00,1.0,216.9,54.0,3.0,0.0,0.0,19.0,216.9,216.9,0.0,,0,"Value tier 1/2: less recent, occasional"
13740,2011-04-13 10:32:00,1.0,350.75,425.0,23.0,0.0,0.0,241.0,350.75,350.75,0.0,,0,"Value tier 1/2: less recent, occasional"
13741,2011-09-29 09:19:00,3.0,668.4300000000001,218.0,34.0,1.0,2.1,72.0,666.33,222.81000000000003,25.0,72.90833333333333,0,"Value tier 1/2: less recent, occasional"
13742,2011-11-23 11:07:00,12.0,3107.87,1115.0,200.0,2.0,28.599999999999998,17.0,3079.27,258.9891666666667,14.285714285714285,27.621717171717172,1,"Value tier 2/2: recent, repeat"
13743,2011-12-07 10:09:00,7.0,1341.6,1776.0,8.0,1.0,1.45,3.0,1340.1499999999999,191.65714285714284,12.5,42.80127314814815,1,"Value tier 2/2: recent, repeat"
13744,2011-09-05 15:19:00,2.0,1080.52,1153.0,54.0,0.0,0.0,96.0,1080.52,540.26,0.0,197.04930555555555,0,"Value tier 1/2: less recent, occasional"
13745,2011-06-30 16:43:00,1.0,300.04,496.0,25.0,1.0,8.5,163.0,291.54,300.04,50.0,,0,"Value tier 1/2: less recent, occasional"
13747,2010-12-01 10:37:00,1.0,79.6,8.0,1.0,0.0,0.0,374.0,79.6,79.6,0.0,,0,"Value tier 1/2: less recent, occasional"
13748,2011-09-05 09:45:00,5.0,948.25,439.0,24.0,0.0,0.0,96.0,948.25,189.65,0.0,69.5078125,0,"Value tier 1/2: less recent, occasional"
13750,2011-10-17 12:16:00,5.0,1647.26,516.0,20.0,0.0,0.0,54.0,1647.26,329.452,0.0,70.7546875,1,"Value tier 2/2: recent, repeat"
13751,2011-02-24 15:56:00,1.0,296.25,152.0,9.0,0.0,0.0,289.0,296.25,296.25,0.0,,0,"Value tier 1/2: less recent, occasional"
13752,2011-08-07 14:16:00,6.0,1175.38,874.0,64.0,0.0,0.0,125.0,1175.38,195.89666666666668,0.0,24.418333333333333,1,"Value tier 2/2: recent, repeat"
13753,2011-02-25 12:48:00,1.0,741.26,512.0,35.0,0.0,0.0,288.0,741.26,741.26,0.0,,0,"Value tier 1/2: less recent, occasional"
13754,2011-07-11 11:51:00,2.0,282.59999999999997,214.0,11.0,0.0,0.0,152.0,282.59999999999997,141.29999999999998,0.0,165.8701388888889,0,"Value tier 1/2: less recent, occasional"
13755,2011-12-06 12:26:00,9.0,2108.06,1242.0,232.0,1.0,6.67,4.0,2101.39,234.2288888888889,10.0,7.4827256944444445,1,"Value tier 2/2: recent, repeat"
13756,2011-12-07 16:44:00,14.0,5189.52,3188.0,66.0,1.0,44.400000000000006,3.0,5145.120000000001,370.68,6.666666666666667,28.093108974358977,1,"Value tier 2/2: recent, repeat"
13758,2011-11-28 11:11:00,7.0,3190.55,1844.0,104.0,0.0,0.0,12.0,3190.55,455.79285714285714,0.0,60.32673611111111,1,"Value tier 2/2: recent, repeat"
13759,2011-11-06 14:47:00,2.0,659.4100000000001,287.0,24.0,0.0,0.0,34.0,659.4100000000001,329.70500000000004,0.0,37.96319444444445,0,"Value tier 1/2: less recent, occasional"
13760,2011-10-16 16:13:00,2.0,286.79,197.0,50.0,0.0,0.0,55.0,286.79,143.395,0.0,202.13958333333332,0,"Value tier 1/2: less recent, occasional"
13761,2011-10-20 14:01:00,2.0,1070.65,642.0,68.0,0.0,0.0,51.0,1070.65,535.325,0.0,129.22083333333333,0,"Value tier 1/2: less recent, occasional"
13762,2011-05-05 09:15:00,1.0,306.72,272.0,7.0,1.0,306.71999999999997,219.0,5.684341886080802e-14,306.72,50.0,,0,"Value tier 1/2: less recent, occasional"
13763,2011-10-07 15:13:00,1.0,1714.96,728.0,15.0,2.0,25.5,64.0,1689.46,1714.96,66.66666666666666,,0,"Value tier 1/2: less recent, occasional"
13764,2011-09-30 12:03:00,3.0,1516.42,923.0,182.0,0.0,0.0,71.0,1516.42,505.47333333333336,0.0,133.44097222222223,0,"Value tier 1/2: less recent, occasional"
13767,2011-12-07 15:00:00,37.0,17220.36,7322.0,55.0,15.0,274.65,3.0,16945.71,465.41513513513513,28.846153846153843,10.310435956790123,1,"Value tier 2/2: recent, repeat"
13769,2011-12-07 15:08:00,10.0,2796.51,1163.0,73.0,6.0,24.64,3.0,2771.8700000000003,279.651,37.5,40.56327160493827,1,"Value tier 2/2: recent, repeat"
13771,2011-10-06 14:18:00,4.0,2634.45,1477.0,114.0,1.0,2.75,65.0,2631.7,658.6125,20.0,60.97939814814814,1,"Value tier 2/2: recent, repeat"
13772,2011-11-06 11:43:00,3.0,1122.63,540.0,141.0,0.0,0.0,34.0,1122.63,374.21000000000004,0.0,102.98333333333332,1,"Value tier 2/2: recent, repeat"
13774,2011-09-19 12:06:00,1.0,345.0,192.0,22.0,0.0,0.0,82.0,345.0,345.0,0.0,,0,"Value tier 1/2: less recent, occasional"
13777,2011-12-09 12:25:00,33.0,25977.16,12897.0,36.0,7.0,219.06,1.0,25758.1,787.1866666666666,17.5,11.651562499999999,1,"Value tier 2/2: recent, repeat"
13778,2011-08-28 15:25:00,1.0,178.7,70.0,9.0,0.0,0.0,104.0,178.7,178.7,0.0,,0,"Value tier 1/2: less recent, occasional"
13780,2011-12-02 13:49:00,2.0,360.01,318.0,56.0,0.0,0.0,8.0,360.01,180.005,0.0,163.0875,0,"Value tier 1/2: less recent, occasional"
13781,2011-04-03 12:08:00,1.0,127.84,30.0,17.0,0.0,0.0,251.0,127.84,127.84,0.0,,0,"Value tier 1/2: less recent, occasional"
13782,2011-11-27 11:54:00,6.0,908.86,369.0,96.0,0.0,0.0,13.0,908.86,151.47666666666666,0.0,63.006388888888885,1,"Value tier 2/2: recent, repeat"
13784,2011-11-30 09:33:00,11.0,2462.79,2493.0,9.0,0.0,0.0,10.0,2462.79,223.89,0.0,32.278819444444444,1,"Value tier 2/2: recent, repeat"
13786,2010-12-07 13:53:00,1.0,230.39999999999998,136.0,7.0,0.0,0.0,368.0,230.39999999999998,230.39999999999998,0.0,,0,"Value tier 1/2: less recent, occasional"
13787,2011-09-25 12:06:00,2.0,309.04,337.0,24.0,0.0,0.0,76.0,309.04,154.52,0.0,288.88958333333335,0,"Value tier 1/2: less recent, occasional"
13790,2011-12-05 15:48:00,1.0,348.8,748.0,45.0,0.0,0.0,5.0,348.8,348.8,0.0,,0,"Value tier 1/2: less recent, occasional"
13791,2011-08-04 11:44:00,2.0,1516.0,1200.0,7.0,1.0,468.32000000000005,128.0,1047.6799999999998,758.0,33.33333333333333,40.795833333333334,0,"Value tier 1/2: less recent, occasional"
13792,2011-10-04 14:31:00,2.0,195.55,92.0,13.0,0.0,0.0,67.0,195.55,97.775,0.0,221.01944444444445,0,"Value tier 1/2: less recent, occasional"
13798,2011-12-08 15:51:00,57.0,37153.85,23948.0,113.0,6.0,800.98,2.0,36352.869999999995,651.8219298245614,9.523809523809524,6.623846726190476,1,"Value tier 2/2: recent, repeat"
13799,2011-08-15 12:07:00,2.0,688.86,402.0,32.0,0.0,0.0,117.0,688.86,344.43,0.0,177.90902777777777,0,"Value tier 1/2: less recent, occasional"
13800,2011-02-03 12:27:00,1.0,558.32,331.0,33.0,0.0,0.0,310.0,558.32,558.32,0.0,,0,"Value tier 1/2: less recent, occasional"
13801,2011-10-04 10:15:00,1.0,324.8,168.0,23.0,0.0,0.0,67.0,324.8,324.8,0.0,,0,"Value tier 1/2: less recent, occasional"
13802,2011-07-24 10:54:00,3.0,4599.42,2572.0,55.0,3.0,693.15,139.0,3906.27,1533.14,50.0,86.47604166666667,1,"Value tier 2/2: recent, repeat"
13803,2011-03-29 12:57:00,1.0,277.07,121.0,17.0,0.0,0.0,256.0,277.07,277.07,0.0,,0,"Value tier 1/2: less recent, occasional"
13804,2011-11-09 12:32:00,7.0,2588.39,1462.0,124.0,0.0,0.0,31.0,2588.39,369.77,0.0,43.190162037037034,1,"Value tier 2/2: recent, repeat"
13805,2011-10-18 14:50:00,2.0,924.6,1900.0,10.0,0.0,0.0,53.0,924.6,462.3,0.0,76.97291666666666,0,"Value tier 1/2: less recent, occasional"
13806,2011-10-07 11:43:00,1.0,256.38,56.0,10.0,0.0,0.0,64.0,256.38,256.38,0.0,,0,"Value tier 1/2: less recent, occasional"
13807,2010-12-07 15:48:00,1.0,112.6,36.0,7.0,0.0,0.0,368.0,112.6,112.6,0.0,,0,"Value tier 1/2: less recent, occasional"
13808,2011-12-04 12:18:00,5.0,1747.66,782.0,70.0,0.0,0.0,6.0,1747.66,349.53200000000004,0.0,22.751909722222223,1,"Value tier 2/2: recent, repeat"
13809,2011-02-07 13:15:00,1.0,155.05,29.0,11.0,0.0,0.0,306.0,155.05,155.05,0.0,,0,"Value tier 1/2: less recent, occasional"
13810,2011-11-11 08:33:00,2.0,827.51,307.0,30.0,0.0,0.0,29.0,827.51,413.755,0.0,27.816666666666666,0,"Value tier 1/2: less recent, occasional"
13811,2011-06-09 09:54:00,2.0,519.75,63.0,5.0,0.0,0.0,184.0,519.75,259.875,0.0,55.63472222222222,0,"Value tier 1/2: less recent, occasional"
13812,2011-10-28 14:27:00,3.0,485.0,330.0,32.0,0.0,0.0,43.0,485.0,161.66666666666666,0.0,31.532291666666666,0,"Value tier 1/2: less recent, occasional"
13813,2011-10-31 10:38:00,4.0,1168.8600000000001,541.0,53.0,1.0,13.45,40.0,1155.41,292.21500000000003,20.0,31.667824074074076,1,"Value tier 2/2: recent, repeat"
13814,2011-09-08 13:48:00,2.0,1579.12,864.0,37.0,1.0,17.0,93.0,1562.12,789.56,33.33333333333333,44.99583333333333,0,"Value tier 1/2: less recent, occasional"
13815,2011-11-17 14:19:00,4.0,3667.36,2540.0,131.0,1.0,12.450000000000001,23.0,3654.9100000000003,916.84,20.0,98.69513888888888,1,"Value tier 2/2: recent, repeat"
13816,2011-11-16 08:38:00,2.0,499.67,265.0,24.0,2.0,16.63,24.0,483.04,249.835,50.0,40.75069444444444,0,"Value tier 1/2: less recent, occasional"
13817,2011-11-10 17:49:00,2.0,328.98,208.0,19.0,0.0,0.0,30.0,328.98,164.49,0.0,322.25208333333336,0,"Value tier 1/2: less recent, occasional"
13819,2011-02-11 10:38:00,3.0,1140.35,1109.0,26.0,0.0,0.0,302.0,1140.35,380.1166666666666,0.0,9.0,0,"Value tier 1/2: less recent, occasional"
13821,2011-07-18 09:49:00,2.0,385.64,153.0,51.0,0.0,0.0,145.0,385.64,192.82,0.0,116.92986111111111,0,"Value tier 1/2: less recent, occasional"
13822,2011-12-04 12:13:00,2.0,632.0,611.0,90.0,0.0,0.0,6.0,632.0,316.0,0.0,34.84583333333333,1,"Value tier 2/2: recent, repeat"
13823,2011-11-21 10:22:00,2.0,957.66,439.0,39.0,0.0,0.0,19.0,957.66,478.83,0.0,72.98611111111111,0,"Value tier 1/2: less recent, occasional"
13824,2011-11-07 12:41:00,5.0,1698.94,768.0,34.0,0.0,0.0,33.0,1698.94,339.788,0.0,69.49548611111112,1,"Value tier 2/2: recent, repeat"
13826,2011-06-16 13:48:00,1.0,189.5,82.0,10.0,1.0,9.95,177.0,179.55,189.5,50.0,,0,"Value tier 1/2: less recent, occasional"
13827,2011-10-13 12:38:00,3.0,409.8,138.0,83.0,0.0,0.0,58.0,409.8,136.6,0.0,42.9375,0,"Value tier 1/2: less recent, occasional"
13828,2011-11-17 16:02:00,1.0,209.49,311.0,15.0,0.0,0.0,23.0,209.49,209.49,0.0,,0,"Value tier 1/2: less recent, occasional"
13831,2011-11-23 15:41:00,6.0,2198.45,743.0,58.0,0.0,0.0,17.0,2198.45,366.4083333333333,0.0,70.6288888888889,1,"Value tier 2/2: recent, repeat"
13832,2011-11-20 15:36:00,1.0,52.199999999999996,28.0,3.0,1.0,11.25,20.0,40.949999999999996,52.199999999999996,50.0,,0,"Value tier 1/2: less recent, occasional"
13833,2011-07-03 13:27:00,1.0,383.85,117.0,28.0,0.0,0.0,160.0,383.85,383.85,0.0,,0,"Value tier 1/2: less recent, occasional"
13835,2011-11-14 15:37:00,4.0,834.57,442.0,48.0,0.0,0.0,26.0,834.57,208.6425,0.0,63.336805555555564,1,"Value tier 2/2: recent, repeat"
13837,2011-05-12 12:10:00,2.0,266.59000000000003,182.0,17.0,0.0,0.0,212.0,266.59000000000003,133.29500000000002,0.0,105.99652777777777,0,"Value tier 1/2: less recent, occasional"
13838,2011-12-04 11:00:00,4.0,674.82,254.0,144.0,0.0,0.0,6.0,674.82,168.705,0.0,121.33680555555554,1,"Value tier 2/2: recent, repeat"
13841,2011-04-01 12:10:00,1.0,85.0,100.0,1.0,0.0,0.0,253.0,85.0,85.0,0.0,,0,"Value tier 1/2: less recent, occasional"
13842,2011-10-12 10:51:00,9.0,3385.62,1768.0,155.0,0.0,0.0,59.0,3385.62,376.18,0.0,38.501041666666666,1,"Value tier 2/2: recent, repeat"
13844,2011-11-28 13:21:00,1.0,361.62,196.0,20.0,0.0,0.0,12.0,361.62,361.62,0.0,,0,"Value tier 1/2: less recent, occasional"
13845,2011-10-06 08:25:00,1.0,312.98,182.0,9.0,0.0,0.0,65.0,312.98,312.98,0.0,,0,"Value tier 1/2: less recent, occasional"
13846,2011-11-15 12:07:00,3.0,865.0600000000001,388.0,55.0,1.0,17.45,25.0,847.61,288.35333333333335,25.0,167.91666666666666,1,"Value tier 2/2: recent, repeat"
13848,2011-09-08 12:58:00,3.0,1255.0,3700.0,3.0,0.0,0.0,93.0,1255.0,418.3333333333333,0.0,136.95416666666665,0,"Value tier 1/2: less recent, occasional"
13849,2011-10-19 10:59:00,2.0,1537.95,1016.0,97.0,0.0,0.0,52.0,1537.95,768.975,0.0,119.03333333333333,0,"Value tier 1/2: less recent, occasional"
13850,2011-08-02 14:04:00,1.0,1595.48,944.0,93.0,1.0,8.67,130.0,1586.81,1595.48,50.0,,0,"Value tier 1/2: less recent, occasional"
13851,2011-09-05 12:36:00,3.0,2651.46,1705.0,77.0,0.0,0.0,96.0,2651.46,883.82,0.0,96.40208333333334,1,"Value tier 2/2: recent, repeat"
13853,2011-10-13 14:18:00,1.0,1090.14,312.0,23.0,1.0,33.2,58.0,1056.94,1090.14,50.0,,0,"Value tier 1/2: less recent, occasional"
13854,2011-12-01 09:06:00,25.0,8109.5199999999995,2296.0,39.0,4.0,84.5,9.0,8025.0199999999995,324.38079999999997,13.793103448275861,14.872048611111111,1,"Value tier 2/2: recent, repeat"
13856,2011-06-24 10:03:00,3.0,388.5,494.0,10.0,2.0,25.1,169.0,363.4,129.5,40.0,17.43402777777778,0,"Value tier 1/2: less recent, occasional"
13858,2011-10-13 16:17:00,1.0,216.17,75.0,11.0,0.0,0.0,58.0,216.17,216.17,0.0,,0,"Value tier 1/2: less recent, occasional"
13859,2011-01-17 16:14:00,1.0,201.16,129.0,27.0,0.0,0.0,327.0,201.16,201.16,0.0,,0,"Value tier 1/2: less recent, occasional"
13860,2011-12-08 12:57:00,5.0,1245.9,591.0,58.0,1.0,5.9,2.0,1240.0,249.18,16.666666666666664,21.286458333333336,1,"Value tier 2/2: recent, repeat"
13862,2011-11-21 16:24:00,8.0,2209.36,1688.0,97.0,2.0,22.05,19.0,2187.31,276.17,20.0,44.86418650793651,1,"Value tier 2/2: recent, repeat"
13863,2011-04-06 10:20:00,1.0,305.78,224.0,20.0,1.0,6.22,248.0,299.55999999999995,305.78,50.0,,0,"Value tier 1/2: less recent, occasional"
13865,2011-10-12 13:31:00,4.0,501.56,204.0,26.0,0.0,0.0,59.0,501.56,125.39,0.0,77.02013888888888,0,"Value tier 1/2: less recent, occasional"
13866,2011-09-26 14:54:00,1.0,145.67000000000002,57.0,7.0,0.0,0.0,75.0,145.67000000000002,145.67000000000002,0.0,,0,"Value tier 1/2: less recent, occasional"
13867,2011-11-08 15:48:00,3.0,1005.09,501.0,51.0,0.0,0.0,32.0,1005.09,335.03000000000003,0.0,93.46527777777779,1,"Value tier 2/2: recent, repeat"
13868,2011-12-02 16:32:00,2.0,3192.54,1964.0,32.0,0.0,0.0,8.0,3192.54,1596.27,0.0,31.15763888888889,1,"Value tier 2/2: recent, repeat"
13869,2011-08-08 13:53:00,4.0,3083.65,1709.0,234.0,0.0,0.0,124.0,3083.65,770.9125,0.0,77.98125,1,"Value tier 2/2: recent, repeat"
13870,2011-12-07 13:23:00,8.0,2770.94,1325.0,91.0,2.0,19.69,3.0,2751.25,346.3675,20.0,40.739484126984124,1,"Value tier 2/2: recent, repeat"
13871,2011-11-17 10:49:00,13.0,6403.25,2806.0,155.0,1.0,13.450000000000001,23.0,6389.8,492.5576923076923,7.142857142857142,23.837905092592592,1,"Value tier 2/2: recent, repeat"
13873,2011-08-12 10:08:00,3.0,389.6,140.0,21.0,1.0,7.9,120.0,381.70000000000005,129.86666666666667,25.0,95.01076388888889,0,"Value tier 1/2: less recent, occasional"
13874,2010-12-16 18:20:00,1.0,540.45,180.0,18.0,0.0,0.0,359.0,540.45,540.45,0.0,,0,"Value tier 1/2: less recent, occasional"
13875,2011-10-17 09:36:00,5.0,1786.79,1316.0,79.0,0.0,0.0,54.0,1786.79,357.358,0.0,61.936979166666674,1,"Value tier 2/2: recent, repeat"
13876,2011-10-07 10:22:00,1.0,122.7,36.0,7.0,0.0,0.0,64.0,122.7,122.7,0.0,,0,"Value tier 1/2: less recent, occasional"
13877,2011-09-14 15:49:00,1.0,117.24,108.0,3.0,0.0,0.0,87.0,117.24,117.24,0.0,,0,"Value tier 1/2: less recent, occasional"
13878,2011-10-16 12:19:00,1.0,1271.57,463.0,35.0,0.0,0.0,55.0,1271.57,1271.57,0.0,,0,"Value tier 1/2: less recent, occasional"
13880,2011-11-18 13:44:00,13.0,3219.77,1842.0,125.0,0.0,0.0,22.0,3219.77,247.67461538461538,0.0,28.832407407407405,1,"Value tier 2/2: recent, repeat"
13881,2011-12-06 12:50:00,20.0,17159.52,10118.0,72.0,2.0,170.0,4.0,16989.52,857.976,9.090909090909092,16.21622807017544,1,"Value tier 2/2: recent, repeat"
13882,2011-12-07 11:16:00,5.0,1191.13,953.0,54.0,1.0,59.849999999999994,3.0,1131.2800000000002,238.22600000000003,16.666666666666664,15.45625,1,"Value tier 2/2: recent, repeat"
13883,2011-11-29 10:45:00,5.0,2674.48,1436.0,108.0,4.0,132.23000000000002,11.0,2542.25,534.896,44.44444444444444,60.68194444444444,1,"Value tier 2/2: recent, repeat"
13884,2011-12-02 16:30:00,5.0,787.6,300.0,45.0,1.0,6.300000000000001,8.0,781.3000000000001,157.52,16.666666666666664,69.02951388888889,1,"Value tier 2/2: recent, repeat"
13885,2011-06-03 15:07:00,2.0,506.8,182.0,28.0,0.0,0.0,190.0,506.8,253.4,0.0,11.260416666666666,0,"Value tier 1/2: less recent, occasional"
13886,2011-09-29 13:17:00,1.0,243.56,126.0,16.0,0.0,0.0,72.0,243.56,243.56,0.0,,0,"Value tier 1/2: less recent, occasional"
13887,2011-05-19 17:22:00,1.0,349.55,147.0,19.0,0.0,0.0,205.0,349.55,349.55,0.0,,0,"Value tier 1/2: less recent, occasional"
13888,2011-08-12 10:13:00,2.0,595.67,254.0,38.0,0.0,0.0,120.0,595.67,297.835,0.0,98.81388888888888,0,"Value tier 1/2: less recent, occasional"
13889,2011-09-08 09:13:00,1.0,416.90000000000003,146.0,15.0,0.0,0.0,93.0,416.90000000000003,416.90000000000003,0.0,,0,"Value tier 1/2: less recent, occasional"
13890,2011-12-08 15:36:00,10.0,1883.8100000000002,831.0,74.0,4.0,22.95,2.0,1860.8600000000001,188.38100000000003,28.57142857142857,39.69483024691358,1,"Value tier 2/2: recent, repeat"
13892,2011-11-13 11:50:00,4.0,632.97,983.0,26.0,0.0,0.0,27.0,632.97,158.2425,0.0,73.33009259259259,1,"Value tier 2/2: recent, repeat"
13893,2011-02-15 11:30:00,1.0,821.1,190.0,21.0,0.0,0.0,298.0,821.1,821.1,0.0,,0,"Value tier 1/2: less recent, occasional"
13894,2011-11-16 09:44:00,3.0,564.62,354.0,25.0,2.0,28.65,24.0,535.97,188.20666666666668,40.0,143.43402777777777,0,"Value tier 1/2: less recent, occasional"
13895,2011-11-11 16:57:00,4.0,2593.07,1365.0,97.0,1.0,4.95,29.0,2588.1200000000003,648.2675,20.0,45.425925925925924,1,"Value tier 2/2: recent, repeat"
13897,2011-10-20 14:30:00,1.0,311.16,200.0,17.0,0.0,0.0,51.0,311.16,311.16,0.0,,0,"Value tier 1/2: less recent, occasional"
13898,2011-01-18 10:28:00,1.0,155.93,133.0,12.0,0.0,0.0,326.0,155.93,155.93,0.0,,0,"Value tier 1/2: less recent, occasional"
13899,2011-11-23 13:40:00,2.0,388.52,156.0,19.0,0.0,0.0,17.0,388.52,194.26,0.0,258.1736111111111,0,"Value tier 1/2: less recent, occasional"
13900,2011-06-09 19:26:00,3.0,740.95,430.0,42.0,0.0,0.0,184.0,740.95,246.98333333333335,0.0,39.69201388888889,0,"Value tier 1/2: less recent, occasional"
13901,2011-09-28 14:48:00,5.0,2867.2,1739.0,144.0,0.0,0.0,73.0,2867.2,573.4399999999999,0.0,61.56024305555556,1,"Value tier 2/2: recent, repeat"
13904,2011-11-02 13:41:00,2.0,332.64,332.0,24.0,0.0,0.0,38.0,332.64,166.32,0.0,257.09930555555553,0,"Value tier 1/2: less recent, occasional"
13908,2011-09-21 11:49:00,4.0,2319.55,1477.0,103.0,1.0,22.500000000000004,80.0,2297.05,579.8875,20.0,65.66319444444444,1,"Value tier 2/2: recent, repeat"
13911,2011-10-13 15:43:00,9.0,2580.91,2731.0,120.0,0.0,0.0,58.0,2580.91,286.7677777777778,0.0,31.379947916666666,1,"Value tier 2/2: recent, repeat"
13914,2011-11-28 10:35:00,2.0,626.45,380.0,28.0,1.0,12.5,12.0,613.95,313.225,33.33333333333333,24.75486111111111,0,"Value tier 1/2: less recent, occasional"
13917,2011-10-21 09:56:00,2.0,272.04,228.0,16.0,0.0,0.0,50.0,272.04,136.02,0.0,141.88194444444446,0,"Value tier 1/2: less recent, occasional"
13918,2011-10-21 12:25:00,2.0,1212.8400000000001,1140.0,30.0,0.0,0.0,50.0,1212.8400000000001,606.4200000000001,0.0,203.76388888888889,0,"Value tier 1/2: less recent, occasional"
13919,2011-10-11 14:24:00,2.0,348.81,472.0,23.0,1.0,34.65,60.0,314.16,174.405,33.33333333333333,62.172916666666666,0,"Value tier 1/2: less recent, occasional"
13922,2010-12-23 10:38:00,1.0,172.25,93.0,7.0,0.0,0.0,352.0,172.25,172.25,0.0,,0,"Value tier 1/2: less recent, occasional"
13923,2011-10-17 12:33:00,1.0,351.13,185.0,20.0,0.0,0.0,54.0,351.13,351.13,0.0,,0,"Value tier 1/2: less recent, occasional"
13924,2011-12-08 09:39:00,6.0,1838.8500000000001,1575.0,90.0,5.0,156.77,2.0,1682.0800000000002,306.475,45.45454545454545,14.154444444444445,1,"Value tier 2/2: recent, repeat"
13925,2011-09-08 12:47:00,4.0,678.25,331.0,28.0,2.0,61.599999999999994,93.0,616.65,169.5625,33.33333333333333,14.008796296296296,0,"Value tier 1/2: less recent, occasional"
13926,2011-11-16 13:16:00,1.0,223.85000000000002,104.0,11.0,0.0,0.0,24.0,223.85000000000002,223.85000000000002,0.0,,0,"Value tier 1/2: less recent, occasional"
13927,2011-09-26 12:00:00,1.0,348.99,214.0,21.0,0.0,0.0,75.0,348.99,348.99,0.0,,0,"Value tier 1/2: less recent, occasional"
13928,2011-11-29 10:33:00,4.0,464.57,129.0,23.0,0.0,0.0,11.0,464.57,116.1425,0.0,40.924537037037034,1,"Value tier 2/2: recent, repeat"
13929,2011-06-23 15:26:00,2.0,842.65,143.0,8.0,1.0,39.8,170.0,802.85,421.325,33.33333333333333,157.01041666666666,0,"Value tier 1/2: less recent, occasional"
13930,2011-10-13 09:45:00,2.0,337.34,274.0,15.0,0.0,0.0,58.0,337.34,168.67,0.0,78.94791666666667,0,"Value tier 1/2: less recent, occasional"
13931,2011-09-05 10:12:00,2.0,1237.53,725.0,56.0,1.0,6.6,96.0,1230.93,618.765,33.33333333333333,185.06180555555557,0,"Value tier 1/2: less recent, occasional"
13932,2011-02-18 12:02:00,1.0,307.4,72.0,16.0,0.0,0.0,295.0,307.4,307.4,0.0,,0,"Value tier 1/2: less recent, occasional"
13933,2011-08-22 14:03:00,2.0,608.7900000000001,205.0,23.0,0.0,0.0,110.0,608.7900000000001,304.39500000000004,0.0,39.019444444444446,0,"Value tier 1/2: less recent, occasional"
13934,2011-03-21 08:39:00,1.0,922.1,390.0,31.0,0.0,0.0,264.0,922.1,922.1,0.0,,0,"Value tier 1/2: less recent, occasional"
13936,2011-06-13 08:47:00,1.0,376.58,330.0,26.0,1.0,15.299999999999999,180.0,361.28,376.58,50.0,,0,"Value tier 1/2: less recent, occasional"
13937,2011-06-23 16:35:00,1.0,158.85,123.0,9.0,0.0,0.0,170.0,158.85,158.85,0.0,,0,"Value tier 1/2: less recent, occasional"
13938,2011-11-04 14:37:00,1.0,71.66,70.0,7.0,0.0,0.0,36.0,71.66,71.66,0.0,,0,"Value tier 1/2: less recent, occasional"
13939,2011-11-16 13:33:00,3.0,568.55,847.0,43.0,1.0,11.8,24.0,556.75,189.51666666666665,25.0,144.04270833333334,0,"Value tier 1/2: less recent, occasional"
13940,2011-11-22 15:15:00,4.0,839.14,516.0,39.0,0.0,0.0,18.0,839.14,209.785,0.0,42.32175925925926,1,"Value tier 2/2: recent, repeat"
13941,2011-11-18 09:43:00,5.0,5112.96,2364.0,24.0,2.0,200.55,22.0,4912.41,1022.592,28.57142857142857,87.74409722222222,1,"Value tier 2/2: recent, repeat"
13946,2011-09-21 13:33:00,3.0,561.5699999999999,443.0,11.0,0.0,0.0,80.0,561.5699999999999,187.18999999999997,0.0,94.07326388888889,0,"Value tier 1/2: less recent, occasional"
13947,2011-10-05 14:42:00,1.0,90.6,44.0,5.0,0.0,0.0,66.0,90.6,90.6,0.0,,0,"Value tier 1/2: less recent, occasional"
13948,2010-12-14 10:18:00,1.0,102.0,40.0,3.0,0.0,0.0,361.0,102.0,102.0,0.0,,0,"Value tier 1/2: less recent, occasional"
13949,2011-12-07 09:35:00,6.0,2427.32,2474.0,124.0,0.0,0.0,3.0,2427.32,404.55333333333334,0.0,18.380555555555553,1,"Value tier 2/2: recent, repeat"
13950,2011-11-28 14:44:00,4.0,745.06,323.0,33.0,1.0,16.5,12.0,728.56,186.265,20.0,78.37847222222221,1,"Value tier 2/2: recent, repeat"
13951,2011-06-16 16:43:00,3.0,674.45,459.0,38.0,0.0,0.0,177.0,674.45,224.8166666666667,0.0,59.02847222222222,0,"Value tier 1/2: less recent, occasional"
13952,2011-05-06 09:00:00,2.0,3251.071,1431.0,120.0,1.0,4.9799999999999995,218.0,3246.091,1625.5355,33.33333333333333,20.98125,0,"Value tier 1/2: less recent, occasional"
13953,2011-12-02 16:04:00,7.0,3515.68,2724.0,8.0,0.0,0.0,8.0,3515.68,502.23999999999995,0.0,57.53877314814815,1,"Value tier 2/2: recent, repeat"
13954,2011-12-08 12:50:00,2.0,439.92,150.0,24.0,1.0,61.33,2.0,378.59000000000003,219.96,33.33333333333333,69.08194444444445,1,"Value tier 2/2: recent, repeat"
13955,2011-07-08 17:19:00,2.0,322.96,154.0,33.0,0.0,0.0,155.0,322.96,161.48,0.0,151.20486111111111,0,"Value tier 1/2: less recent, occasional"
13956,2011-12-04 13:20:00,5.0,1019.27,486.0,123.0,0.0,0.0,6.0,1019.27,203.85399999999998,0.0,66.50503472222222,1,"Value tier 2/2: recent, repeat"
13959,2011-09-21 15:06:00,3.0,594.04,355.0,79.0,0.0,0.0,80.0,594.04,198.01333333333332,0.0,141.52430555555554,0,"Value tier 1/2: less recent, occasional"
13960,2011-11-18 15:27:00,2.0,230.22,142.0,11.0,0.0,0.0,22.0,230.22,115.11,0.0,50.11666666666667,0,"Value tier 1/2: less recent, occasional"
13962,2011-11-18 08:47:00,2.0,169.55,87.0,11.0,0.0,0.0,22.0,169.55,84.775,0.0,223.89305555555555,0,"Value tier 1/2: less recent, occasional"
13963,2011-02-04 14:43:00,4.0,664.54,460.0,35.0,0.0,0.0,309.0,664.54,166.135,0.0,19.741203703703704,0,"Value tier 1/2: less recent, occasional"
13967,2011-07-17 12:02:00,1.0,80.7,42.0,2.0,0.0,0.0,146.0,80.7,80.7,0.0,,0,"Value tier 1/2: less recent, occasional"
13969,2011-12-02 15:11:00,18.0,9024.17,4528.0,334.0,2.0,67.25,8.0,8956.92,501.34277777777777,10.0,21.048161764705885,1,"Value tier 2/2: recent, repeat"
13971,2011-11-21 12:06:00,8.0,2758.26,1844.0,118.0,3.0,56.040000000000006,19.0,2702.2200000000003,344.7825,27.27272727272727,38.14077380952381,1,"Value tier 2/2: recent, repeat"
13972,2011-09-30 11:54:00,2.0,190.25,187.0,15.0,0.0,0.0,71.0,190.25,95.125,0.0,131.01388888888889,0,"Value tier 1/2: less recent, occasional"
13973,2011-02-25 15:21:00,1.0,264.7,109.0,11.0,0.0,0.0,288.0,264.7,264.7,0.0,,0,"Value tier 1/2: less recent, occasional"
13974,2011-10-21 14:41:00,1.0,413.59000000000003,249.0,28.0,0.0,0.0,50.0,413.59000000000003,413.59000000000003,0.0,,0,"Value tier 1/2: less recent, occasional"
13975,2011-11-08 13:19:00,6.0,2461.2400000000002,1697.0,240.0,1.0,23.05,32.0,2438.19,410.2066666666667,14.285714285714285,49.00833333333333,1,"Value tier 2/2: recent, repeat"
13976,2011-05-17 09:13:00,1.0,357.98,154.0,10.0,0.0,0.0,207.0,357.98,357.98,0.0,,0,"Value tier 1/2: less recent, occasional"
13978,2011-11-25 11:36:00,2.0,196.79000000000002,315.0,14.0,0.0,0.0,15.0,196.79000000000002,98.39500000000001,0.0,30.855555555555554,0,"Value tier 1/2: less recent, occasional"
13979,2011-09-27 13:32:00,1.0,869.87,639.0,54.0,0.0,0.0,74.0,869.87,869.87,0.0,,0,"Value tier 1/2: less recent, occasional"
13980,2011-10-10 13:34:00,1.0,200.14,172.0,11.0,0.0,0.0,61.0,200.14,200.14,0.0,,0,"Value tier 1/2: less recent, occasional"
13982,2011-10-31 16:24:00,4.0,1871.81,1136.0,72.0,1.0,10.700000000000001,40.0,1861.11,467.9525,20.0,108.70069444444444,1,"Value tier 2/2: recent, repeat"
13983,2011-11-10 11:06:00,12.0,2603.43,1183.0,91.0,1.0,12.969999999999999,30.0,2590.46,216.9525,7.6923076923076925,30.638131313131314,1,"Value tier 2/2: recent, repeat"
13984,2011-11-13 12:38:00,5.0,920.51,679.0,14.0,1.0,432.48,27.0,488.03,184.102,16.666666666666664,84.96527777777777,1,"Value tier 2/2: recent, repeat"
13985,2011-12-05 17:06:00,15.0,7060.13,3445.0,108.0,1.0,35.6,5.0,7024.53,470.67533333333336,6.25,18.58125,1,"Value tier 2/2: recent, repeat"
13986,2011-11-22 15:00:00,1.0,320.46,430.0,12.0,0.0,0.0,18.0,320.46,320.46,0.0,,0,"Value tier 1/2: less recent, occasional"
13988,2011-11-20 10:15:00,6.0,4147.96,3044.0,188.0,3.0,49.160000000000004,20.0,4098.8,691.3266666666667,33.33333333333333,46.98708333333333,1,"Value tier 2/2: recent, repeat"
13989,2011-10-05 09:47:00,2.0,1266.08,1313.0,33.0,0.0,0.0,66.0,1266.08,633.04,0.0,173.75555555555556,0,"Value tier 1/2: less recent, occasional"
13990,2011-05-10 15:19:00,1.0,311.3,190.0,16.0,0.0,0.0,214.0,311.3,311.3,0.0,,0,"Value tier 1/2: less recent, occasional"
13991,2011-11-27 16:18:00,6.0,851.88,994.0,57.0,1.0,5.34,13.0,846.54,141.98,14.285714285714285,26.227777777777778,1,"Value tier 2/2: recent, repeat"
13992,2011-11-09 15:23:00,1.0,76.8,64.0,5.0,0.0,0.0,31.0,76.8,76.8,0.0,,0,"Value tier 1/2: less recent, occasional"
13993,2011-10-28 09:06:00,9.0,3466.36,900.0,66.0,3.0,56.7,43.0,3409.6600000000003,385.1511111111111,25.0,35.99157986111111,1,"Value tier 2/2: recent, repeat"
13994,2011-12-06 11:05:00,6.0,2274.14,932.0,122.0,0.0,0.0,4.0,2274.14,379.0233333333333,0.0,28.93847222222222,1,"Value tier 2/2: recent, repeat"
13995,2011-11-24 14:22:00,5.0,1393.69,879.0,55.0,1.0,10.2,16.0,1383.49,278.738,16.666666666666664,57.562847222222224,1,"Value tier 2/2: recent, repeat"
13999,2011-11-29 13:40:00,12.0,3901.81,2243.0,102.0,3.0,36.55,11.0,3865.2599999999998,325.1508333333333,20.0,31.917739898989897,1,"Value tier 2/2: recent, repeat"
14000,2011-05-12 16:50:00,1.0,635.66,710.0,15.0,1.0,1.9500000000000002,212.0,633.7099999999999,635.66,50.0,,0,"Value tier 1/2: less recent, occasional"
14001,2011-10-25 10:31:00,3.0,2043.0800000000002,962.0,34.0,0.0,0.0,46.0,2043.0800000000002,681.0266666666668,0.0,163.94895833333334,1,"Value tier 2/2: recent, repeat"
14002,2011-07-28 15:55:00,2.0,529.73,877.0,47.0,0.0,0.0,135.0,529.73,264.865,0.0,22.038888888888888,0,"Value tier 1/2: less recent, occasional"
14004,2011-10-27 14:40:00,7.0,4582.64,2668.0,102.0,0.0,0.0,44.0,4582.64,654.6628571428572,0.0,40.86944444444445,1,"Value tier 2/2: recent, repeat"
14005,2011-11-30 12:41:00,5.0,2874.72,2478.0,53.0,0.0,0.0,10.0,2874.72,574.944,0.0,51.522222222222226,1,"Value tier 2/2: recent, repeat"
14006,2011-08-16 09:39:00,3.0,962.19,641.0,22.0,0.0,0.0,116.0,962.19,320.73,0.0,98.38472222222222,0,"Value tier 1/2: less recent, occasional"
14009,2011-05-25 15:47:00,2.0,695.61,365.0,42.0,1.0,9.680000000000001,199.0,685.9300000000001,347.805,33.33333333333333,7.115972222222222,0,"Value tier 1/2: less recent, occasional"
14012,2011-03-07 12:26:00,1.0,328.8,160.0,11.0,0.0,0.0,278.0,328.8,328.8,0.0,,0,"Value tier 1/2: less recent, occasional"
14013,2011-08-21 15:01:00,3.0,473.02,462.0,30.0,0.0,0.0,111.0,473.02,157.67333333333332,0.0,82.62569444444445,0,"Value tier 1/2: less recent, occasional"
14014,2011-09-23 13:18:00,1.0,505.18,1076.0,39.0,0.0,0.0,78.0,505.18,505.18,0.0,,0,"Value tier 1/2: less recent, occasional"
14015,2011-10-18 10:02:00,1.0,917.34,378.0,20.0,0.0,0.0,53.0,917.34,917.34,0.0,,0,"Value tier 1/2: less recent, occasional"
14016,2011-07-01 11:29:00,4.0,4291.21,2124.0,153.0,1.0,12.75,162.0,4278.46,1072.8025,20.0,65.29351851851852,1,"Value tier 2/2: recent, repeat"
14019,2011-10-24 10:13:00,3.0,1421.61,1037.0,37.0,1.0,22.65,47.0,1398.9599999999998,473.86999999999995,25.0,45.886805555555554,1,"Value tier 2/2: recent, repeat"
14020,2011-11-23 09:22:00,2.0,642.8,441.0,37.0,0.0,0.0,17.0,642.8,321.4,0.0,71.74305555555556,0,"Value tier 1/2: less recent, occasional"
14021,2011-07-07 15:46:00,3.0,631.9,192.0,22.0,0.0,0.0,156.0,631.9,210.63333333333333,0.0,50.5125,0,"Value tier 1/2: less recent, occasional"
14022,2011-04-28 14:39:00,1.0,440.0,487.0,28.0,0.0,0.0,226.0,440.0,440.0,0.0,,0,"Value tier 1/2: less recent, occasional"
14023,2011-12-02 13:58:00,2.0,584.07,345.0,30.0,0.0,0.0,8.0,584.07,292.035,0.0,242.92222222222222,1,"Value tier 2/2: recent, repeat"
14024,2011-08-10 11:30:00,2.0,327.7,150.0,16.0,0.0,0.0,122.0,327.7,163.85,0.0,2.9159722222222224,0,"Value tier 1/2: less recent, occasional"
14027,2011-10-10 09:01:00,1.0,104.82,62.0,6.0,0.0,0.0,61.0,104.82,104.82,0.0,,0,"Value tier 1/2: less recent, occasional"
14029,2011-10-07 14:46:00,2.0,467.66,198.0,15.0,0.0,0.0,64.0,467.66,233.83,0.0,80.90902777777778,0,"Value tier 1/2: less recent, occasional"
14030,2011-11-21 16:48:00,8.0,2358.84,1478.0,210.0,0.0,0.0,19.0,2358.84,294.855,0.0,49.717956349206354,1,"Value tier 2/2: recent, repeat"
14031,2011-12-02 17:13:00,19.0,17286.86,5788.0,119.0,3.0,2587.95,8.0,14698.91,909.8347368421053,13.636363636363635,20.279282407407408,1,"Value tier 2/2: recent, repeat"
14032,2011-12-07 15:23:00,11.0,2975.59,2032.0,53.0,7.0,45.75,3.0,2929.84,270.5081818181818,38.88888888888889,36.41875,1,"Value tier 2/2: recent, repeat"
14034,2011-11-17 14:02:00,3.0,648.89,420.0,82.0,1.0,139.8,23.0,509.09,216.29666666666665,25.0,67.51944444444445,0,"Value tier 1/2: less recent, occasional"
14035,2011-11-11 10:03:00,5.0,1428.02,739.0,41.0,0.0,0.0,29.0,1428.02,285.604,0.0,67.22135416666667,1,"Value tier 2/2: recent, repeat"
14036,2011-02-28 09:26:00,1.0,626.65,268.0,38.0,0.0,0.0,285.0,626.65,626.65,0.0,,0,"Value tier 1/2: less recent, occasional"
14037,2011-06-16 13:57:00,2.0,147.20000000000002,46.0,27.0,0.0,0.0,177.0,147.20000000000002,73.60000000000001,0.0,188.09583333333333,0,"Value tier 1/2: less recent, occasional"
14038,2011-09-22 13:37:00,3.0,1560.38,965.0,64.0,1.0,5.9,79.0,1554.48,520.1266666666667,25.0,64.49027777777778,0,"Value tier 1/2: less recent, occasional"
14039,2011-11-06 13:48:00,1.0,152.2,92.0,6.0,0.0,0.0,34.0,152.2,152.2,0.0,,0,"Value tier 1/2: less recent, occasional"
14040,2011-10-30 12:42:00,12.0,3560.32,1544.0,146.0,2.0,68.68,41.0,3491.6400000000003,296.6933333333333,14.285714285714285,26.446022727272727,1,"Value tier 2/2: recent, repeat"
14041,2011-03-18 13:25:00,1.0,141.41,94.0,21.0,0.0,0.0,267.0,141.41,141.41,0.0,,0,"Value tier 1/2: less recent, occasional"
14044,2011-11-13 12:05:00,4.0,646.42,304.0,165.0,0.0,0.0,27.0,646.42,161.605,0.0,94.33935185185184,1,"Value tier 2/2: recent, repeat"
14045,2011-08-22 15:27:00,4.0,1659.75,535.0,4.0,0.0,0.0,110.0,1659.75,414.9375,0.0,88.05439814814815,1,"Value tier 2/2: recent, repeat"
14046,2011-02-28 14:48:00,1.0,151.59,443.0,13.0,0.0,0.0,285.0,151.59,151.59,0.0,,0,"Value tier 1/2: less recent, occasional"
14047,2011-12-01 11:43:00,5.0,1308.6100000000001,381.0,22.0,2.0,18.6,9.0,1290.0100000000002,261.72200000000004,28.57142857142857,91.01631944444445,1,"Value tier 2/2: recent, repeat"
14048,2011-02-07 14:53:00,1.0,409.93,288.0,83.0,1.0,34.8,306.0,375.13,409.93,50.0,,0,"Value tier 1/2: less recent, occasional"
14049,2011-11-23 12:20:00,4.0,5578.72,3808.0,348.0,2.0,42.57,17.0,5536.150000000001,1394.68,33.33333333333333,100.34560185185187,1,"Value tier 2/2: recent, repeat"
14050,2011-11-08 10:00:00,2.0,746.36,689.0,49.0,0.0,0.0,32.0,746.36,373.18,0.0,74.84305555555555,0,"Value tier 1/2: less recent, occasional"
14051,2011-12-09 10:20:00,23.0,15610.390000000001,3756.0,52.0,3.0,133.05,1.0,15477.340000000002,678.7126086956522,11.538461538461538,16.631660353535352,1,"Value tier 2/2: recent, repeat"
14052,2011-11-20 12:30:00,1.0,225.36,89.0,56.0,0.0,0.0,20.0,225.36,225.36,0.0,,0,"Value tier 1/2: less recent, occasional"
14053,2011-08-07 14:27:00,2.0,260.25,215.0,2.0,0.0,0.0,125.0,260.25,130.125,0.0,35.0875,0,"Value tier 1/2: less recent, occasional"
14054,2011-10-05 15:49:00,1.0,92.46,62.0,6.0,0.0,0.0,66.0,92.46,92.46,0.0,,0,"Value tier 1/2: less recent, occasional"
14055,2011-08-25 15:04:00,1.0,725.6400000000001,216.0,10.0,0.0,0.0,107.0,725.6400000000001,725.6400000000001,0.0,,0,"Value tier 1/2: less recent, occasional"
14056,2011-12-08 13:36:00,23.0,8152.71,4252.0,320.0,6.0,89.41000000000001,2.0,8063.3,354.46565217391304,20.689655172413794,12.860385101010102,1,"Value tier 2/2: recent, repeat"
14057,2011-11-16 10:32:00,17.0,6211.66,4873.0,179.0,1.0,70.56,24.0,6141.099999999999,365.39176470588234,5.555555555555555,21.058203125,1,"Value tier 2/2: recent, repeat"
14059,2011-03-18 10:06:00,1.0,183.6,128.0,8.0,0.0,0.0,267.0,183.6,183.6,0.0,,0,"Value tier 1/2: less recent, occasional"
14060,2011-12-05 12:29:00,19.0,6140.42,5386.0,86.0,1.0,5.04,5.0,6135.38,323.18,5.0,20.445138888888888,1,"Value tier 2/2: recent, repeat"
14062,2011-11-30 10:04:00,12.0,10464.85,5593.0,60.0,0.0,0.0,10.0,10464.85,872.0708333333333,0.0,32.25050505050505,1,"Value tier 2/2: recent, repeat"
14064,2011-11-10 13:14:00,5.0,1334.34,1772.0,59.0,2.0,165.42,30.0,1168.9199999999998,266.868,28.57142857142857,61.252604166666664,1,"Value tier 2/2: recent, repeat"
14066,2011-03-18 12:21:00,1.0,152.55,45.0,7.0,0.0,0.0,267.0,152.55,152.55,0.0,,0,"Value tier 1/2: less recent, occasional"
14067,2011-10-07 10:21:00,2.0,374.7,361.0,51.0,0.0,0.0,64.0,374.7,187.35,0.0,32.93125,0,"Value tier 1/2: less recent, occasional"
14068,2011-01-23 16:02:00,1.0,265.85,73.0,22.0,0.0,0.0,321.0,265.85,265.85,0.0,,0,"Value tier 1/2: less recent, occasional"
14071,2011-12-06 12:27:00,8.0,1422.75,956.0,270.0,1.0,131.41,4.0,1291.34,177.84375,11.11111111111111,37.291071428571435,1,"Value tier 2/2: recent, repeat"
14073,2011-11-07 15:49:00,1.0,151.04,130.0,13.0,1.0,11.5,33.0,139.54,151.04,50.0,,0,"Value tier 1/2: less recent, occasional"
14075,2011-12-05 08:38:00,3.0,942.26,754.0,33.0,0.0,0.0,5.0,942.26,314.08666666666664,0.0,128.334375,1,"Value tier 2/2: recent, repeat"
14076,2011-08-02 15:19:00,1.0,118.67,79.0,43.0,0.0,0.0,130.0,118.67,118.67,0.0,,0,"Value tier 1/2: less recent, occasional"
14077,2011-10-30 12:35:00,5.0,499.41999999999996,268.0,33.0,0.0,0.0,41.0,499.41999999999996,99.88399999999999,0.0,58.46579861111111,0,"Value tier 1/2: less recent, occasional"
14078,2011-08-30 12:16:00,6.0,1049.37,310.0,46.0,0.0,0.0,102.0,1049.37,174.89499999999998,0.0,54.39472222222223,1,"Value tier 2/2: recent, repeat"
14079,2011-08-07 12:10:00,1.0,375.1,301.0,12.0,0.0,0.0,125.0,375.1,375.1,0.0,,0,"Value tier 1/2: less recent, occasional"
14080,2011-11-07 11:09:00,1.0,45.599999999999994,48.0,4.0,0.0,0.0,33.0,45.599999999999994,45.599999999999994,0.0,,0,"Value tier 1/2: less recent, occasional"
14081,2011-02-10 16:17:00,2.0,921.62,592.0,126.0,2.0,29.849999999999998,303.0,891.77,460.81,50.0,67.02083333333333,0,"Value tier 1/2: less recent, occasional"
14082,2010-12-10 11:02:00,1.0,182.25,110.0,28.0,0.0,0.0,365.0,182.25,182.25,0.0,,0,"Value tier 1/2: less recent, occasional"
14083,2011-12-05 13:14:00,9.0,1002.9,705.0,162.0,0.0,0.0,5.0,1002.9,111.43333333333334,0.0,45.87934027777778,1,"Value tier 2/2: recent, repeat"
14085,2011-12-07 13:46:00,18.0,4421.29,3177.0,272.0,1.0,12.75,3.0,4408.54,245.62722222222223,5.263157894736842,21.53214869281046,1,"Value tier 2/2: recent, repeat"
14087,2011-12-07 12:41:00,1.0,191.47,250.0,61.0,1.0,12.75,3.0,178.72,191.47,50.0,,0,"Value tier 1/2: less recent, occasional"
14088,2011-11-29 16:16:00,13.0,50491.81,12665.0,379.0,1.0,76.32000000000001,11.0,50415.49,3883.9853846153846,7.142857142857142,26.0109375,1,"Value tier 2/2: recent, repeat"
14089,2011-10-14 10:38:00,1.0,158.75,133.0,13.0,0.0,0.0,57.0,158.75,158.75,0.0,,0,"Value tier 1/2: less recent, occasional"
14090,2011-01-19 10:51:00,1.0,76.32000000000001,72.0,1.0,0.0,0.0,325.0,76.32000000000001,76.32000000000001,0.0,,0,"Value tier 1/2: less recent, occasional"
14092,2011-12-02 12:13:00,14.0,4076.91,2066.0,117.0,3.0,13.81,8.0,4063.1,291.2078571428571,17.647058823529413,26.988568376068375,1,"Value tier 2/2: recent, repeat"
14093,2011-11-27 16:27:00,1.0,433.86,391.0,95.0,0.0,0.0,13.0,433.86,433.86,0.0,,0,"Value tier 1/2: less recent, occasional"
14096,2011-12-05 17:17:00,17.0,53258.43,16336.0,1118.0,0.0,0.0,5.0,53258.43,3132.8488235294117,0.0,6.079340277777778,1,"Value tier 2/2: recent, repeat"
14098,2011-11-03 10:13:00,1.0,147.35,104.0,21.0,0.0,0.0,37.0,147.35,147.35,0.0,,0,"Value tier 1/2: less recent, occasional"
14099,2011-11-23 13:53:00,11.0,3104.17,2179.0,167.0,1.0,11.2,17.0,3092.9700000000003,282.1972727272727,8.333333333333332,33.81104166666667,1,"Value tier 2/2: recent, repeat"
14100,2011-07-25 11:01:00,1.0,191.95000000000002,63.0,24.0,0.0,0.0,138.0,191.95000000000002,191.95000000000002,0.0,,0,"Value tier 1/2: less recent, occasional"
14101,2011-09-27 12:28:00,6.0,5976.79,6942.0,15.0,0.0,0.0,74.0,5976.79,996.1316666666667,0.0,50.59430555555555,1,"Value tier 2/2: recent, repeat"
14102,2011-12-04 15:38:00,5.0,1105.8799999999999,769.0,35.0,3.0,45.55,6.0,1060.33,221.176,37.5,9.779861111111112,1,"Value tier 2/2: recent, repeat"
14104,2011-07-08 12:50:00,2.0,216.20999999999998,72.0,21.0,0.0,0.0,155.0,216.20999999999998,108.10499999999999,0.0,11.000694444444445,0,"Value tier 1/2: less recent, occasional"
14105,2011-04-14 17:58:00,1.0,1266.23,800.0,74.0,1.0,5.9,240.0,1260.33,1266.23,50.0,,0,"Value tier 1/2: less recent, occasional"
14107,2011-10-19 12:12:00,7.0,2703.23,1793.0,61.0,1.0,14.75,52.0,2688.48,386.17571428571426,12.5,52.15775462962963,1,"Value tier 2/2: recent, repeat"
14108,2011-11-09 10:41:00,2.0,597.91,381.0,33.0,1.0,3.75,31.0,594.16,298.955,33.33333333333333,70.96458333333334,0,"Value tier 1/2: less recent, occasional"
14109,2011-09-28 10:18:00,1.0,144.2,88.0,9.0,1.0,64.0,73.0,80.19999999999999,144.2,50.0,,0,"Value tier 1/2: less recent, occasional"
14110,2011-12-06 12:26:00,12.0,5683.15,2445.0,94.0,1.0,13.5,4.0,5669.65,473.5958333333333,7.6923076923076925,23.91837121212121,1,"Value tier 2/2: recent, repeat"
14111,2011-11-25 13:44:00,4.0,692.85,458.0,10.0,1.0,4.25,15.0,688.6,173.2125,20.0,75.6962962962963,1,"Value tier 2/2: recent, repeat"
14112,2011-11-17 12:30:00,7.0,2915.15,1651.0,117.0,5.0,140.98000000000002,23.0,2774.17,416.45,41.66666666666667,42.17384259259259,1,"Value tier 2/2: recent, repeat"
14113,2011-12-06 12:18:00,4.0,1840.42,745.0,26.0,4.0,462.5,4.0,1377.92,460.105,50.0,117.00092592592591,1,"Value tier 2/2: recent, repeat"
14114,2011-03-11 09:42:00,2.0,386.53,101.0,15.0,0.0,0.0,274.0,386.53,193.265,0.0,56.94236111111111,0,"Value tier 1/2: less recent, occasional"
14116,2011-11-20 10:29:00,5.0,1382.74,707.0,61.0,0.0,0.0,20.0,1382.74,276.548,0.0,25.4765625,1,"Value tier 2/2: recent, repeat"
14117,2011-07-19 09:49:00,1.0,90.0,72.0,3.0,0.0,0.0,144.0,90.0,90.0,0.0,,0,"Value tier 1/2: less recent, occasional"
14121,2011-12-06 12:19:00,4.0,2780.15,2082.0,148.0,2.0,39.85,4.0,2740.3,695.0375,33.33333333333333,18.689814814814813,1,"Value tier 2/2: recent, repeat"
14124,2011-09-16 13:32:00,1.0,419.58000000000004,1618.0,4.0,0.0,0.0,85.0,419.58000000000004,419.58000000000004,0.0,,0,"Value tier 1/2: less recent, occasional"
14125,2011-11-29 12:47:00,3.0,2720.63,1628.0,159.0,0.0,0.0,11.0,2720.63,906.8766666666667,0.0,33.939930555555556,1,"Value tier 2/2: recent, repeat"
14126,2011-12-02 11:45:00,3.0,706.1300000000001,508.0,14.0,1.0,62.5,8.0,643.6300000000001,235.3766666666667,25.0,1.4875,1,"Value tier 2/2: recent, repeat"
14127,2011-08-09 10:49:00,3.0,709.71,321.0,39.0,0.0,0.0,123.0,709.71,236.57000000000002,0.0,93.96631944444445,0,"Value tier 1/2: less recent, occasional"
14128,2011-10-10 12:00:00,2.0,637.5,564.0,40.0,0.0,0.0,61.0,637.5,318.75,0.0,195.04930555555555,0,"Value tier 1/2: less recent, occasional"
14129,2011-12-08 11:02:00,5.0,1123.8600000000001,592.0,31.0,0.0,0.0,2.0,1123.8600000000001,224.77200000000002,0.0,64.77395833333334,1,"Value tier 2/2: recent, repeat"
14130,2011-01-24 16:05:00,1.0,480.91,257.0,66.0,0.0,0.0,320.0,480.91,480.91,0.0,,0,"Value tier 1/2: less recent, occasional"
14132,2011-12-07 13:35:00,11.0,3586.0299999999997,3368.0,100.0,1.0,5.9,3.0,3580.1299999999997,326.00272727272727,8.333333333333332,18.106319444444445,1,"Value tier 2/2: recent, repeat"
14133,2011-08-02 11:34:00,3.0,605.64,348.0,25.0,2.0,15.3,130.0,590.34,201.88,40.0,93.00243055555555,0,"Value tier 1/2: less recent, occasional"
14135,2011-12-08 11:38:00,15.0,4690.31,3850.0,95.0,0.0,0.0,2.0,4690.31,312.68733333333336,0.0,26.503521825396824,1,"Value tier 2/2: recent, repeat"
14138,2011-12-08 12:44:00,2.0,965.8800000000001,600.0,40.0,0.0,0.0,2.0,965.8800000000001,482.94000000000005,0.0,62.12916666666667,1,"Value tier 2/2: recent, repeat"
14139,2011-10-24 13:34:00,1.0,415.82,510.0,26.0,0.0,0.0,47.0,415.82,415.82,0.0,,0,"Value tier 1/2: less recent, occasional"
14140,2011-12-06 09:05:00,2.0,935.05,811.0,60.0,1.0,15.0,4.0,920.05,467.525,33.33333333333333,27.90625,1,"Value tier 2/2: recent, repeat"
14141,2011-12-07 09:53:00,4.0,915.13,355.0,27.0,2.0,36.1,3.0,879.03,228.7825,33.33333333333333,34.26689814814815,1,"Value tier 2/2: recent, repeat"
14142,2010-12-01 16:33:00,1.0,311.81,313.0,22.0,0.0,0.0,374.0,311.81,311.81,0.0,,0,"Value tier 1/2: less recent, occasional"
14143,2011-07-29 09:48:00,1.0,115.8,30.0,7.0,0.0,0.0,134.0,115.8,115.8,0.0,,0,"Value tier 1/2: less recent, occasional"
14145,2011-10-24 12:10:00,4.0,3742.2,756.0,6.0,1.0,594.0,47.0,3148.2,935.55,20.0,56.988194444444446,1,"Value tier 2/2: recent, repeat"
14146,2011-12-01 10:18:00,5.0,4191.0,2437.0,183.0,1.0,1241.4299999999998,9.0,2949.57,838.2,16.666666666666664,87.1920138888889,1,"Value tier 2/2: recent, repeat"
14147,2011-09-22 18:10:00,2.0,483.4,108.0,4.0,1.0,15.0,79.0,468.4,241.7,33.33333333333333,207.26944444444445,0,"Value tier 1/2: less recent, occasional"
14148,2011-04-20 12:02:00,1.0,157.2,16.0,3.0,0.0,0.0,234.0,157.2,157.2,0.0,,0,"Value tier 1/2: less recent, occasional"
14149,2011-05-03 09:44:00,1.0,446.62,218.0,28.0,2.0,187.19,221.0,259.43,446.62,66.66666666666666,,0,"Value tier 1/2: less recent, occasional"
14150,2011-11-04 10:05:00,2.0,658.64,496.0,23.0,0.0,0.0,36.0,658.64,329.32,0.0,324.00069444444443,0,"Value tier 1/2: less recent, occasional"
14152,2011-09-25 12:54:00,2.0,621.29,711.0,47.0,1.0,10.2,76.0,611.0899999999999,310.645,33.33333333333333,158.88055555555556,0,"Value tier 1/2: less recent, occasional"
14154,2011-04-14 16:26:00,2.0,1345.62,465.0,52.0,0.0,0.0,240.0,1345.62,672.81,0.0,0.019444444444444445,0,"Value tier 1/2: less recent, occasional"
14155,2011-03-18 14:13:00,1.0,118.75,25.0,6.0,0.0,0.0,267.0,118.75,118.75,0.0,,0,"Value tier 1/2: less recent, occasional"
14156,2011-11-30 10:54:00,54.0,116560.08,57755.0,713.0,10.0,2874.3099999999995,10.0,113685.77,2158.52,15.625,6.829481132075471,1,"Value tier 2/2: recent, repeat"
14157,2011-11-20 11:32:00,2.0,424.89000000000004,271.0,45.0,1.0,32.45,20.0,392.44000000000005,212.44500000000002,33.33333333333333,265.93611111111113,0,"Value tier 1/2: less recent, occasional"
14158,2011-10-30 15:08:00,1.0,507.66,781.0,41.0,0.0,0.0,41.0,507.66,507.66,0.0,,0,"Value tier 1/2: less recent, occasional"
14159,2011-11-20 12:36:00,11.0,4627.98,4345.0,500.0,3.0,14.71,20.0,4613.2699999999995,420.7254545454545,21.428571428571427,34.30548611111111,1,"Value tier 2/2: recent, repeat"
14161,2011-05-08 11:41:00,3.0,1097.6200000000001,450.0,87.0,0.0,0.0,216.0,1097.6200000000001,365.8733333333334,0.0,76.96631944444445,0,"Value tier 1/2: less recent, occasional"
14162,2011-06-19 11:36:00,2.0,289.36,142.0,25.0,0.0,0.0,174.0,289.36,144.68,0.0,118.96111111111111,0,"Value tier 1/2: less recent, occasional"
14163,2011-09-13 15:18:00,4.0,2445.91,893.0,36.0,0.0,0.0,88.0,2445.91,611.4775,0.0,50.635416666666664,1,"Value tier 2/2: recent, repeat"
14164,2011-09-30 12:24:00,2.0,1631.77,1033.0,28.0,0.0,0.0,71.0,1631.77,815.885,0.0,10.004166666666666,0,"Value tier 1/2: less recent, occasional"
14165,2011-03-09 12:39:00,1.0,120.44,53.0,23.0,0.0,0.0,276.0,120.44,120.44,0.0,,0,"Value tier 1/2: less recent, occasional"
14167,2011-10-31 14:29:00,4.0,562.59,147.0,27.0,0.0,0.0,40.0,562.59,140.6475,0.0,97.31597222222223,0,"Value tier 1/2: less recent, occasional"
14171,2011-09-02 16:43:00,1.0,363.79,167.0,57.0,0.0,0.0,99.0,363.79,363.79,0.0,,0,"Value tier 1/2: less recent, occasional"
14173,2011-11-29 11:54:00,4.0,450.84,150.0,28.0,0.0,0.0,11.0,450.84,112.71,0.0,69.63680555555555,1,"Value tier 2/2: recent, repeat"
14174,2011-11-06 13:17:00,1.0,134.46,94.0,26.0,0.0,0.0,34.0,134.46,134.46,0.0,,0,"Value tier 1/2: less recent, occasional"
14175,2011-10-11 11:55:00,3.0,3222.3,1515.0,139.0,4.0,114.23999999999998,60.0,3108.0600000000004,1074.1000000000001,57.14285714285714,134.990625,1,"Value tier 2/2: recent, repeat"
14176,2011-02-15 13:12:00,4.0,576.9000000000001,209.0,28.0,1.0,2.9,298.0,574.0000000000001,144.22500000000002,20.0,23.353472222222223,0,"Value tier 1/2: less recent, occasional"
14177,2011-09-14 15:11:00,4.0,549.46,204.0,37.0,1.0,4.95,87.0,544.51,137.365,20.0,31.055787037037035,0,"Value tier 1/2: less recent, occasional"
14178,2011-12-01 12:01:00,7.0,1580.26,1492.0,190.0,0.0,0.0,9.0,1580.26,225.75142857142856,0.0,28.994212962962962,1,"Value tier 2/2: recent, repeat"
14179,2011-10-30 12:07:00,2.0,701.57,319.0,135.0,0.0,0.0,41.0,701.57,350.785,0.0,11.921527777777778,0,"Value tier 1/2: less recent, occasional"
14180,2011-11-29 10:56:00,25.0,4748.52,719.0,112.0,6.0,107.75,11.0,4640.77,189.94080000000002,19.35483870967742,15.079513888888888,1,"Value tier 2/2: recent, repeat"
14184,2011-10-04 12:43:00,1.0,452.89,127.0,24.0,0.0,0.0,67.0,452.89,452.89,0.0,,0,"Value tier 1/2: less recent, occasional"
14185,2011-01-12 13:52:00,1.0,197.65,6.0,3.0,0.0,0.0,332.0,197.65,197.65,0.0,,0,"Value tier 1/2: less recent, occasional"
14188,2011-11-09 12:45:00,6.0,2054.36,1162.0,34.0,4.0,35.45,31.0,2018.91,342.3933333333334,40.0,55.991527777777776,1,"Value tier 2/2: recent, repeat"
14189,2011-12-07 15:55:00,15.0,4654.08,3937.0,176.0,9.0,49.769999999999996,3.0,4604.3099999999995,310.272,37.5,26.155406746031748,1,"Value tier 2/2: recent, repeat"
14191,2011-12-08 09:23:00,13.0,4684.76,3662.0,145.0,1.0,24.75,2.0,4660.01,360.36615384615385,7.142857142857142,18.246122685185185,1,"Value tier 2/2: recent, repeat"
14193,2011-10-03 09:34:00,2.0,853.39,445.0,35.0,0.0,0.0,68.0,853.39,426.695,0.0,201.9138888888889,0,"Value tier 1/2: less recent, occasional"
14194,2011-12-05 10:38:00,21.0,11349.52,5840.0,269.0,11.0,132.77,5.0,11216.75,540.4533333333334,34.375,15.191215277777777,1,"Value tier 2/2: recent, repeat"
14195,2011-05-22 10:29:00,2.0,1012.0,760.0,7.0,1.0,49.3,202.0,962.7,506.0,33.33333333333333,50.735416666666666,0,"Value tier 1/2: less recent, occasional"
14196,2011-08-25 10:25:00,1.0,335.52,142.0,6.0,0.0,0.0,107.0,335.52,335.52,0.0,,0,"Value tier 1/2: less recent, occasional"
14198,2011-11-21 16:35:00,4.0,701.4,290.0,35.0,3.0,37.900000000000006,19.0,663.5,175.35,42.857142857142854,73.6900462962963,1,"Value tier 2/2: recent, repeat"
14199,2011-05-05 13:44:00,1.0,185.39999999999998,28.0,2.0,0.0,0.0,219.0,185.39999999999998,185.39999999999998,0.0,,0,"Value tier 1/2: less recent, occasional"
14201,2011-10-10 13:27:00,7.0,747.44,590.0,32.0,2.0,59.400000000000006,61.0,688.0400000000001,106.77714285714286,22.22222222222222,49.833564814814814,1,"Value tier 2/2: recent, repeat"
14204,2011-12-07 13:38:00,1.0,150.61,72.0,36.0,0.0,0.0,3.0,150.61,150.61,0.0,,0,"Value tier 1/2: less recent, occasional"
14205,2011-11-23 10:55:00,2.0,466.7,204.0,23.0,1.0,238.19999999999996,17.0,228.50000000000003,233.35,33.33333333333333,247.825,0,"Value tier 1/2: less recent, occasional"
14206,2011-04-14 16:38:00,1.0,328.15999999999997,276.0,20.0,1.0,19.9,240.0,308.26,328.15999999999997,50.0,,0,"Value tier 1/2: less recent, occasional"
14208,2011-09-06 12:48:00,1.0,151.74,114.0,10.0,0.0,0.0,95.0,151.74,151.74,0.0,,0,"Value tier 1/2: less recent, occasional"
14209,2011-11-29 10:18:00,6.0,2073.43,691.0,55.0,1.0,6.300000000000001,11.0,2067.1299999999997,345.57166666666666,14.285714285714285,64.37805555555556,1,"Value tier 2/2: recent, repeat"
14210,2011-08-26 12:36:00,6.0,1905.8400000000001,760.0,66.0,1.0,4.95,106.0,1900.89,317.64000000000004,14.285714285714285,53.19902777777778,1,"Value tier 2/2: recent, repeat"
14211,2011-10-17 13:23:00,9.0,2241.1,1242.0,87.0,4.0,32.8,54.0,2208.2999999999997,249.0111111111111,30.76923076923077,30.237239583333334,1,"Value tier 2/2: recent, repeat"
14212,2011-09-11 12:45:00,1.0,1070.48,1152.0,9.0,0.0,0.0,90.0,1070.48,1070.48,0.0,,0,"Value tier 1/2: less recent, occasional"
14214,2011-11-09 10:31:00,5.0,1004.38,751.0,64.0,2.0,4.15,31.0,1000.23,200.876,28.57142857142857,61.73003472222222,1,"Value tier 2/2: recent, repeat"
14215,2011-11-28 12:19:00,6.0,1789.72,1358.0,98.0,1.0,11.8,12.0,1777.92,298.2866666666667,14.285714285714285,71.37291666666667,1,"Value tier 2/2: recent, repeat"
14216,2011-12-06 14:56:00,4.0,1839.3,594.0,47.0,0.0,0.0,4.0,1839.3,459.825,0.0,11.390046296296296,1,"Value tier 2/2: recent, repeat"
14217,2011-12-08 11:53:00,17.0,2004.98,689.0,78.0,7.0,79.62000000000002,2.0,1925.36,117.94,29.166666666666668,22.80837673611111,1,"Value tier 2/2: recent, repeat"
14218,2011-10-28 10:00:00,1.0,169.48000000000002,160.0,12.0,0.0,0.0,43.0,169.48000000000002,169.48000000000002,0.0,,0,"Value tier 1/2: less recent, occasional"
14219,2011-12-05 16:23:00,1.0,89.94,78.0,7.0,0.0,0.0,5.0,89.94,89.94,0.0,,0,"Value tier 1/2: less recent, occasional"
14220,2011-04-06 13:23:00,2.0,632.4,272.0,21.0,0.0,0.0,248.0,632.4,316.2,0.0,110.79513888888889,0,"Value tier 1/2: less recent, occasional"
14221,2011-10-28 13:42:00,9.0,3432.8,2191.0,123.0,1.0,4.95,43.0,3427.8500000000004,381.4222222222222,10.0,37.11536458333333,1,"Value tier 2/2: recent, repeat"
14222,2011-06-15 16:42:00,1.0,683.17,607.0,41.0,0.0,0.0,178.0,683.17,683.17,0.0,,0,"Value tier 1/2: less recent, occasional"
14223,2011-09-08 13:38:00,3.0,991.13,585.0,50.0,1.0,15.9,93.0,975.23,330.37666666666667,25.0,85.95,0,"Value tier 1/2: less recent, occasional"
14224,2011-08-21 13:24:00,4.0,1009.73,483.0,105.0,0.0,0.0,111.0,1009.73,252.4325,0.0,69.99212962962963,0,"Value tier 1/2: less recent, occasional"
14226,2011-11-11 11:34:00,5.0,2214.79,1296.0,64.0,2.0,30.549999999999997,29.0,2184.24,442.95799999999997,28.57142857142857,60.20798611111111,1,"Value tier 2/2: recent, repeat"
14227,2011-11-13 15:48:00,10.0,3350.96,1820.0,117.0,5.0,35.25,27.0,3315.71,335.096,33.33333333333333,28.68217592592593,1,"Value tier 2/2: recent, repeat"
14229,2011-10-19 10:04:00,3.0,1547.2,610.0,29.0,2.0,96.6,52.0,1450.6000000000001,515.7333333333333,40.0,140.95833333333331,1,"Value tier 2/2: recent, repeat"
14231,2011-06-09 11:05:00,3.0,925.71,409.0,47.0,2.0,103.65,184.0,822.0600000000001,308.57,40.0,52.482638888888886,0,"Value tier 1/2: less recent, occasional"
14232,2011-10-28 11:09:00,5.0,2048.07,1941.0,81.0,3.0,4.14,43.0,2043.93,409.61400000000003,37.5,55.48350694444444,1,"Value tier 2/2: recent, repeat"
14233,2011-10-21 15:54:00,4.0,1462.72,680.0,30.0,1.0,15.209999999999999,50.0,1447.51,365.68,20.0,89.3775462962963,1,"Value tier 2/2: recent, repeat"
14234,2011-11-17 17:53:00,4.0,754.12,951.0,122.0,0.0,0.0,23.0,754.12,188.53,0.0,11.721064814814815,1,"Value tier 2/2: recent, repeat"
14235,2011-09-25 14:37:00,5.0,3144.86,1959.0,65.0,1.0,51.0,76.0,3093.86,628.972,16.666666666666664,46.26284722222223,1,"Value tier 2/2: recent, repeat"
14236,2011-09-20 09:13:00,2.0,490.86,310.0,15.0,0.0,0.0,81.0,490.86,245.43,0.0,291.6,0,"Value tier 1/2: less recent, occasional"
14237,2010-12-01 13:20:00,1.0,161.0,38.0,9.0,0.0,0.0,374.0,161.0,161.0,0.0,,0,"Value tier 1/2: less recent, occasional"
14238,2011-01-17 14:40:00,1.0,146.85,111.0,8.0,0.0,0.0,327.0,146.85,146.85,0.0,,0,"Value tier 1/2: less recent, occasional"
14239,2011-10-27 14:40:00,11.0,2380.85,993.0,83.0,2.0,57.35,44.0,2323.5,216.4409090909091,15.384615384615385,27.299652777777776,1,"Value tier 2/2: recent, repeat"
14240,2011-11-09 13:45:00,2.0,890.34,418.0,37.0,0.0,0.0,31.0,890.34,445.17,0.0,195.08680555555554,0,"Value tier 1/2: less recent, occasional"
14241,2011-06-09 11:46:00,1.0,213.70000000000002,146.0,10.0,0.0,0.0,184.0,213.70000000000002,213.70000000000002,0.0,,0,"Value tier 1/2: less recent, occasional"
14242,2011-04-19 11:46:00,2.0,280.55,123.0,13.0,0.0,0.0,235.0,280.55,140.275,0.0,91.12013888888889,0,"Value tier 1/2: less recent, occasional"
14243,2011-12-01 11:12:00,10.0,2588.77,1221.0,99.0,4.0,52.89,9.0,2535.88,258.877,28.57142857142857,39.67885802469136,1,"Value tier 2/2: recent, repeat"
14245,2011-05-04 08:40:00,2.0,1693.45,976.0,107.0,3.0,15.969999999999999,220.0,1677.48,846.725,60.0,43.91597222222222,0,"Value tier 1/2: less recent, occasional"
14246,2011-08-21 11:50:00,3.0,1474.06,804.0,57.0,0.0,0.0,111.0,1474.06,491.3533333333333,0.0,67.57118055555556,0,"Value tier 1/2: less recent, occasional"
14247,2011-03-06 15:21:00,1.0,136.76999999999998,47.0,19.0,0.0,0.0,279.0,136.76999999999998,136.76999999999998,0.0,,0,"Value tier 1/2: less recent, occasional"
14248,2011-01-25 14:45:00,1.0,302.58,102.0,8.0,0.0,0.0,319.0,302.58,302.58,0.0,,0,"Value tier 1/2: less recent, occasional"
14250,2011-12-02 14:30:00,3.0,1904.05,1200.0,94.0,0.0,0.0,8.0,1904.05,634.6833333333333,0.0,41.015972222222224,1,"Value tier 2/2: recent, repeat"
14251,2011-12-08 08:32:00,5.0,2879.7000000000003,1674.0,37.0,0.0,0.0,2.0,2879.7000000000003,575.94,0.0,13.955902777777776,1,"Value tier 2/2: recent, repeat"
14256,2011-03-24 13:17:00,2.0,969.0600000000001,414.0,51.0,1.0,34.0,261.0,935.0600000000001,484.53000000000003,33.33333333333333,104.06458333333333,0,"Value tier 1/2: less recent, occasional"
14257,2011-10-06 16:54:00,5.0,3099.7200000000003,1682.0,88.0,1.0,12.450000000000001,65.0,3087.2700000000004,619.9440000000001,16.666666666666664,63.56336805555556,1,"Value tier 2/2: recent, repeat"
14258,2011-11-30 15:27:00,9.0,12669.98,7100.0,58.0,1.0,19.9,10.0,12650.08,1407.7755555555555,10.0,41.01640625,1,"Value tier 2/2: recent, repeat"
14259,2011-07-21 10:44:00,1.0,120.0,68.0,5.0,0.0,0.0,142.0,120.0,120.0,0.0,,0,"Value tier 1/2: less recent, occasional"
14261,2011-10-20 10:04:00,2.0,1163.45,406.0,52.0,0.0,0.0,51.0,1163.45,581.725,0.0,27.97013888888889,0,"Value tier 1/2: less recent, occasional"
14262,2011-12-01 14:17:00,8.0,2618.23,1645.0,87.0,0.0,0.0,9.0,2618.23,327.27875,0.0,33.15416666666666,1,"Value tier 2/2: recent, repeat"
14264,2011-07-08 10:20:00,2.0,333.97,70.0,15.0,1.0,14.5,155.0,319.47,166.985,33.33333333333333,90.91666666666667,0,"Value tier 1/2: less recent, occasional"
14265,2011-08-22 13:32:00,2.0,530.18,330.0,31.0,0.0,0.0,110.0,530.18,265.09,0.0,39.18194444444445,0,"Value tier 1/2: less recent, occasional"
14267,2011-06-30 10:09:00,3.0,1516.24,530.0,25.0,4.0,237.15000000000003,163.0,1279.09,505.41333333333336,57.14285714285714,48.969097222222224,0,"Value tier 1/2: less recent, occasional"
14270,2011-01-12 09:33:00,1.0,492.65000000000003,197.0,29.0,0.0,0.0,332.0,492.65000000000003,492.65000000000003,0.0,,0,"Value tier 1/2: less recent, occasional"
14271,2011-04-28 12:47:00,1.0,112.32,88.0,10.0,0.0,0.0,226.0,112.32,112.32,0.0,,0,"Value tier 1/2: less recent, occasional"
14272,2011-09-27 10:08:00,2.0,437.96,599.0,33.0,0.0,0.0,74.0,437.96,218.98,0.0,180.84097222222223,0,"Value tier 1/2: less recent, occasional"
14273,2011-10-19 13:20:00,4.0,559.97,264.0,22.0,0.0,0.0,52.0,559.97,139.9925,0.0,63.665740740740745,0,"Value tier 1/2: less recent, occasional"
14276,2011-09-02 09:45:00,3.0,1119.74,744.0,52.0,2.0,100.35,99.0,1019.39,373.24666666666667,40.0,95.50243055555555,0,"Value tier 1/2: less recent, occasional"
14277,2011-11-24 15:01:00,3.0,4152.0,1974.0,194.0,1.0,259.2,16.0,3892.8,1384.0,25.0,98.53506944444445,1,"Value tier 2/2: recent, repeat"
14280,2011-05-27 10:37:00,1.0,134.04,52.0,8.0,0.0,0.0,197.0,134.04,134.04,0.0,,0,"Value tier 1/2: less recent, occasional"
14282,2011-12-06 17:04:00,15.0,3701.44,2656.0,70.0,0.0,0.0,4.0,3701.44,246.76266666666666,0.0,26.014037698412697,1,"Value tier 2/2: recent, repeat"
14284,2011-11-09 08:11:00,2.0,595.25,161.0,24.0,1.0,16.8,31.0,578.45,297.625,33.33333333333333,55.796527777777776,0,"Value tier 1/2: less recent, occasional"
14285,2011-11-18 14:50:00,4.0,1910.01,541.0,18.0,0.0,0.0,22.0,1910.01,477.5025,0.0,51.697685185185186,1,"Value tier 2/2: recent, repeat"
14286,2011-11-16 10:34:00,3.0,4628.75,4338.0,220.0,2.0,32.94,24.0,4595.81,1542.9166666666667,40.0,109.54791666666668,1,"Value tier 2/2: recent, repeat"
14287,2011-12-01 13:25:00,3.0,176.63,261.0,9.0,1.0,20.4,9.0,156.23,58.876666666666665,25.0,95.03611111111111,0,"Value tier 1/2: less recent, occasional"
14288,2011-05-10 13:22:00,1.0,426.6,188.0,16.0,1.0,12.75,214.0,413.85,426.6,50.0,,0,"Value tier 1/2: less recent, occasional"
14289,2011-12-01 11:44:00,6.0,911.26,292.0,33.0,0.0,0.0,9.0,911.26,151.87666666666667,0.0,56.193194444444444,1,"Value tier 2/2: recent, repeat"
14290,2011-11-28 14:02:00,5.0,2314.65,915.0,89.0,1.0,7.2,12.0,2307.4500000000003,462.93,16.666666666666664,87.53784722222221,1,"Value tier 2/2: recent, repeat"
14291,2011-12-08 10:26:00,11.0,3883.25,2749.0,145.0,1.0,9.95,2.0,3873.3,353.02272727272725,8.333333333333332,27.379583333333336,1,"Value tier 2/2: recent, repeat"
14292,2011-12-02 11:50:00,9.0,4871.93,1663.0,64.0,5.0,52.60000000000001,8.0,4819.33,541.3255555555556,35.714285714285715,34.39270833333333,1,"Value tier 2/2: recent, repeat"
14293,2011-12-06 15:17:00,4.0,1046.56,709.0,51.0,0.0,0.0,4.0,1046.56,261.64,0.0,121.73587962962962,1,"Value tier 2/2: recent, repeat"
14295,2011-10-30 15:50:00,1.0,166.20000000000002,84.0,5.0,1.0,8.5,41.0,157.70000000000002,166.20000000000002,50.0,,0,"Value tier 1/2: less recent, occasional"
14297,2011-11-22 09:06:00,4.0,1305.33,865.0,48.0,1.0,14.850000000000001,18.0,1290.48,326.3325,20.0,85.67476851851852,1,"Value tier 2/2: recent, repeat"
14298,2011-12-01 13:12:00,44.0,51527.3,58343.0,884.0,1.0,664.86,9.0,50862.44,1171.075,2.2222222222222223,8.18625645994832,1,"Value tier 2/2: recent, repeat"
14299,2011-12-01 16:05:00,9.0,3965.62,2149.0,94.0,9.0,1110.27,9.0,2855.35,440.6244444444444,50.0,44.654079861111114,1,"Value tier 2/2: recent, repeat"
14300,2011-11-21 08:57:00,1.0,43.2,32.0,3.0,0.0,0.0,19.0,43.2,43.2,0.0,,0,"Value tier 1/2: less recent, occasional"
14301,2011-08-14 15:33:00,1.0,640.14,606.0,13.0,1.0,8.1,118.0,632.04,640.14,50.0,,0,"Value tier 1/2: less recent, occasional"
14304,2011-05-01 11:50:00,1.0,383.45,139.0,17.0,1.0,186.35000000000002,223.0,197.09999999999997,383.45,50.0,,0,"Value tier 1/2: less recent, occasional"
14305,2011-09-29 15:29:00,3.0,1858.96,1089.0,96.0,2.0,55.20000000000001,72.0,1803.76,619.6533333333333,40.0,32.02604166666667,1,"Value tier 2/2: recent, repeat"
14306,2011-10-19 13:23:00,2.0,2093.32,1075.0,33.0,1.0,9.9,52.0,2083.42,1046.66,33.33333333333333,34.11944444444445,0,"Value tier 1/2: less recent, occasional"
14307,2011-09-12 09:38:00,6.0,2995.72,2058.0,150.0,0.0,0.0,89.0,2995.72,499.28666666666663,0.0,56.98291666666667,1,"Value tier 2/2: recent, repeat"
14309,2011-12-01 13:33:00,9.0,2352.53,1633.0,74.0,1.0,32.85,9.0,2319.6800000000003,261.39222222222224,10.0,43.752430555555556,1,"Value tier 2/2: recent, repeat"
14311,2011-04-11 10:14:00,1.0,310.26,146.0,20.0,1.0,80.55,243.0,229.70999999999998,310.26,50.0,,0,"Value tier 1/2: less recent, occasional"
14312,2011-10-24 09:46:00,6.0,1611.59,1012.0,74.0,0.0,0.0,47.0,1611.59,268.5983333333333,0.0,58.14319444444444,1,"Value tier 2/2: recent, repeat"
14314,2011-08-25 10:39:00,1.0,120.0,296.0,8.0,0.0,0.0,107.0,120.0,120.0,0.0,,0,"Value tier 1/2: less recent, occasional"
14315,2011-10-26 12:06:00,6.0,2481.13,1021.0,64.0,1.0,24.15,45.0,2456.98,413.5216666666667,14.285714285714285,44.3926388888889,1,"Value tier 2/2: recent, repeat"
14317,2011-10-06 10:44:00,1.0,508.58000000000004,255.0,24.0,0.0,0.0,65.0,508.58000000000004,508.58000000000004,0.0,,0,"Value tier 1/2: less recent, occasional"
14320,2011-05-17 09:24:00,2.0,477.79,325.0,29.0,1.0,134.68,207.0,343.11,238.895,33.33333333333333,126.00833333333334,0,"Value tier 1/2: less recent, occasional"
14321,2011-11-29 09:47:00,5.0,1530.75,2406.0,111.0,0.0,0.0,11.0,1530.75,306.15,0.0,80.73125,1,"Value tier 2/2: recent, repeat"
14323,2011-08-17 11:37:00,2.0,605.0600000000001,350.0,32.0,2.0,30.800000000000004,115.0,574.2600000000001,302.53000000000003,50.0,123.99513888888889,0,"Value tier 1/2: less recent, occasional"
14326,2011-04-11 15:04:00,1.0,183.85,103.0,8.0,1.0,17.0,243.0,166.85,183.85,50.0,,0,"Value tier 1/2: less recent, occasional"
14327,2011-06-29 13:58:00,1.0,311.65,139.0,12.0,0.0,0.0,164.0,311.65,311.65,0.0,,0,"Value tier 1/2: less recent, occasional"
14329,2011-11-22 15:50:00,7.0,4975.24,3087.0,218.0,7.0,86.1,18.0,4889.139999999999,710.7485714285714,50.0,52.01481481481482,1,"Value tier 2/2: recent, repeat"
14331,2011-08-07 13:17:00,2.0,462.65999999999997,252.0,27.0,0.0,0.0,125.0,462.65999999999997,231.32999999999998,0.0,10.91875,0,"Value tier 1/2: less recent, occasional"
14332,2011-11-17 11:54:00,3.0,840.21,463.0,22.0,0.0,0.0,23.0,840.21,280.07,0.0,62.528125,1,"Value tier 2/2: recent, repeat"
14333,2011-10-03 10:38:00,1.0,415.2,58.0,15.0,1.0,63.75,68.0,351.45,415.2,50.0,,0,"Value tier 1/2: less recent, occasional"
14334,2011-11-23 10:01:00,8.0,2552.21,1731.0,98.0,1.0,12.75,17.0,2539.46,319.02625,11.11111111111111,48.81190476190476,1,"Value tier 2/2: recent, repeat"
14335,2011-11-23 13:41:00,2.0,454.86,375.0,55.0,0.0,0.0,17.0,454.86,227.43,0.0,80.02361111111111,0,"Value tier 1/2: less recent, occasional"
14336,2011-11-23 11:40:00,4.0,1614.91,1759.0,77.0,0.0,0.0,17.0,1614.91,403.7275,0.0,86.59537037037039,1,"Value tier 2/2: recent, repeat"
14338,2011-07-01 14:08:00,2.0,588.22,335.0,30.0,2.0,34.0,162.0,554.22,294.11,50.0,35.02638888888889,0,"Value tier 1/2: less recent, occasional"
14339,2011-04-11 11:06:00,1.0,309.52,168.0,14.0,3.0,15.79,243.0,293.72999999999996,309.52,75.0,,0,"Value tier 1/2: less recent, occasional"
14340,2011-05-05 09:44:00,1.0,134.7,58.0,6.0,0.0,0.0,219.0,134.7,134.7,0.0,,0,"Value tier 1/2: less recent, occasional"
14341,2011-10-25 15:48:00,8.0,2166.98,1397.0,109.0,1.0,15.9,46.0,2151.08,270.8725,11.11111111111111,39.01121031746032,1,"Value tier 2/2: recent, repeat"
14342,2011-11-18 13:21:00,4.0,668.5600000000001,347.0,18.0,2.0,59.85000000000001,22.0,608.71,167.14000000000001,33.33333333333333,62.99328703703704,1,"Value tier 2/2: recent, repeat"
14344,2011-08-04 13:51:00,8.0,889.9300000000001,477.0,56.0,0.0,0.0,128.0,889.9300000000001,111.24125000000001,0.0,34.43978174603175,1,"Value tier 2/2: recent, repeat"
14345,2011-11-01 09:51:00,1.0,108.97999999999999,50.0,6.0,0.0,0.0,39.0,108.97999999999999,108.97999999999999,0.0,,0,"Value tier 1/2: less recent, occasional"
14346,2011-08-11 09:47:00,2.0,1021.58,605.0,55.0,0.0,0.0,121.0,1021.58,510.79,0.0,176.82986111111111,0,"Value tier 1/2: less recent, occasional"
14348,2011-03-24 16:23:00,1.0,409.57,183.0,18.0,0.0,0.0,261.0,409.57,409.57,0.0,,0,"Value tier 1/2: less recent, occasional"
14349,2011-11-29 15:39:00,1.0,133.5,86.0,31.0,0.0,0.0,11.0,133.5,133.5,0.0,,0,"Value tier 1/2: less recent, occasional"
14350,2011-03-10 14:14:00,1.0,282.93,183.0,18.0,1.0,24.229999999999997,275.0,258.7,282.93,50.0,,0,"Value tier 1/2: less recent, occasional"
14351,2011-06-28 11:56:00,1.0,51.0,12.0,1.0,0.0,0.0,165.0,51.0,51.0,0.0,,0,"Value tier 1/2: less recent, occasional"
14352,2011-07-05 15:41:00,4.0,1078.96,538.0,44.0,0.0,0.0,158.0,1078.96,269.74,0.0,38.67662037037037,0,"Value tier 1/2: less recent, occasional"
14353,2011-05-08 16:06:00,1.0,90.6,64.0,6.0,0.0,0.0,216.0,90.6,90.6,0.0,,0,"Value tier 1/2: less recent, occasional"
14354,2011-12-04 11:32:00,2.0,163.62,210.0,9.0,0.0,0.0,6.0,163.62,81.81,0.0,24.830555555555556,0,"Value tier 1/2: less recent, occasional"
14355,2010-12-09 12:16:00,1.0,174.4,92.0,11.0,0.0,0.0,366.0,174.4,174.4,0.0,,0,"Value tier 1/2: less recent, occasional"
14356,2011-09-21 09:18:00,2.0,701.23,277.0,33.0,2.0,34.28999999999999,80.0,666.94,350.615,50.0,1.7743055555555556,0,"Value tier 1/2: less recent, occasional"
14357,2011-10-27 16:23:00,1.0,225.12,147.0,39.0,0.0,0.0,44.0,225.12,225.12,0.0,,0,"Value tier 1/2: less recent, occasional"
14359,2011-11-20 13:17:00,3.0,912.18,371.0,44.0,3.0,29.6,20.0,882.5799999999999,304.06,50.0,34.08819444444445,1,"Value tier 2/2: recent, repeat"
14360,2011-11-08 09:12:00,4.0,2118.03,1139.0,104.0,0.0,0.0,32.0,2118.03,529.5075,0.0,20.961574074074075,1,"Value tier 2/2: recent, repeat"
14362,2011-11-17 15:08:00,1.0,151.5,96.0,37.0,0.0,0.0,23.0,151.5,151.5,0.0,,0,"Value tier 1/2: less recent, occasional"
14364,2011-08-23 11:01:00,8.0,3717.35,1967.0,61.0,0.0,0.0,109.0,3717.35,464.66875,0.0,14.702876984126984,1,"Value tier 2/2: recent, repeat"
14367,2011-12-01 13:19:00,16.0,9227.82,4426.0,270.0,3.0,93.7,9.0,9134.119999999999,576.73875,15.789473684210526,17.86421296296296,1,"Value tier 2/2: recent, repeat"
14368,2011-01-24 09:52:00,1.0,155.0,36.0,8.0,0.0,0.0,320.0,155.0,155.0,0.0,,0,"Value tier 1/2: less recent, occasional"
14371,2011-02-17 16:35:00,1.0,100.5,34.0,4.0,0.0,0.0,296.0,100.5,100.5,0.0,,0,"Value tier 1/2: less recent, occasional"
14373,2010-12-16 15:40:00,1.0,76.55,17.0,4.0,0.0,0.0,359.0,76.55,76.55,0.0,,0,"Value tier 1/2: less recent, occasional"
14375,2011-06-07 13:44:00,1.0,235.56,184.0,57.0,0.0,0.0,186.0,235.56,235.56,0.0,,0,"Value tier 1/2: less recent, occasional"
14377,2011-06-01 13:32:00,2.0,617.05,219.0,11.0,0.0,0.0,192.0,617.05,308.525,0.0,70.99583333333334,0,"Value tier 1/2: less recent, occasional"
14379,2011-10-26 16:43:00,2.0,348.1,292.0,39.0,0.0,0.0,45.0,348.1,174.05,0.0,251.06944444444446,0,"Value tier 1/2: less recent, occasional"
14381,2011-10-18 17:10:00,1.0,202.68,146.0,56.0,0.0,0.0,53.0,202.68,202.68,0.0,,0,"Value tier 1/2: less recent, occasional"
14382,2011-11-13 16:18:00,1.0,615.49,1231.0,121.0,0.0,0.0,27.0,615.49,615.49,0.0,,0,"Value tier 1/2: less recent, occasional"
14383,2011-11-01 15:53:00,3.0,1247.69,817.0,49.0,0.0,0.0,39.0,1247.69,415.8966666666667,0.0,62.61631944444444,1,"Value tier 2/2: recent, repeat"
14385,2011-11-30 15:36:00,3.0,202.11,159.0,13.0,0.0,0.0,10.0,202.11,67.37,0.0,7.076736111111112,0,"Value tier 1/2: less recent, occasional"
14386,2011-02-16 09:45:00,1.0,142.4,54.0,7.0,0.0,0.0,297.0,142.4,142.4,0.0,,0,"Value tier 1/2: less recent, occasional"
14387,2011-11-07 12:29:00,3.0,1727.6,795.0,125.0,0.0,0.0,33.0,1727.6,575.8666666666667,0.0,38.46388888888889,1,"Value tier 2/2: recent, repeat"
14388,2011-11-29 13:32:00,8.0,3212.84,1941.0,124.0,2.0,40.800000000000004,11.0,3172.04,401.605,20.0,51.72916666666667,1,"Value tier 2/2: recent, repeat"
14389,2011-10-05 15:17:00,2.0,1043.46,729.0,33.0,3.0,43.739999999999995,66.0,999.72,521.73,60.0,125.13402777777777,0,"Value tier 1/2: less recent, occasional"
14390,2011-11-29 13:49:00,9.0,4642.57,2133.0,135.0,4.0,60.35,11.0,4582.219999999999,515.8411111111111,30.76923076923077,45.25972222222222,1,"Value tier 2/2: recent, repeat"
14393,2011-05-05 18:16:00,1.0,67.95,13.0,5.0,0.0,0.0,219.0,67.95,67.95,0.0,,0,"Value tier 1/2: less recent, occasional"
14395,2011-12-07 14:34:00,9.0,3479.91,1689.0,181.0,3.0,35.8,3.0,3444.1099999999997,386.65666666666664,25.0,46.23081597222222,1,"Value tier 2/2: recent, repeat"
14396,2011-10-05 16:09:00,2.0,487.99,225.0,71.0,0.0,0.0,66.0,487.99,243.995,0.0,306.03472222222223,0,"Value tier 1/2: less recent, occasional"
14397,2011-12-07 09:22:00,19.0,2612.96,1890.0,18.0,4.0,56.28,3.0,2556.68,137.52421052631578,17.391304347826086,11.715162037037038,1,"Value tier 2/2: recent, repeat"
14400,2011-07-13 15:50:00,1.0,574.7,454.0,25.0,1.0,15.0,150.0,559.7,574.7,50.0,,0,"Value tier 1/2: less recent, occasional"
14401,2011-12-05 13:30:00,13.0,4051.48,4507.0,113.0,1.0,11.5,5.0,4039.98,311.6523076923077,7.142857142857142,29.598553240740742,1,"Value tier 2/2: recent, repeat"
14403,2011-08-01 12:57:00,4.0,1475.81,519.0,17.0,1.0,49.5,131.0,1426.31,368.9525,20.0,38.98009259259259,0,"Value tier 1/2: less recent, occasional"
14404,2011-11-06 12:30:00,6.0,1449.32,827.0,70.0,1.0,39.6,34.0,1409.72,241.5533333333333,14.285714285714285,67.17083333333332,1,"Value tier 2/2: recent, repeat"
14406,2011-08-12 16:54:00,1.0,156.75,77.0,8.0,0.0,0.0,120.0,156.75,156.75,0.0,,0,"Value tier 1/2: less recent, occasional"
14407,2011-08-24 14:02:00,5.0,2142.73,1414.0,66.0,3.0,46.65,108.0,2096.08,428.546,37.5,42.27135416666667,1,"Value tier 2/2: recent, repeat"
14408,2011-11-29 11:41:00,7.0,2599.03,1610.0,60.0,0.0,0.0,11.0,2599.03,371.29,0.0,42.3125,1,"Value tier 2/2: recent, repeat"
14409,2011-09-29 18:18:00,6.0,2059.4500000000003,1230.0,40.0,1.0,151.20000000000002,72.0,1908.2500000000002,343.24166666666673,14.285714285714285,59.42708333333333,1,"Value tier 2/2: recent, repeat"
14410,2011-09-08 15:08:00,9.0,1099.27,565.0,152.0,6.0,511.82,93.0,587.45,122.14111111111112,40.0,26.653819444444444,1,"Value tier 2/2: recent, repeat"
14411,2011-02-02 10:56:00,1.0,1063.0,196.0,14.0,0.0,0.0,311.0,1063.0,1063.0,0.0,,0,"Value tier 1/2: less recent, occasional"
14412,2011-10-28 10:45:00,2.0,770.03,786.0,43.0,1.0,8.7,43.0,761.3299999999999,385.015,33.33333333333333,30.08125,0,"Value tier 1/2: less recent, occasional"
14413,2010-12-12 13:37:00,1.0,121.05,67.0,22.0,0.0,0.0,363.0,121.05,121.05,0.0,,0,"Value tier 1/2: less recent, occasional"
14414,2011-09-09 12:09:00,7.0,1496.98,2512.0,79.0,1.0,11.850000000000001,92.0,1485.13,213.8542857142857,12.5,44.50671296296296,1,"Value tier 2/2: recent, repeat"
14415,2011-12-08 14:38:00,13.0,5855.57,2996.0,283.0,5.0,88.72000000000001,2.0,5766.849999999999,450.42846153846153,27.77777777777778,29.920543981481483,1,"Value tier 2/2: recent, repeat"
14416,2011-11-17 15:22:00,2.0,490.22,326.0,13.0,0.0,0.0,23.0,490.22,245.11,0.0,20.008333333333333,0,"Value tier 1/2: less recent, occasional"
14418,2011-12-06 11:39:00,3.0,1937.25,1711.0,114.0,0.0,0.0,4.0,1937.25,645.75,0.0,52.38229166666667,1,"Value tier 2/2: recent, repeat"
14419,2011-11-29 11:22:00,6.0,1051.79,483.0,112.0,0.0,0.0,11.0,1051.79,175.29833333333332,0.0,70.80361111111111,1,"Value tier 2/2: recent, repeat"
14420,2011-09-01 18:07:00,1.0,387.52,334.0,29.0,1.0,1.65,100.0,385.87,387.52,50.0,,0,"Value tier 1/2: less recent, occasional"
14421,2011-10-13 13:24:00,2.0,813.11,365.0,25.0,0.0,0.0,58.0,813.11,406.555,0.0,154.10763888888889,0,"Value tier 1/2: less recent, occasional"
14422,2011-12-09 11:26:00,6.0,4263.64,2906.0,189.0,0.0,0.0,1.0,4263.64,710.6066666666667,0.0,53.35,1,"Value tier 2/2: recent, repeat"
14423,2011-05-05 15:12:00,1.0,265.2,120.0,3.0,0.0,0.0,219.0,265.2,265.2,0.0,,0,"Value tier 1/2: less recent, occasional"
14424,2011-11-22 11:48:00,1.0,322.08,48.0,1.0,0.0,0.0,18.0,322.08,322.08,0.0,,0,"Value tier 1/2: less recent, occasional"
14426,2011-11-16 12:25:00,10.0,4481.67,2699.0,183.0,6.0,562.77,24.0,3918.9,448.16700000000003,37.5,32.12299382716049,1,"Value tier 2/2: recent, repeat"
14427,2011-10-20 14:23:00,2.0,363.34000000000003,228.0,16.0,0.0,0.0,51.0,363.34000000000003,181.67000000000002,0.0,13.217361111111112,0,"Value tier 1/2: less recent, occasional"
14428,2011-12-02 13:17:00,5.0,1224.06,428.0,108.0,2.0,14.69,8.0,1209.37,244.81199999999998,28.57142857142857,79.46493055555555,1,"Value tier 2/2: recent, repeat"
14431,2011-02-10 10:40:00,1.0,470.36,130.0,17.0,1.0,47.1,303.0,423.26,470.36,50.0,,0,"Value tier 1/2: less recent, occasional"
14432,2011-11-30 08:04:00,6.0,2248.5,2013.0,256.0,0.0,0.0,10.0,2248.5,374.75,0.0,15.949305555555554,1,"Value tier 2/2: recent, repeat"
14434,2011-11-18 08:56:00,6.0,1372.8,368.0,3.0,0.0,0.0,22.0,1372.8,228.79999999999998,0.0,10.145138888888889,1,"Value tier 2/2: recent, repeat"
14436,2011-09-02 10:13:00,1.0,89.06,129.0,9.0,0.0,0.0,99.0,89.06,89.06,0.0,,0,"Value tier 1/2: less recent, occasional"
14437,2010-12-09 09:27:00,1.0,63.0,60.0,5.0,0.0,0.0,366.0,63.0,63.0,0.0,,0,"Value tier 1/2: less recent, occasional"
14438,2011-02-06 14:56:00,1.0,131.9,82.0,9.0,0.0,0.0,307.0,131.9,131.9,0.0,,0,"Value tier 1/2: less recent, occasional"
14439,2011-01-24 11:39:00,1.0,2661.24,526.0,32.0,0.0,0.0,320.0,2661.24,2661.24,0.0,,0,"Value tier 1/2: less recent, occasional"
14440,2011-12-01 15:42:00,5.0,2357.6800000000003,588.0,33.0,0.0,0.0,9.0,2357.6800000000003,471.53600000000006,0.0,89.28003472222221,1,"Value tier 2/2: recent, repeat"
14441,2011-12-09 09:07:00,4.0,1712.89,446.0,43.0,6.0,167.75,1.0,1545.14,428.2225,60.0,84.95972222222223,1,"Value tier 2/2: recent, repeat"
14442,2011-05-19 11:36:00,2.0,1589.82,482.0,58.0,3.0,45.199999999999996,205.0,1544.62,794.91,60.0,112.08541666666666,0,"Value tier 1/2: less recent, occasional"
14443,2011-10-17 10:10:00,4.0,1420.2,938.0,84.0,3.0,19.32,54.0,1400.88,355.05,42.857142857142854,104.98773148148149,1,"Value tier 2/2: recent, repeat"
14446,2011-12-09 11:34:00,4.0,1005.55,856.0,232.0,0.0,0.0,1.0,1005.55,251.3875,0.0,81.99166666666666,1,"Value tier 2/2: recent, repeat"
14447,2011-11-21 08:28:00,5.0,1163.23,571.0,54.0,0.0,0.0,19.0,1163.23,232.64600000000002,0.0,65.47552083333333,1,"Value tier 2/2: recent, repeat"
14448,2011-11-30 13:50:00,2.0,375.35,104.0,20.0,0.0,0.0,10.0,375.35,187.675,0.0,354.85,0,"Value tier 1/2: less recent, occasional"
14449,2011-11-21 12:06:00,4.0,885.8,741.0,201.0,0.0,0.0,19.0,885.8,221.45,0.0,117.97152777777778,1,"Value tier 2/2: recent, repeat"
14450,2011-06-12 10:46:00,3.0,483.25,241.0,32.0,0.0,0.0,181.0,483.25,161.08333333333334,0.0,69.97673611111111,0,"Value tier 1/2: less recent, occasional"
14451,2011-10-10 13:38:00,2.0,643.9,378.0,86.0,0.0,0.0,61.0,643.9,321.95,0.0,134.04375,0,"Value tier 1/2: less recent, occasional"
14452,2011-11-29 12:06:00,2.0,259.05,116.0,55.0,0.0,0.0,11.0,259.05,129.525,0.0,83.02361111111111,0,"Value tier 1/2: less recent, occasional"
14453,2011-06-02 14:15:00,1.0,119.93,49.0,22.0,0.0,0.0,191.0,119.93,119.93,0.0,,0,"Value tier 1/2: less recent, occasional"
14456,2011-12-04 13:59:00,9.0,3014.32,2848.0,579.0,4.0,13.52,6.0,3000.8,334.9244444444445,30.76923076923077,17.129600694444445,1,"Value tier 2/2: recent, repeat"
14457,2011-02-02 09:39:00,1.0,113.64,88.0,4.0,0.0,0.0,311.0,113.64,113.64,0.0,,0,"Value tier 1/2: less recent, occasional"
14459,2011-07-07 13:35:00,1.0,1837.92,760.0,37.0,0.0,0.0,156.0,1837.92,1837.92,0.0,,0,"Value tier 1/2: less recent, occasional"
14460,2011-08-21 14:19:00,3.0,434.34,881.0,14.0,1.0,51.0,111.0,383.34,144.78,25.0,100.05,0,"Value tier 1/2: less recent, occasional"
14461,2011-07-14 17:11:00,3.0,2102.67,765.0,172.0,0.0,0.0,149.0,2102.67,700.89,0.0,56.60277777777778,0,"Value tier 1/2: less recent, occasional"
14462,2011-10-04 15:55:00,11.0,1975.57,954.0,149.0,3.0,33.120000000000005,67.0,1942.4499999999998,179.59727272727272,21.428571428571427,27.313194444444445,1,"Value tier 2/2: recent, repeat"
14463,2011-09-02 15:20:00,3.0,529.62,179.0,6.0,0.0,0.0,99.0,529.62,176.54,0.0,53.51319444444445,0,"Value tier 1/2: less recent, occasional"
14465,2011-04-07 12:38:00,3.0,1038.44,398.0,107.0,0.0,0.0,247.0,1038.44,346.1466666666667,0.0,28.008680555555557,0,"Value tier 1/2: less recent, occasional"
14466,2011-11-10 14:07:00,7.0,2272.4,1006.0,35.0,0.0,0.0,30.0,2272.4,324.62857142857143,0.0,57.17025462962963,1,"Value tier 2/2: recent, repeat"
14467,2011-11-22 12:48:00,4.0,596.26,276.0,67.0,0.0,0.0,18.0,596.26,149.065,0.0,98.33634259259259,1,"Value tier 2/2: recent, repeat"
14470,2011-11-28 10:31:00,2.0,461.19,193.0,43.0,0.0,0.0,12.0,461.19,230.595,0.0,275.94097222222223,0,"Value tier 1/2: less recent, occasional"
14472,2011-08-28 11:01:00,8.0,1852.67,1135.0,153.0,0.0,0.0,104.0,1852.67,231.58375,0.0,35.981944444444444,1,"Value tier 2/2: recent, repeat"
14473,2011-09-26 15:10:00,2.0,234.34000000000003,88.0,7.0,0.0,0.0,75.0,234.34000000000003,117.17000000000002,0.0,208.05138888888888,0,"Value tier 1/2: less recent, occasional"
14474,2011-10-24 13:26:00,1.0,547.66,140.0,29.0,1.0,9.95,47.0,537.7099999999999,547.66,50.0,,0,"Value tier 1/2: less recent, occasional"
14475,2011-09-29 10:46:00,3.0,925.85,447.0,35.0,3.0,126.03,72.0,799.82,308.6166666666667,50.0,116.51180555555555,0,"Value tier 1/2: less recent, occasional"
14476,2011-03-27 15:39:00,1.0,193.0,110.0,17.0,0.0,0.0,258.0,193.0,193.0,0.0,,0,"Value tier 1/2: less recent, occasional"
14477,2011-11-20 11:11:00,4.0,1309.6,720.0,7.0,1.0,1.79,20.0,1307.81,327.4,20.0,92.60347222222224,1,"Value tier 2/2: recent, repeat"
14479,2011-03-31 09:07:00,2.0,316.25,117.0,18.0,0.0,0.0,254.0,316.25,158.125,0.0,111.83888888888889,0,"Value tier 1/2: less recent, occasional"
14480,2011-11-28 16:35:00,1.0,279.05,143.0,13.0,0.0,0.0,12.0,279.05,279.05,0.0,,0,"Value tier 1/2: less recent, occasional"
14481,2011-06-28 10:38:00,2.0,636.51,489.0,25.0,0.0,0.0,165.0,636.51,318.255,0.0,122.86458333333333,0,"Value tier 1/2: less recent, occasional"
14482,2011-11-21 13:14:00,6.0,2022.81,1627.0,110.0,0.0,0.0,19.0,2022.81,337.135,0.0,44.17125,1,"Value tier 2/2: recent, repeat"
14483,2011-03-03 10:26:00,1.0,137.1,97.0,9.0,1.0,7.9,282.0,129.2,137.1,50.0,,0,"Value tier 1/2: less recent, occasional"
14484,2011-10-20 14:11:00,1.0,321.92,210.0,14.0,0.0,0.0,51.0,321.92,321.92,0.0,,0,"Value tier 1/2: less recent, occasional"
14485,2011-11-01 12:25:00,1.0,162.8,70.0,44.0,0.0,0.0,39.0,162.8,162.8,0.0,,0,"Value tier 1/2: less recent, occasional"
14487,2011-11-13 12:17:00,6.0,1165.48,712.0,112.0,1.0,12.75,27.0,1152.73,194.24666666666667,14.285714285714285,68.39097222222222,1,"Value tier 2/2: recent, repeat"
14488,2011-10-03 09:30:00,1.0,1064.28,799.0,46.0,1.0,16.85,68.0,1047.43,1064.28,50.0,,0,"Value tier 1/2: less recent, occasional"
14489,2011-05-16 14:51:00,1.0,463.38,299.0,30.0,0.0,0.0,208.0,463.38,463.38,0.0,,0,"Value tier 1/2: less recent, occasional"
14491,2011-06-17 15:22:00,2.0,340.93,139.0,17.0,0.0,0.0,176.0,340.93,170.465,0.0,197.13333333333333,0,"Value tier 1/2: less recent, occasional"
14493,2011-12-02 16:14:00,5.0,2383.2400000000002,1285.0,95.0,2.0,20.4,8.0,2362.84,476.648,28.57142857142857,36.9921875,1,"Value tier 2/2: recent, repeat"
14494,2011-11-14 09:21:00,1.0,139.56,92.0,7.0,0.0,0.0,26.0,139.56,139.56,0.0,,0,"Value tier 1/2: less recent, occasional"
14495,2011-10-20 12:28:00,2.0,123.8,62.0,6.0,0.0,0.0,51.0,123.8,61.9,0.0,70.92708333333333,0,"Value tier 1/2: less recent, occasional"
14496,2011-02-01 09:01:00,2.0,538.8100000000001,159.0,16.0,0.0,0.0,312.0,538.8100000000001,269.40500000000003,0.0,61.72638888888889,0,"Value tier 1/2: less recent, occasional"
14497,2011-02-03 17:01:00,1.0,475.37,235.0,29.0,1.0,17.9,310.0,457.47,475.37,50.0,,0,"Value tier 1/2: less recent, occasional"
14498,2011-10-28 12:09:00,5.0,1957.32,1098.0,162.0,0.0,0.0,43.0,1957.32,391.464,0.0,79.75694444444444,1,"Value tier 2/2: recent, repeat"
14499,2011-11-13 13:01:00,3.0,808.44,496.0,146.0,0.0,0.0,27.0,808.44,269.48,0.0,126.02291666666667,1,"Value tier 2/2: recent, repeat"
14500,2011-09-12 16:45:00,3.0,356.85,117.0,6.0,0.0,0.0,89.0,356.85,118.95,0.0,50.63784722222222,0,"Value tier 1/2: less recent, occasional"
14501,2011-06-09 12:02:00,2.0,251.21,161.0,9.0,1.0,60.89999999999999,184.0,190.31,125.605,33.33333333333333,136.0548611111111,0,"Value tier 1/2: less recent, occasional"
14502,2011-11-20 11:50:00,11.0,2426.79,1464.0,367.0,3.0,119.65,20.0,2307.14,220.61727272727273,21.428571428571427,29.383194444444445,1,"Value tier 2/2: recent, repeat"
14503,2011-12-06 13:30:00,6.0,3543.26,2004.0,113.0,0.0,0.0,4.0,3543.26,590.5433333333334,0.0,35.02916666666667,1,"Value tier 2/2: recent, repeat"
14504,2011-10-23 16:00:00,4.0,673.26,308.0,85.0,0.0,0.0,48.0,673.26,168.315,0.0,77.01898148148149,0,"Value tier 1/2: less recent, occasional"
14505,2011-11-22 15:45:00,8.0,5859.43,2739.0,540.0,3.0,86.94,18.0,5772.490000000001,732.42875,27.27272727272727,49.2828373015873,1,"Value tier 2/2: recent, repeat"
14506,2011-11-22 13:02:00,5.0,1960.65,704.0,204.0,0.0,0.0,18.0,1960.65,392.13,0.0,87.98559027777777,1,"Value tier 2/2: recent, repeat"
14507,2011-11-16 12:21:00,6.0,1367.88,594.0,79.0,1.0,15.0,24.0,1352.88,227.98000000000002,14.285714285714285,50.558055555555555,1,"Value tier 2/2: recent, repeat"
14508,2011-11-17 19:48:00,2.0,268.05,129.0,52.0,0.0,0.0,23.0,268.05,134.025,0.0,67.34652777777778,0,"Value tier 1/2: less recent, occasional"
14511,2011-11-28 17:05:00,5.0,1314.81,784.0,53.0,1.0,47.400000000000006,12.0,1267.4099999999999,262.962,16.666666666666664,30.550694444444446,1,"Value tier 2/2: recent, repeat"
14512,2011-06-05 12:39:00,2.0,275.28,122.0,19.0,0.0,0.0,188.0,275.28,137.64,0.0,44.731944444444444,0,"Value tier 1/2: less recent, occasional"
14513,2011-08-31 11:25:00,3.0,455.59000000000003,361.0,11.0,1.0,17.099999999999998,101.0,438.49,151.86333333333334,25.0,94.03784722222221,0,"Value tier 1/2: less recent, occasional"
14514,2011-10-09 16:05:00,3.0,990.2,564.0,65.0,0.0,0.0,62.0,990.2,330.06666666666666,0.0,135.01493055555557,0,"Value tier 1/2: less recent, occasional"
14515,2011-11-22 11:37:00,6.0,2076.89,1110.0,68.0,0.0,0.0,18.0,2076.89,346.1483333333333,0.0,40.195,1,"Value tier 2/2: recent, repeat"
14517,2011-11-06 14:20:00,2.0,330.45,91.0,17.0,0.0,0.0,34.0,330.45,165.225,0.0,108.10972222222222,0,"Value tier 1/2: less recent, occasional"
14518,2011-10-06 14:43:00,1.0,174.37,278.0,16.0,0.0,0.0,65.0,174.37,174.37,0.0,,0,"Value tier 1/2: less recent, occasional"
14520,2011-12-08 09:46:00,2.0,270.6,146.0,3.0,0.0,0.0,2.0,270.6,135.3,0.0,289.0215277777778,1,"Value tier 2/2: recent, repeat"
14522,2011-11-15 13:24:00,4.0,974.54,525.0,15.0,0.0,0.0,25.0,974.54,243.635,0.0,57.9636574074074,1,"Value tier 2/2: recent, repeat"
14523,2011-08-23 13:13:00,1.0,241.09,251.0,12.0,0.0,0.0,109.0,241.09,241.09,0.0,,0,"Value tier 1/2: less recent, occasional"
14524,2011-11-08 12:29:00,9.0,1843.83,669.0,161.0,0.0,0.0,32.0,1843.83,204.87,0.0,41.13263888888889,1,"Value tier 2/2: recent, repeat"
14525,2011-11-20 11:37:00,9.0,4215.9,2637.0,217.0,4.0,65.83000000000001,20.0,4150.07,468.4333333333333,30.76923076923077,42.71848958333333,1,"Value tier 2/2: recent, repeat"
14527,2011-12-07 12:19:00,55.0,8506.13,2086.0,329.0,2.0,28.6,3.0,8477.529999999999,154.65690909090907,3.508771929824561,6.795550411522634,1,"Value tier 2/2: recent, repeat"
14528,2011-11-02 17:09:00,1.0,364.21999999999997,278.0,18.0,0.0,0.0,38.0,364.21999999999997,364.21999999999997,0.0,,0,"Value tier 1/2: less recent, occasional"
14529,2011-10-10 15:27:00,3.0,578.61,325.0,177.0,0.0,0.0,61.0,578.61,192.87,0.0,25.026736111111113,0,"Value tier 1/2: less recent, occasional"
14530,2011-11-14 10:38:00,6.0,2862.11,1395.0,140.0,0.0,0.0,26.0,2862.11,477.0183333333334,0.0,54.19875,1,"Value tier 2/2: recent, repeat"
14532,2011-04-17 13:05:00,4.0,932.85,284.0,45.0,0.0,0.0,237.0,932.85,233.2125,0.0,38.65671296296296,0,"Value tier 1/2: less recent, occasional"
14533,2011-11-15 12:05:00,7.0,1949.72,4019.0,53.0,2.0,137.10000000000002,25.0,1812.62,278.5314285714286,22.22222222222222,54.67337962962963,1,"Value tier 2/2: recent, repeat"
14534,2011-12-07 12:19:00,18.0,4395.65,2026.0,330.0,7.0,371.7,3.0,4023.95,244.20277777777775,28.000000000000004,18.58766339869281,1,"Value tier 2/2: recent, repeat"
14535,2011-10-10 15:39:00,3.0,2854.84,1824.0,280.0,1.0,23.1,61.0,2831.7400000000002,951.6133333333333,25.0,94.05868055555555,1,"Value tier 2/2: recent, repeat"
14536,2011-03-25 12:21:00,1.0,170.95,39.0,18.0,0.0,0.0,260.0,170.95,170.95,0.0,,0,"Value tier 1/2: less recent, occasional"
14537,2011-10-13 10:54:00,1.0,355.56,120.0,10.0,0.0,0.0,58.0,355.56,355.56,0.0,,0,"Value tier 1/2: less recent, occasional"
14538,2011-10-06 10:31:00,2.0,388.25,155.0,19.0,0.0,0.0,65.0,388.25,194.125,0.0,191.81527777777777,0,"Value tier 1/2: less recent, occasional"
14539,2011-11-24 09:50:00,2.0,537.48,428.0,31.0,0.0,0.0,16.0,537.48,268.74,0.0,28.90763888888889,0,"Value tier 1/2: less recent, occasional"
14540,2011-11-30 10:15:00,3.0,952.66,411.0,64.0,0.0,0.0,10.0,952.66,317.55333333333334,0.0,149.90034722222222,1,"Value tier 2/2: recent, repeat"
14541,2011-10-12 10:08:00,8.0,1453.35,641.0,71.0,0.0,0.0,59.0,1453.35,181.66875,0.0,37.26111111111111,1,"Value tier 2/2: recent, repeat"
14542,2011-06-07 08:19:00,1.0,103.25,19.0,5.0,0.0,0.0,186.0,103.25,103.25,0.0,,0,"Value tier 1/2: less recent, occasional"
14543,2011-11-11 12:45:00,16.0,3560.08,671.0,41.0,5.0,614.86,29.0,2945.22,222.505,23.809523809523807,22.402499999999996,1,"Value tier 2/2: recent, repeat"
14544,2011-11-15 15:06:00,2.0,2004.3,1536.0,97.0,0.0,0.0,25.0,2004.3,1002.15,0.0,337.09444444444443,1,"Value tier 2/2: recent, repeat"
14546,2011-12-04 13:00:00,5.0,2573.93,1313.0,250.0,4.0,91.07,6.0,2482.8599999999997,514.786,44.44444444444444,60.753993055555554,1,"Value tier 2/2: recent, repeat"
14547,2011-12-06 11:06:00,8.0,3974.75,2639.0,198.0,1.0,20.8,4.0,3953.95,496.84375,11.11111111111111,7.264980158730159,1,"Value tier 2/2: recent, repeat"
14548,2011-07-12 12:19:00,2.0,652.8,256.0,2.0,0.0,0.0,151.0,652.8,326.4,0.0,167.15347222222223,0,"Value tier 1/2: less recent, occasional"
14549,2011-02-01 13:47:00,1.0,289.24,136.0,56.0,0.0,0.0,312.0,289.24,289.24,0.0,,0,"Value tier 1/2: less recent, occasional"
14550,2011-11-29 12:12:00,2.0,757.37,389.0,38.0,0.0,0.0,11.0,757.37,378.685,0.0,33.99861111111111,1,"Value tier 2/2: recent, repeat"
14551,2011-11-21 13:36:00,2.0,186.23,106.0,9.0,0.0,0.0,19.0,186.23,93.115,0.0,185.80208333333334,0,"Value tier 1/2: less recent, occasional"
14552,2011-07-11 12:49:00,1.0,164.22,90.0,57.0,0.0,0.0,152.0,164.22,164.22,0.0,,0,"Value tier 1/2: less recent, occasional"
14553,2011-11-20 13:20:00,5.0,859.27,493.0,103.0,0.0,0.0,20.0,859.27,171.85399999999998,0.0,79.97569444444444,1,"Value tier 2/2: recent, repeat"
14554,2011-11-29 16:44:00,4.0,2279.4900000000002,1443.0,147.0,0.0,0.0,11.0,2279.4900000000002,569.8725000000001,0.0,14.050925925925926,1,"Value tier 2/2: recent, repeat"
14555,2011-10-13 16:24:00,2.0,312.54,122.0,18.0,0.0,0.0,58.0,312.54,156.27,0.0,244.96180555555554,0,"Value tier 1/2: less recent, occasional"
14557,2011-09-15 15:48:00,1.0,788.38,510.0,16.0,1.0,788.3800000000001,86.0,-1.1368683772161603e-13,788.38,50.0,,0,"Value tier 1/2: less recent, occasional"
14560,2011-12-02 15:22:00,22.0,2237.77,1260.0,39.0,2.0,63.59,8.0,2174.18,101.71681818181818,8.333333333333332,16.678571428571427,1,"Value tier 2/2: recent, repeat"
14561,2011-09-25 12:39:00,3.0,1080.76,1014.0,67.0,0.0,0.0,76.0,1080.76,360.25333333333333,0.0,54.48368055555555,0,"Value tier 1/2: less recent, occasional"
14562,2011-12-06 11:05:00,18.0,5006.77,1815.0,187.0,4.0,323.8499999999999,4.0,4682.92,278.1538888888889,18.181818181818183,17.6968954248366,1,"Value tier 2/2: recent, repeat"
14565,2011-09-05 09:07:00,4.0,2949.12,1537.0,110.0,2.0,25.35,96.0,2923.77,737.28,33.33333333333333,88.60694444444444,1,"Value tier 2/2: recent, repeat"
14566,2011-08-21 11:05:00,1.0,1432.0,800.0,4.0,0.0,0.0,111.0,1432.0,1432.0,0.0,,0,"Value tier 1/2: less recent, occasional"
14567,2011-10-14 10:21:00,2.0,1530.3600000000001,412.0,33.0,1.0,5.9,57.0,1524.46,765.1800000000001,33.33333333333333,73.85625,0,"Value tier 1/2: less recent, occasional"
14569,2011-12-08 14:58:00,1.0,227.39,79.0,10.0,0.0,0.0,2.0,227.39,227.39,0.0,,0,"Value tier 1/2: less recent, occasional"
14570,2011-03-04 10:58:00,2.0,217.21,94.0,28.0,0.0,0.0,281.0,217.21,108.605,0.0,0.013194444444444444,0,"Value tier 1/2: less recent, occasional"
14572,2011-12-06 14:40:00,7.0,2804.54,1420.0,190.0,3.0,29.15,4.0,2775.39,400.6485714285714,30.0,53.48113425925926,1,"Value tier 2/2: recent, repeat"
14573,2011-06-13 11:15:00,9.0,1639.82,534.0,127.0,4.0,49.7,180.0,1590.12,182.20222222222222,30.76923076923077,24.07951388888889,1,"Value tier 2/2: recent, repeat"
14576,2010-12-02 17:51:00,1.0,35.400000000000006,12.0,1.0,0.0,0.0,373.0,35.400000000000006,35.400000000000006,0.0,,0,"Value tier 1/2: less recent, occasional"
14577,2011-11-27 12:47:00,4.0,859.71,353.0,86.0,0.0,0.0,13.0,859.71,214.9275,0.0,116.68541666666668,1,"Value tier 2/2: recent, repeat"
14578,2011-12-06 17:18:00,1.0,168.63,240.0,24.0,0.0,0.0,4.0,168.63,168.63,0.0,,0,"Value tier 1/2: less recent, occasional"
14581,2011-11-23 12:39:00,1.0,138.6,217.0,16.0,0.0,0.0,17.0,138.6,138.6,0.0,,0,"Value tier 1/2: less recent, occasional"
14582,2011-10-30 11:56:00,1.0,114.11,73.0,6.0,0.0,0.0,41.0,114.11,114.11,0.0,,0,"Value tier 1/2: less recent, occasional"
14583,2011-12-04 12:32:00,5.0,986.96,751.0,243.0,0.0,0.0,6.0,986.96,197.392,0.0,50.01111111111111,1,"Value tier 2/2: recent, repeat"
14584,2011-06-23 18:33:00,4.0,1033.06,381.0,68.0,1.0,13.0,170.0,1020.06,258.265,20.0,9.681018518518519,0,"Value tier 1/2: less recent, occasional"
14585,2011-10-20 14:33:00,1.0,157.05,91.0,29.0,0.0,0.0,51.0,157.05,157.05,0.0,,0,"Value tier 1/2: less recent, occasional"
14586,2011-03-08 10:04:00,1.0,237.36,444.0,19.0,2.0,103.2,277.0,134.16000000000003,237.36,66.66666666666666,,0,"Value tier 1/2: less recent, occasional"
14587,2011-11-21 11:34:00,9.0,1580.29,749.0,170.0,1.0,2.9,19.0,1577.3899999999999,175.58777777777777,10.0,39.116145833333334,1,"Value tier 2/2: recent, repeat"
14589,2010-12-03 11:42:00,1.0,39.75,5.0,3.0,0.0,0.0,372.0,39.75,39.75,0.0,,0,"Value tier 1/2: less recent, occasional"
14591,2011-11-24 13:57:00,4.0,1320.21,1228.0,138.0,0.0,0.0,16.0,1320.21,330.0525,0.0,65.99722222222222,1,"Value tier 2/2: recent, repeat"
14592,2011-11-04 16:35:00,3.0,557.94,407.0,132.0,0.0,0.0,36.0,557.94,185.98000000000002,0.0,14.467708333333334,0,"Value tier 1/2: less recent, occasional"
14593,2011-11-18 12:48:00,3.0,617.15,330.0,127.0,0.0,0.0,22.0,617.15,205.71666666666667,0.0,88.53263888888888,0,"Value tier 1/2: less recent, occasional"
14594,2011-12-02 13:28:00,2.0,363.33,183.0,48.0,0.0,0.0,8.0,363.33,181.665,0.0,365.9819444444444,0,"Value tier 1/2: less recent, occasional"
14595,2011-11-20 12:12:00,6.0,1740.6,978.0,94.0,0.0,0.0,20.0,1740.6,290.09999999999997,0.0,58.788333333333334,1,"Value tier 2/2: recent, repeat"
14597,2011-11-28 13:13:00,2.0,866.24,566.0,45.0,0.0,0.0,12.0,866.24,433.12,0.0,180.02777777777777,1,"Value tier 2/2: recent, repeat"
14598,2011-10-26 13:19:00,1.0,221.97,189.0,49.0,0.0,0.0,45.0,221.97,221.97,0.0,,0,"Value tier 1/2: less recent, occasional"
14600,2011-02-07 09:48:00,1.0,393.33000000000004,125.0,25.0,0.0,0.0,306.0,393.33000000000004,393.33000000000004,0.0,,0,"Value tier 1/2: less recent, occasional"
14601,2011-11-29 09:48:00,1.0,213.96,168.0,7.0,0.0,0.0,11.0,213.96,213.96,0.0,,0,"Value tier 1/2: less recent, occasional"
14603,2011-03-10 10:27:00,1.0,660.0,400.0,2.0,0.0,0.0,275.0,660.0,660.0,0.0,,0,"Value tier 1/2: less recent, occasional"
14606,2011-12-08 19:28:00,90.0,11926.15,6177.0,816.0,35.0,439.54999999999995,2.0,11486.6,132.51277777777779,28.000000000000004,4.180953495630462,1,"Value tier 2/2: recent, repeat"
14607,2011-11-24 10:35:00,12.0,15021.5,10734.0,37.0,3.0,5228.400000000001,16.0,9793.099999999999,1251.7916666666667,20.0,22.345517676767678,1,"Value tier 2/2: recent, repeat"
14608,2011-12-05 16:52:00,4.0,1785.15,437.0,8.0,0.0,0.0,5.0,1785.15,446.2875,0.0,119.36180555555553,1,"Value tier 2/2: recent, repeat"
14609,2011-09-28 12:54:00,4.0,601.56,7026.0,2.0,0.0,0.0,73.0,601.56,150.39,0.0,74.67685185185185,0,"Value tier 1/2: less recent, occasional"
14616,2011-04-11 09:54:00,3.0,406.08000000000004,104.0,2.0,0.0,0.0,243.0,406.08000000000004,135.36,0.0,37.44166666666667,0,"Value tier 1/2: less recent, occasional"
14618,2011-11-30 13:45:00,3.0,553.44,264.0,10.0,1.0,14.850000000000001,10.0,538.59,184.48000000000002,25.0,164.03680555555556,1,"Value tier 2/2: recent, repeat"
14619,2011-04-08 07:37:00,1.0,394.44,152.0,20.0,1.0,14.93,246.0,379.51,394.44,50.0,,0,"Value tier 1/2: less recent, occasional"
14620,2011-05-18 11:58:00,2.0,412.78000000000003,214.0,26.0,1.0,19.5,206.0,393.28000000000003,206.39000000000001,33.33333333333333,78.14444444444445,0,"Value tier 1/2: less recent, occasional"
14621,2011-12-08 16:22:00,5.0,1788.3600000000001,993.0,80.0,1.0,22.6,2.0,1765.7600000000002,357.672,16.666666666666664,89.28506944444445,1,"Value tier 2/2: recent, repeat"
14622,2011-06-08 12:42:00,1.0,320.58000000000004,146.0,21.0,0.0,0.0,185.0,320.58000000000004,320.58000000000004,0.0,,0,"Value tier 1/2: less recent, occasional"
14623,2011-11-07 13:56:00,5.0,882.02,406.0,107.0,1.0,19.9,33.0,862.12,176.404,16.666666666666664,50.750347222222224,1,"Value tier 2/2: recent, repeat"
14624,2011-10-13 13:44:00,2.0,225.85,162.0,13.0,0.0,0.0,58.0,225.85,112.925,0.0,1.9618055555555556,0,"Value tier 1/2: less recent, occasional"
14625,2011-05-27 15:32:00,2.0,899.63,335.0,51.0,3.0,51.15,197.0,848.48,449.815,60.0,164.99722222222223,0,"Value tier 1/2: less recent, occasional"
14626,2011-11-16 10:37:00,4.0,2791.27,1403.0,108.0,3.0,34.2,24.0,2757.07,697.8175,42.857142857142854,69.96273148148148,1,"Value tier 2/2: recent, repeat"
14628,2011-09-09 14:58:00,2.0,671.96,272.0,22.0,0.0,0.0,92.0,671.96,335.98,0.0,151.01041666666666,0,"Value tier 1/2: less recent, occasional"
14629,2011-12-05 16:55:00,2.0,955.26,378.0,133.0,1.0,19.8,5.0,935.46,477.63,33.33333333333333,43.02916666666667,1,"Value tier 2/2: recent, repeat"
14631,2011-10-20 11:17:00,3.0,1006.98,622.0,38.0,0.0,0.0,51.0,1006.98,335.66,0.0,124.03680555555556,0,"Value tier 1/2: less recent, occasional"
14632,2011-03-22 08:49:00,1.0,114.56,96.0,8.0,0.0,0.0,263.0,114.56,114.56,0.0,,0,"Value tier 1/2: less recent, occasional"
14633,2011-03-18 17:07:00,1.0,344.90000000000003,96.0,20.0,0.0,0.0,267.0,344.90000000000003,344.90000000000003,0.0,,0,"Value tier 1/2: less recent, occasional"
14636,2011-11-03 16:12:00,2.0,609.85,241.0,27.0,0.0,0.0,37.0,609.85,304.925,0.0,232.26388888888889,0,"Value tier 1/2: less recent, occasional"
14638,2011-10-20 10:10:00,1.0,443.6,166.0,16.0,0.0,0.0,51.0,443.6,443.6,0.0,,0,"Value tier 1/2: less recent, occasional"
14639,2011-10-18 15:06:00,6.0,2984.49,1431.0,138.0,2.0,32.15,53.0,2952.3399999999997,497.41499999999996,25.0,61.81055555555555,1,"Value tier 2/2: recent, repeat"
14640,2011-11-15 13:07:00,6.0,2107.38,880.0,87.0,2.0,82.92999999999999,25.0,2024.45,351.23,25.0,40.605000000000004,1,"Value tier 2/2: recent, repeat"
14641,2011-11-18 10:42:00,1.0,110.46,90.0,7.0,0.0,0.0,22.0,110.46,110.46,0.0,,0,"Value tier 1/2: less recent, occasional"
14642,2011-10-12 11:08:00,1.0,96.12,76.0,2.0,0.0,0.0,59.0,96.12,96.12,0.0,,0,"Value tier 1/2: less recent, occasional"
14643,2011-06-22 14:41:00,2.0,693.8100000000001,815.0,30.0,1.0,25.200000000000003,171.0,668.61,346.90500000000003,33.33333333333333,187.86666666666667,0,"Value tier 1/2: less recent, occasional"
14644,2011-10-03 08:30:00,2.0,830.76,258.0,26.0,2.0,50.3,68.0,780.46,415.38,50.0,230.76111111111112,0,"Value tier 1/2: less recent, occasional"
14645,2011-07-06 09:15:00,2.0,597.09,381.0,28.0,0.0,0.0,157.0,597.09,298.545,0.0,118.97430555555556,0,"Value tier 1/2: less recent, occasional"
14646,2011-12-08 12:12:00,72.0,279138.02,196844.0,699.0,1.0,360.00000000000006,2.0,278778.02,3876.9169444444447,1.36986301369863,4.973034037558685,1,"Value tier 2/2: recent, repeat"
14647,2011-05-22 13:40:00,1.0,236.04000000000002,91.0,24.0,0.0,0.0,202.0,236.04000000000002,236.04000000000002,0.0,,0,"Value tier 1/2: less recent, occasional"
14649,2011-12-05 12:30:00,4.0,1402.59,1004.0,148.0,0.0,0.0,5.0,1402.59,350.6475,0.0,69.30393518518518,1,"Value tier 2/2: recent, repeat"
14651,2011-10-03 15:52:00,2.0,653.75,343.0,95.0,0.0,0.0,68.0,653.75,326.875,0.0,143.97430555555556,0,"Value tier 1/2: less recent, occasional"
14652,2011-09-23 14:21:00,1.0,114.18,53.0,29.0,0.0,0.0,78.0,114.18,114.18,0.0,,0,"Value tier 1/2: less recent, occasional"
14653,2011-12-08 13:45:00,7.0,1916.7,944.0,153.0,0.0,0.0,2.0,1916.7,273.81428571428575,0.0,56.167245370370374,1,"Value tier 2/2: recent, repeat"
14655,2011-12-01 16:28:00,4.0,1932.23,1089.0,35.0,1.0,2.08,9.0,1930.15,483.0575,20.0,71.3539351851852,1,"Value tier 2/2: recent, repeat"
14656,2011-06-23 13:51:00,2.0,291.05,120.0,73.0,0.0,0.0,170.0,291.05,145.525,0.0,114.02222222222223,0,"Value tier 1/2: less recent, occasional"
14657,2011-11-22 12:47:00,4.0,848.22,466.0,103.0,1.0,9.95,18.0,838.27,212.055,20.0,102.96481481481482,1,"Value tier 2/2: recent, repeat"
14658,2011-12-04 15:35:00,2.0,247.15,47.0,27.0,0.0,0.0,6.0,247.15,123.575,0.0,111.99513888888889,0,"Value tier 1/2: less recent, occasional"
14659,2011-12-01 12:17:00,9.0,2529.93,1195.0,147.0,3.0,73.4,9.0,2456.5299999999997,281.1033333333333,25.0,38.37274305555556,1,"Value tier 2/2: recent, repeat"
14660,2011-09-14 11:34:00,2.0,285.74,228.0,24.0,0.0,0.0,87.0,285.74,142.87,0.0,14.0375,0,"Value tier 1/2: less recent, occasional"
14661,2011-11-13 11:51:00,1.0,107.95,35.0,4.0,0.0,0.0,27.0,107.95,107.95,0.0,,0,"Value tier 1/2: less recent, occasional"
14662,2011-11-11 12:13:00,4.0,741.37,578.0,143.0,0.0,0.0,29.0,741.37,185.3425,0.0,95.92407407407408,1,"Value tier 2/2: recent, repeat"
14664,2011-11-20 10:59:00,2.0,636.24,465.0,78.0,0.0,0.0,20.0,636.24,318.12,0.0,13.835416666666667,0,"Value tier 1/2: less recent, occasional"
14665,2011-10-10 09:14:00,5.0,1835.7,740.0,63.0,2.0,577.32,61.0,1258.38,367.14,28.57142857142857,62.501041666666666,1,"Value tier 2/2: recent, repeat"
14666,2011-11-15 12:57:00,1.0,179.95,155.0,13.0,0.0,0.0,25.0,179.95,179.95,0.0,,0,"Value tier 1/2: less recent, occasional"
14667,2011-11-29 11:30:00,25.0,9170.79,5318.0,353.0,2.0,10.0,11.0,9160.79,366.83160000000004,7.4074074074074066,14.913686342592593,1,"Value tier 2/2: recent, repeat"
14669,2011-04-12 11:43:00,3.0,1259.24,770.0,158.0,0.0,0.0,242.0,1259.24,419.74666666666667,0.0,45.48368055555556,0,"Value tier 1/2: less recent, occasional"
14670,2011-03-04 14:13:00,2.0,392.86,326.0,107.0,0.0,0.0,281.0,392.86,196.43,0.0,0.010416666666666666,0,"Value tier 1/2: less recent, occasional"
14672,2011-04-19 10:19:00,2.0,765.55,454.0,58.0,0.0,0.0,235.0,765.55,382.775,0.0,101.77152777777778,0,"Value tier 1/2: less recent, occasional"
14673,2011-12-06 14:31:00,5.0,1736.4,1004.0,39.0,0.0,0.0,4.0,1736.4,347.28000000000003,0.0,91.01770833333333,1,"Value tier 2/2: recent, repeat"
14675,2011-11-23 12:58:00,1.0,596.36,336.0,93.0,0.0,0.0,17.0,596.36,596.36,0.0,,0,"Value tier 1/2: less recent, occasional"
14676,2011-11-08 13:29:00,6.0,2548.2400000000002,2500.0,29.0,2.0,5.0,32.0,2543.2400000000002,424.7066666666667,25.0,50.39208333333333,1,"Value tier 2/2: recent, repeat"
14680,2011-11-14 16:59:00,16.0,28754.11,13476.0,73.0,7.0,1821.77,26.0,26932.34,1797.131875,30.434782608695656,23.080277777777777,1,"Value tier 2/2: recent, repeat"
14681,2011-09-29 15:52:00,3.0,498.95,76.0,6.0,0.0,0.0,72.0,498.95,166.31666666666666,0.0,70.10659722222222,0,"Value tier 1/2: less recent, occasional"
14682,2011-06-05 12:12:00,2.0,52.0,80.0,1.0,0.0,0.0,188.0,52.0,26.0,0.0,13.972916666666666,0,"Value tier 1/2: less recent, occasional"
14684,2011-11-14 11:33:00,5.0,1201.51,821.0,231.0,0.0,0.0,26.0,1201.51,240.302,0.0,84.2376736111111,1,"Value tier 2/2: recent, repeat"
14687,2011-08-25 11:59:00,1.0,628.38,470.0,15.0,0.0,0.0,107.0,628.38,628.38,0.0,,0,"Value tier 1/2: less recent, occasional"
14688,2011-12-02 12:26:00,21.0,5579.1,3584.0,148.0,6.0,523.49,8.0,5055.610000000001,265.6714285714286,22.22222222222222,18.305868055555557,1,"Value tier 2/2: recent, repeat"
14689,2011-05-15 11:22:00,1.0,112.8,76.0,13.0,0.0,0.0,209.0,112.8,112.8,0.0,,0,"Value tier 1/2: less recent, occasional"
14690,2011-10-26 15:39:00,2.0,355.05,167.0,40.0,1.0,13.09,45.0,341.96000000000004,177.525,33.33333333333333,107.15347222222222,0,"Value tier 1/2: less recent, occasional"
14691,2011-11-09 12:30:00,5.0,2114.33,707.0,50.0,0.0,0.0,31.0,2114.33,422.866,0.0,45.52690972222222,1,"Value tier 2/2: recent, repeat"
14692,2011-07-25 15:08:00,4.0,591.55,265.0,53.0,1.0,9.5,138.0,582.05,147.8875,20.0,61.68541666666667,0,"Value tier 1/2: less recent, occasional"
14693,2011-03-20 12:50:00,1.0,172.9,34.0,8.0,0.0,0.0,265.0,172.9,172.9,0.0,,0,"Value tier 1/2: less recent, occasional"
14696,2011-12-05 13:43:00,7.0,2078.95,1630.0,117.0,2.0,7.98,5.0,2070.97,296.99285714285713,22.22222222222222,61.486805555555556,1,"Value tier 2/2: recent, repeat"
14697,2011-05-05 15:39:00,2.0,188.60999999999999,181.0,22.0,0.0,0.0,219.0,188.60999999999999,94.30499999999999,0.0,0.006944444444444444,0,"Value tier 1/2: less recent, occasional"
14698,2011-12-08 12:26:00,5.0,1217.27,602.0,148.0,0.0,0.0,2.0,1217.27,243.454,0.0,12.495138888888889,1,"Value tier 2/2: recent, repeat"
14699,2011-05-09 14:54:00,1.0,109.13000000000001,77.0,8.0,0.0,0.0,215.0,109.13000000000001,109.13000000000001,0.0,,0,"Value tier 1/2: less recent, occasional"
14700,2011-11-07 14:40:00,3.0,2195.1,1314.0,80.0,0.0,0.0,33.0,2195.1,731.6999999999999,0.0,103.02916666666667,1,"Value tier 2/2: recent, repeat"
14701,2011-11-29 12:38:00,9.0,2526.09,921.0,268.0,3.0,63.150000000000006,11.0,2462.94,280.6766666666667,25.0,38.24982638888889,1,"Value tier 2/2: recent, repeat"
14702,2011-12-08 19:29:00,17.0,3251.79,1439.0,196.0,1.0,41.5,2.0,3210.29,191.28176470588235,5.555555555555555,22.750260416666666,1,"Value tier 2/2: recent, repeat"
14703,2011-11-25 09:23:00,1.0,318.17,183.0,22.0,0.0,0.0,15.0,318.17,318.17,0.0,,0,"Value tier 1/2: less recent, occasional"
14704,2011-11-20 12:20:00,7.0,1461.6200000000001,1035.0,286.0,0.0,0.0,20.0,1461.6200000000001,208.80285714285716,0.0,26.821875000000002,1,"Value tier 2/2: recent, repeat"
14705,2011-05-25 12:39:00,1.0,179.0,100.0,1.0,0.0,0.0,199.0,179.0,179.0,0.0,,0,"Value tier 1/2: less recent, occasional"
14708,2011-12-07 08:21:00,3.0,1126.37,621.0,25.0,1.0,29.700000000000003,3.0,1096.6699999999998,375.45666666666665,25.0,182.91597222222222,1,"Value tier 2/2: recent, repeat"
14709,2011-11-24 15:41:00,13.0,4921.04,2484.0,71.0,1.0,9.9,16.0,4911.14,378.54153846153844,7.142857142857142,28.590162037037036,1,"Value tier 2/2: recent, repeat"
14710,2011-11-25 14:53:00,4.0,599.48,375.0,124.0,0.0,0.0,15.0,599.48,149.87,0.0,15.014814814814814,1,"Value tier 2/2: recent, repeat"
14711,2011-11-29 14:58:00,11.0,2839.62,966.0,221.0,1.0,30.599999999999998,11.0,2809.02,258.1472727272727,8.333333333333332,25.205972222222222,1,"Value tier 2/2: recent, repeat"
14712,2011-11-10 12:59:00,3.0,917.07,315.0,21.0,0.0,0.0,30.0,917.07,305.69,0.0,41.488194444444446,1,"Value tier 2/2: recent, repeat"
14713,2011-11-30 16:26:00,11.0,2662.2,1613.0,146.0,1.0,2.1,10.0,2660.1,242.0181818181818,8.333333333333332,35.589444444444446,1,"Value tier 2/2: recent, repeat"
14714,2011-11-15 13:07:00,1.0,160.19,229.0,10.0,0.0,0.0,25.0,160.19,160.19,0.0,,0,"Value tier 1/2: less recent, occasional"
14715,2011-11-15 12:10:00,4.0,867.38,521.0,60.0,0.0,0.0,25.0,867.38,216.845,0.0,102.31550925925926,1,"Value tier 2/2: recent, repeat"
14716,2011-10-27 17:29:00,2.0,307.51,495.0,46.0,0.0,0.0,44.0,307.51,153.755,0.0,105.19930555555555,0,"Value tier 1/2: less recent, occasional"
14719,2011-12-08 12:43:00,5.0,1581.84,1025.0,177.0,1.0,9.95,2.0,1571.8899999999999,316.368,16.666666666666664,61.98368055555556,1,"Value tier 2/2: recent, repeat"
14720,2011-12-04 12:02:00,3.0,663.81,219.0,34.0,0.0,0.0,6.0,663.81,221.26999999999998,0.0,60.49861111111111,1,"Value tier 2/2: recent, repeat"
14722,2011-07-15 14:58:00,1.0,180.42000000000002,118.0,28.0,0.0,0.0,148.0,180.42000000000002,180.42000000000002,0.0,,0,"Value tier 1/2: less recent, occasional"
14723,2011-11-29 15:23:00,6.0,1120.66,671.0,192.0,0.0,0.0,11.0,1120.66,186.77666666666667,0.0,72.20902777777778,1,"Value tier 2/2: recent, repeat"
14725,2011-11-15 12:42:00,1.0,655.58,588.0,45.0,0.0,0.0,25.0,655.58,655.58,0.0,,0,"Value tier 1/2: less recent, occasional"
14727,2011-03-10 14:45:00,1.0,268.58,62.0,10.0,0.0,0.0,275.0,268.58,268.58,0.0,,0,"Value tier 1/2: less recent, occasional"
14729,2010-12-01 12:43:00,1.0,313.49,197.0,69.0,0.0,0.0,374.0,313.49,313.49,0.0,,0,"Value tier 1/2: less recent, occasional"
14730,2011-12-08 14:39:00,8.0,1897.57,1078.0,317.0,0.0,0.0,2.0,1897.57,237.19625,0.0,39.29662698412699,1,"Value tier 2/2: recent, repeat"
14731,2011-10-23 15:54:00,3.0,380.02,256.0,38.0,0.0,0.0,48.0,380.02,126.67333333333333,0.0,82.55833333333334,0,"Value tier 1/2: less recent, occasional"
14732,2011-12-01 14:34:00,8.0,2702.4900000000002,1405.0,105.0,2.0,16.15,9.0,2686.34,337.81125000000003,20.0,47.28511904761905,1,"Value tier 2/2: recent, repeat"
14733,2011-11-23 15:39:00,12.0,9585.91,3764.0,102.0,3.0,134.37,17.0,9451.539999999999,798.8258333333333,20.0,31.924810606060603,1,"Value tier 2/2: recent, repeat"
14735,2011-12-06 12:09:00,31.0,6050.69,2263.0,98.0,2.0,258.0,4.0,5792.69,195.18354838709675,6.0606060606060606,11.82787037037037,1,"Value tier 2/2: recent, repeat"
14737,2011-12-06 10:16:00,3.0,1164.55,345.0,15.0,0.0,0.0,4.0,1164.55,388.18333333333334,0.0,174.92604166666666,1,"Value tier 2/2: recent, repeat"
14738,2011-10-28 08:56:00,7.0,1314.45,601.0,39.0,2.0,24.509999999999998,43.0,1289.94,187.77857142857144,22.22222222222222,45.630324074074075,1,"Value tier 2/2: recent, repeat"
14739,2011-12-05 16:54:00,7.0,3902.28,3820.0,47.0,1.0,3.18,5.0,3899.1000000000004,557.4685714285714,12.5,60.51342592592593,1,"Value tier 2/2: recent, repeat"
14740,2011-05-26 18:17:00,3.0,1448.21,735.0,85.0,1.0,25.0,198.0,1423.21,482.7366666666667,25.0,43.202083333333334,0,"Value tier 1/2: less recent, occasional"
14741,2011-11-28 08:48:00,6.0,1400.34,841.0,35.0,0.0,0.0,12.0,1400.34,233.39,0.0,72.20069444444444,1,"Value tier 2/2: recent, repeat"
14744,2011-11-23 12:51:00,7.0,1099.98,627.0,21.0,2.0,11.45,17.0,1088.53,157.14000000000001,22.22222222222222,58.35069444444445,1,"Value tier 2/2: recent, repeat"
14745,2011-08-19 10:05:00,5.0,1220.26,1038.0,46.0,1.0,53.1,113.0,1167.16,244.052,16.666666666666664,43.19444444444444,1,"Value tier 2/2: recent, repeat"
14747,2011-04-04 14:09:00,1.0,328.2,84.0,18.0,1.0,33.9,250.0,294.3,328.2,50.0,,0,"Value tier 1/2: less recent, occasional"
14748,2011-11-10 18:33:00,5.0,1415.75,1223.0,87.0,1.0,96.9,30.0,1318.85,283.15,16.666666666666664,84.83576388888889,1,"Value tier 2/2: recent, repeat"
14752,2011-10-27 11:55:00,1.0,389.64,260.0,5.0,0.0,0.0,44.0,389.64,389.64,0.0,,0,"Value tier 1/2: less recent, occasional"
14753,2011-09-13 14:50:00,1.0,563.15,211.0,30.0,0.0,0.0,88.0,563.15,563.15,0.0,,0,"Value tier 1/2: less recent, occasional"
14754,2011-10-26 12:01:00,2.0,638.05,486.0,38.0,0.0,0.0,45.0,638.05,319.025,0.0,250.98611111111111,0,"Value tier 1/2: less recent, occasional"
14755,2011-11-30 11:24:00,11.0,5010.28,2219.0,128.0,1.0,44.900000000000006,10.0,4965.38,455.47999999999996,8.333333333333332,32.48902777777778,1,"Value tier 2/2: recent, repeat"
14756,2011-11-24 18:13:00,1.0,738.96,416.0,38.0,0.0,0.0,16.0,738.96,738.96,0.0,,0,"Value tier 1/2: less recent, occasional"
14757,2011-09-25 14:36:00,1.0,420.5,160.0,19.0,0.0,0.0,76.0,420.5,420.5,0.0,,0,"Value tier 1/2: less recent, occasional"
14758,2011-07-18 08:21:00,4.0,1484.06,419.0,54.0,0.0,0.0,145.0,1484.06,371.015,0.0,38.28032407407408,0,"Value tier 1/2: less recent, occasional"
14759,2011-12-05 12:03:00,3.0,1625.97,569.0,92.0,0.0,0.0,5.0,1625.97,541.99,0.0,114.02361111111111,1,"Value tier 2/2: recent, repeat"
14760,2011-02-15 16:27:00,1.0,89.2,40.0,5.0,1.0,35.400000000000006,298.0,53.8,89.2,50.0,,0,"Value tier 1/2: less recent, occasional"
14761,2011-10-12 12:10:00,2.0,255.9,118.0,11.0,0.0,0.0,59.0,255.9,127.95,0.0,276.0048611111111,0,"Value tier 1/2: less recent, occasional"
14762,2011-03-21 08:20:00,1.0,300.52,341.0,21.0,0.0,0.0,264.0,300.52,300.52,0.0,,0,"Value tier 1/2: less recent, occasional"
14764,2011-10-24 11:54:00,1.0,278.3,190.0,6.0,1.0,27.75,47.0,250.55,278.3,50.0,,0,"Value tier 1/2: less recent, occasional"
14765,2011-11-10 19:53:00,3.0,254.11,135.0,38.0,0.0,0.0,30.0,254.11,84.70333333333333,0.0,73.5013888888889,0,"Value tier 1/2: less recent, occasional"
14766,2011-12-01 16:05:00,6.0,2473.37,1349.0,111.0,2.0,50.3,9.0,2423.0699999999997,412.2283333333333,25.0,71.60444444444445,1,"Value tier 2/2: recent, repeat"
14768,2011-11-22 12:54:00,2.0,192.60000000000002,52.0,4.0,1.0,53.1,18.0,139.50000000000003,96.30000000000001,33.33333333333333,109.97847222222222,0,"Value tier 1/2: less recent, occasional"
14769,2011-12-07 10:24:00,8.0,10415.33,7238.0,717.0,2.0,33.15,3.0,10382.18,1301.91625,20.0,50.70674603174603,1,"Value tier 2/2: recent, repeat"
14770,2011-04-21 14:21:00,2.0,876.42,490.0,49.0,0.0,0.0,233.0,876.42,438.21,0.0,90.97291666666666,0,"Value tier 1/2: less recent, occasional"
14772,2011-08-19 15:04:00,1.0,139.26,82.0,9.0,0.0,0.0,113.0,139.26,139.26,0.0,,0,"Value tier 1/2: less recent, occasional"
14775,2011-10-12 15:27:00,3.0,1011.9,1174.0,57.0,0.0,0.0,59.0,1011.9,337.3,0.0,156.9753472222222,0,"Value tier 1/2: less recent, occasional"
14776,2011-10-19 15:34:00,11.0,2538.3,3134.0,44.0,2.0,342.72,52.0,2195.58,230.75454545454548,15.384615384615385,26.109513888888888,1,"Value tier 2/2: recent, repeat"
14778,2011-08-04 15:23:00,2.0,730.86,306.0,34.0,0.0,0.0,128.0,730.86,365.43,0.0,181.15277777777777,0,"Value tier 1/2: less recent, occasional"
14779,2011-03-04 12:42:00,3.0,386.15,84.0,40.0,0.0,0.0,281.0,386.15,128.71666666666667,0.0,21.513194444444444,0,"Value tier 1/2: less recent, occasional"
14780,2011-10-16 12:46:00,2.0,447.68,310.0,26.0,0.0,0.0,55.0,447.68,223.84,0.0,24.896527777777777,0,"Value tier 1/2: less recent, occasional"
14782,2011-01-24 11:12:00,1.0,200.10000000000002,114.0,6.0,0.0,0.0,320.0,200.10000000000002,200.10000000000002,0.0,,0,"Value tier 1/2: less recent, occasional"
14784,2011-11-13 13:30:00,2.0,289.99,237.0,15.0,0.0,0.0,27.0,289.99,144.995,0.0,297.1701388888889,0,"Value tier 1/2: less recent, occasional"
14785,2011-11-29 13:21:00,2.0,77.4,84.0,2.0,0.0,0.0,11.0,77.4,38.7,0.0,4.986805555555556,0,"Value tier 1/2: less recent, occasional"
14788,2011-12-02 17:06:00,2.0,679.4399999999999,421.0,26.0,0.0,0.0,8.0,679.4399999999999,339.71999999999997,0.0,19.051388888888887,1,"Value tier 2/2: recent, repeat"
14789,2011-11-11 08:59:00,1.0,197.64,116.0,6.0,0.0,0.0,29.0,197.64,197.64,0.0,,0,"Value tier 1/2: less recent, occasional"
14790,2011-11-23 09:28:00,4.0,745.06,699.0,30.0,0.0,0.0,17.0,745.06,186.265,0.0,78.96736111111112,1,"Value tier 2/2: recent, repeat"
14792,2011-10-07 09:19:00,1.0,6.2,2.0,2.0,1.0,6.2,64.0,0.0,6.2,50.0,,0,"Value tier 1/2: less recent, occasional"
14793,2011-11-18 14:50:00,1.0,228.99,91.0,14.0,1.0,14.850000000000001,22.0,214.14000000000001,228.99,50.0,,0,"Value tier 1/2: less recent, occasional"
14794,2011-12-07 10:11:00,7.0,1319.91,673.0,68.0,2.0,47.8,3.0,1272.1100000000001,188.55857142857144,22.22222222222222,55.291666666666664,1,"Value tier 2/2: recent, repeat"
14795,2011-06-26 13:04:00,1.0,131.45000000000002,17.0,6.0,0.0,0.0,167.0,131.45000000000002,131.45000000000002,0.0,,0,"Value tier 1/2: less recent, occasional"
14796,2011-12-08 15:31:00,17.0,7973.93,5991.0,402.0,10.0,182.98,2.0,7790.950000000001,469.05470588235295,37.03703703703704,22.825130208333334,1,"Value tier 2/2: recent, repeat"
14798,2011-10-18 10:58:00,3.0,173.74,150.0,11.0,0.0,0.0,53.0,173.74,57.913333333333334,0.0,128.90694444444443,0,"Value tier 1/2: less recent, occasional"
14799,2011-10-19 16:16:00,1.0,157.7,146.0,13.0,0.0,0.0,52.0,157.7,157.7,0.0,,0,"Value tier 1/2: less recent, occasional"
14800,2011-10-23 12:46:00,12.0,4331.79,3644.0,246.0,4.0,103.4,48.0,4228.39,360.9825,25.0,29.278787878787877,1,"Value tier 2/2: recent, repeat"
14801,2011-10-09 15:24:00,1.0,189.34,173.0,56.0,0.0,0.0,62.0,189.34,189.34,0.0,,0,"Value tier 1/2: less recent, occasional"
14803,2011-06-30 13:58:00,3.0,845.55,370.0,35.0,0.0,0.0,163.0,845.55,281.84999999999997,0.0,65.01284722222222,0,"Value tier 1/2: less recent, occasional"
14804,2011-12-01 11:20:00,1.0,353.27,121.0,12.0,0.0,0.0,9.0,353.27,353.27,0.0,,0,"Value tier 1/2: less recent, occasional"
14805,2011-11-24 16:20:00,4.0,546.4,114.0,30.0,0.0,0.0,16.0,546.4,136.6,0.0,99.41134259259259,1,"Value tier 2/2: recent, repeat"
14806,2011-09-25 15:32:00,1.0,193.39000000000001,330.0,11.0,0.0,0.0,76.0,193.39000000000001,193.39000000000001,0.0,,0,"Value tier 1/2: less recent, occasional"
14808,2011-10-31 12:21:00,8.0,2718.6,2120.0,176.0,6.0,440.79999999999995,40.0,2277.8,339.825,42.857142857142854,18.996825396825393,1,"Value tier 2/2: recent, repeat"
14810,2011-10-30 11:19:00,11.0,2085.33,1015.0,106.0,0.0,0.0,41.0,2085.33,189.57545454545453,0.0,32.89659722222222,1,"Value tier 2/2: recent, repeat"
14813,2010-12-05 11:57:00,2.0,152.88,66.0,25.0,0.0,0.0,370.0,152.88,76.44,0.0,0.0020833333333333333,0,"Value tier 1/2: less recent, occasional"
14815,2011-11-03 11:36:00,2.0,778.5,744.0,53.0,0.0,0.0,37.0,778.5,389.25,0.0,31.0,0,"Value tier 1/2: less recent, occasional"
14816,2011-05-26 13:16:00,1.0,271.85,5.0,4.0,0.0,0.0,198.0,271.85,271.85,0.0,,0,"Value tier 1/2: less recent, occasional"
14817,2011-05-23 13:35:00,2.0,1010.34,653.0,51.0,0.0,0.0,201.0,1010.34,505.17,0.0,76.9888888888889,0,"Value tier 1/2: less recent, occasional"
14818,2011-09-27 11:01:00,3.0,657.8,324.0,41.0,0.0,0.0,74.0,657.8,219.26666666666665,0.0,89.96979166666667,0,"Value tier 1/2: less recent, occasional"
14819,2011-10-06 13:41:00,2.0,272.07,109.0,13.0,0.0,0.0,65.0,272.07,136.035,0.0,127.99375,0,"Value tier 1/2: less recent, occasional"
14820,2011-11-18 15:41:00,4.0,507.29,253.0,24.0,0.0,0.0,22.0,507.29,126.8225,0.0,50.677083333333336,1,"Value tier 2/2: recent, repeat"
14821,2010-12-08 08:43:00,1.0,48.800000000000004,20.0,2.0,0.0,0.0,367.0,48.800000000000004,48.800000000000004,0.0,,0,"Value tier 1/2: less recent, occasional"
14823,2011-06-12 13:12:00,3.0,321.43,88.0,56.0,0.0,0.0,181.0,321.43,107.14333333333333,0.0,7.008333333333334,0,"Value tier 1/2: less recent, occasional"
14824,2011-11-29 14:20:00,4.0,1127.71,525.0,19.0,0.0,0.0,11.0,1127.71,281.9275,0.0,27.001851851851853,1,"Value tier 2/2: recent, repeat"
14825,2011-12-06 11:38:00,12.0,2221.01,989.0,82.0,0.0,0.0,4.0,2221.01,185.08416666666668,0.0,33.17853535353535,1,"Value tier 2/2: recent, repeat"
14828,2011-05-27 10:16:00,3.0,2139.76,2172.0,17.0,0.0,0.0,197.0,2139.76,713.2533333333334,0.0,70.00902777777777,0,"Value tier 1/2: less recent, occasional"
14829,2011-11-10 16:16:00,4.0,697.55,452.0,39.0,2.0,52.9,30.0,644.65,174.3875,33.33333333333333,114.33425925925924,1,"Value tier 2/2: recent, repeat"
14830,2011-10-17 14:29:00,1.0,188.03,163.0,38.0,0.0,0.0,54.0,188.03,188.03,0.0,,0,"Value tier 1/2: less recent, occasional"
14834,2011-11-22 10:30:00,6.0,1720.3,734.0,43.0,2.0,21.95,18.0,1698.35,286.71666666666664,25.0,44.5625,1,"Value tier 2/2: recent, repeat"
14836,2011-11-29 16:45:00,3.0,102.44999999999999,45.0,5.0,0.0,0.0,11.0,102.44999999999999,34.15,0.0,10.069097222222222,0,"Value tier 1/2: less recent, occasional"
14837,2011-09-11 10:58:00,4.0,1649.5,1436.0,96.0,1.0,8.3,90.0,1641.2,412.375,20.0,37.30763888888889,1,"Value tier 2/2: recent, repeat"
14840,2011-03-17 12:00:00,1.0,62.85,31.0,4.0,0.0,0.0,268.0,62.85,62.85,0.0,,0,"Value tier 1/2: less recent, occasional"
14841,2011-10-17 15:03:00,6.0,3295.76,1778.0,103.0,0.0,0.0,54.0,3295.76,549.2933333333334,0.0,61.03819444444444,1,"Value tier 2/2: recent, repeat"
14842,2011-10-27 12:37:00,4.0,2824.69,1166.0,128.0,4.0,367.88999999999993,44.0,2456.8,706.1725,50.0,88.29282407407408,1,"Value tier 2/2: recent, repeat"
14844,2011-10-07 10:41:00,4.0,3189.81,1833.0,87.0,0.0,0.0,64.0,3189.81,797.4525,0.0,59.29884259259259,1,"Value tier 2/2: recent, repeat"
14847,2011-07-14 10:52:00,1.0,309.4,120.0,13.0,0.0,0.0,149.0,309.4,309.4,0.0,,0,"Value tier 1/2: less recent, occasional"
14849,2011-11-18 10:58:00,25.0,7930.54,5694.0,159.0,3.0,26.259999999999998,22.0,7904.28,317.2216,10.714285714285714,14.66423611111111,1,"Value tier 2/2: recent, repeat"
14850,2011-02-01 11:21:00,1.0,325.75,293.0,21.0,1.0,47.6,312.0,278.15,325.75,50.0,,0,"Value tier 1/2: less recent, occasional"
14851,2011-11-16 14:20:00,2.0,511.35,325.0,28.0,0.0,0.0,24.0,511.35,255.675,0.0,232.97291666666666,0,"Value tier 1/2: less recent, occasional"
14852,2011-10-12 13:20:00,6.0,2836.69,1747.0,96.0,0.0,0.0,59.0,2836.69,472.7816666666667,0.0,38.79972222222222,1,"Value tier 2/2: recent, repeat"
14853,2011-11-15 16:56:00,2.0,475.8,82.0,8.0,1.0,12.75,25.0,463.05,237.9,33.33333333333333,187.06875,0,"Value tier 1/2: less recent, occasional"
14854,2011-09-22 17:00:00,7.0,2740.03,1820.0,110.0,1.0,9.939999999999998,79.0,2730.09,391.4328571428572,12.5,32.69884259259259,1,"Value tier 2/2: recent, repeat"
14855,2011-08-12 14:02:00,2.0,645.65,267.0,13.0,0.0,0.0,120.0,645.65,322.825,0.0,15.080555555555556,0,"Value tier 1/2: less recent, occasional"
14856,2011-11-03 14:53:00,3.0,1290.53,711.0,65.0,0.0,0.0,37.0,1290.53,430.1766666666667,0.0,10.110416666666666,1,"Value tier 2/2: recent, repeat"
14857,2011-10-11 09:23:00,2.0,1173.12,464.0,58.0,1.0,7.47,60.0,1165.6499999999999,586.56,33.33333333333333,88.76388888888889,0,"Value tier 1/2: less recent, occasional"
14859,2011-11-27 11:18:00,4.0,1353.74,671.0,47.0,1.0,1.7,13.0,1352.04,338.435,20.0,63.95277777777778,1,"Value tier 2/2: recent, repeat"
14860,2011-11-20 14:17:00,1.0,170.32,232.0,11.0,1.0,1.7,20.0,168.62,170.32,50.0,,0,"Value tier 1/2: less recent, occasional"
14861,2011-10-18 12:54:00,1.0,125.79,117.0,6.0,0.0,0.0,53.0,125.79,125.79,0.0,,0,"Value tier 1/2: less recent, occasional"
14862,2011-11-14 10:01:00,2.0,841.1999999999999,772.0,47.0,0.0,0.0,26.0,841.1999999999999,420.59999999999997,0.0,122.94513888888889,0,"Value tier 1/2: less recent, occasional"
14863,2011-11-10 15:04:00,1.0,266.76,132.0,11.0,0.0,0.0,30.0,266.76,266.76,0.0,,0,"Value tier 1/2: less recent, occasional"
14865,2011-12-02 16:25:00,2.0,52.2,108.0,4.0,0.0,0.0,8.0,52.2,26.1,0.0,364.91805555555555,0,"Value tier 1/2: less recent, occasional"
14866,2011-11-29 11:45:00,11.0,14353.4,6751.0,29.0,1.0,192.45000000000002,11.0,14160.949999999999,1304.8545454545454,8.333333333333332,35.58659722222222,1,"Value tier 2/2: recent, repeat"
14867,2011-06-07 11:39:00,3.0,710.28,328.0,31.0,1.0,8.95,186.0,701.3299999999999,236.76,25.0,75.39756944444444,0,"Value tier 1/2: less recent, occasional"
14868,2011-12-06 14:49:00,8.0,2953.59,1405.0,96.0,1.0,13.95,4.0,2939.6400000000003,369.19875,11.11111111111111,32.86438492063492,1,"Value tier 2/2: recent, repeat"
14869,2011-12-01 12:36:00,2.0,721.45,549.0,66.0,1.0,3.75,9.0,717.7,360.725,33.33333333333333,94.85208333333334,1,"Value tier 2/2: recent, repeat"
14870,2011-03-23 10:51:00,1.0,327.25,119.0,13.0,0.0,0.0,262.0,327.25,327.25,0.0,,0,"Value tier 1/2: less recent, occasional"
14871,2011-12-06 13:42:00,4.0,501.28000000000003,179.0,68.0,0.0,0.0,4.0,501.28000000000003,125.32000000000001,0.0,119.01944444444445,1,"Value tier 2/2: recent, repeat"
14873,2011-05-13 13:52:00,1.0,519.68,168.0,28.0,0.0,0.0,211.0,519.68,519.68,0.0,,0,"Value tier 1/2: less recent, occasional"
14875,2011-08-24 12:20:00,2.0,1465.3200000000002,558.0,46.0,2.0,7.65,108.0,1457.67,732.6600000000001,50.0,155.01875,0,"Value tier 1/2: less recent, occasional"
14878,2011-11-27 11:15:00,9.0,1476.09,799.0,62.0,0.0,0.0,13.0,1476.09,164.01,0.0,43.24513888888889,1,"Value tier 2/2: recent, repeat"
14880,2011-09-23 13:42:00,3.0,690.59,365.0,45.0,0.0,0.0,78.0,690.59,230.1966666666667,0.0,105.52604166666667,0,"Value tier 1/2: less recent, occasional"
14881,2011-11-20 11:06:00,1.0,255.4,316.0,17.0,0.0,0.0,20.0,255.4,255.4,0.0,,0,"Value tier 1/2: less recent, occasional"
14882,2011-11-13 12:47:00,2.0,589.7,158.0,6.0,0.0,0.0,27.0,589.7,294.85,0.0,7.105555555555555,0,"Value tier 1/2: less recent, occasional"
14883,2011-11-21 10:23:00,6.0,761.59,790.0,39.0,1.0,4.95,19.0,756.64,126.93166666666667,14.285714285714285,38.60472222222222,1,"Value tier 2/2: recent, repeat"
14885,2011-07-31 12:05:00,1.0,765.3199999999999,724.0,15.0,0.0,0.0,132.0,765.3199999999999,765.3199999999999,0.0,,0,"Value tier 1/2: less recent, occasional"
14886,2011-04-01 08:56:00,1.0,364.8,160.0,18.0,0.0,0.0,253.0,364.8,364.8,0.0,,0,"Value tier 1/2: less recent, occasional"
14887,2011-09-21 15:32:00,1.0,1862.0,1100.0,6.0,0.0,0.0,80.0,1862.0,1862.0,0.0,,0,"Value tier 1/2: less recent, occasional"
14888,2011-05-16 14:58:00,1.0,369.2,184.0,20.0,0.0,0.0,208.0,369.2,369.2,0.0,,0,"Value tier 1/2: less recent, occasional"
14889,2011-01-07 15:19:00,1.0,135.9,90.0,10.0,0.0,0.0,337.0,135.9,135.9,0.0,,0,"Value tier 1/2: less recent, occasional"
14890,2011-03-31 11:57:00,1.0,125.65,51.0,7.0,0.0,0.0,254.0,125.65,125.65,0.0,,0,"Value tier 1/2: less recent, occasional"
14891,2011-07-14 18:08:00,2.0,554.38,505.0,30.0,0.0,0.0,149.0,554.38,277.19,0.0,39.298611111111114,0,"Value tier 1/2: less recent, occasional"
14893,2011-11-30 12:31:00,2.0,1237.8500000000001,799.0,72.0,0.0,0.0,10.0,1237.8500000000001,618.9250000000001,0.0,2.0708333333333333,1,"Value tier 2/2: recent, repeat"
14894,2011-09-15 13:51:00,1.0,655.75,265.0,23.0,0.0,0.0,86.0,655.75,655.75,0.0,,0,"Value tier 1/2: less recent, occasional"
14895,2011-12-02 09:23:00,20.0,11138.710000000001,4851.0,273.0,4.0,118.45,8.0,11020.26,556.9355,16.666666666666664,14.886513157894736,1,"Value tier 2/2: recent, repeat"
14896,2011-05-19 10:20:00,2.0,468.77000000000004,279.0,43.0,0.0,0.0,205.0,468.77000000000004,234.38500000000002,0.0,160.9138888888889,0,"Value tier 1/2: less recent, occasional"
14897,2011-12-02 10:32:00,4.0,1366.38,468.0,43.0,0.0,0.0,8.0,1366.38,341.595,0.0,96.35995370370371,1,"Value tier 2/2: recent, repeat"
14898,2011-11-16 14:54:00,6.0,1269.31,1001.0,86.0,2.0,75.2,24.0,1194.11,211.55166666666665,25.0,69.59569444444443,1,"Value tier 2/2: recent, repeat"
14901,2011-11-28 17:09:00,9.0,1421.29,661.0,73.0,1.0,6.3,12.0,1414.99,157.92111111111112,10.0,45.15529513888889,1,"Value tier 2/2: recent, repeat"
14902,2011-11-14 10:34:00,1.0,332.66,218.0,20.0,1.0,18.55,26.0,314.11,332.66,50.0,,0,"Value tier 1/2: less recent, occasional"
14903,2011-11-18 16:07:00,5.0,2795.33,1531.0,227.0,5.0,66.14999999999999,22.0,2729.18,559.066,50.0,64.29461805555556,1,"Value tier 2/2: recent, repeat"
14904,2011-12-07 12:55:00,2.0,1025.44,1985.0,66.0,0.0,0.0,3.0,1025.44,512.72,0.0,23.154166666666665,1,"Value tier 2/2: recent, repeat"
14905,2011-07-05 12:41:00,2.0,616.15,287.0,14.0,1.0,16.25,158.0,599.9,308.075,33.33333333333333,76.07847222222222,0,"Value tier 1/2: less recent, occasional"
14907,2011-12-06 14:14:00,7.0,3501.1,1691.0,125.0,3.0,22.25,4.0,3478.85,500.15714285714284,30.0,60.69444444444445,1,"Value tier 2/2: recent, repeat"
14908,2011-09-26 12:56:00,1.0,277.8,132.0,9.0,0.0,0.0,75.0,277.8,277.8,0.0,,0,"Value tier 1/2: less recent, occasional"
14910,2011-12-07 10:06:00,4.0,434.35,238.0,25.0,3.0,44.489999999999995,3.0,389.86,108.5875,42.857142857142854,17.319444444444443,1,"Value tier 2/2: recent, repeat"
14911,2011-12-08 15:54:00,198.0,136161.83,80154.0,1785.0,44.0,7393.59,2.0,128768.23999999999,687.6860101010101,18.181818181818183,1.8887091088550478,1,"Value tier 2/2: recent, repeat"
14912,2011-11-23 09:20:00,2.0,867.85,971.0,21.0,0.0,0.0,17.0,867.85,433.925,0.0,229.92638888888888,0,"Value tier 1/2: less recent, occasional"
14913,2011-11-04 08:29:00,4.0,1227.43,1743.0,76.0,0.0,0.0,36.0,1227.43,306.8575,0.0,107.91527777777777,1,"Value tier 2/2: recent, repeat"
14915,2011-09-09 13:34:00,2.0,307.48,112.0,12.0,1.0,48.65,92.0,258.83000000000004,153.74,33.33333333333333,186.16319444444446,0,"Value tier 1/2: less recent, occasional"
14916,2011-09-30 09:20:00,4.0,1268.98,1136.0,72.0,1.0,4.14,71.0,1264.84,317.245,20.0,84.58101851851852,1,"Value tier 2/2: recent, repeat"
14918,2011-08-16 11:50:00,2.0,1610.15,675.0,39.0,0.0,0.0,116.0,1610.15,805.075,0.0,38.958333333333336,0,"Value tier 1/2: less recent, occasional"
14920,2011-05-11 10:32:00,2.0,977.77,509.0,57.0,0.0,0.0,213.0,977.77,488.885,0.0,0.0006944444444444445,0,"Value tier 1/2: less recent, occasional"
14921,2011-11-09 13:17:00,2.0,1316.07,953.0,78.0,0.0,0.0,31.0,1316.07,658.035,0.0,171.01805555555555,0,"Value tier 1/2: less recent, occasional"
14923,2011-10-20 11:51:00,1.0,749.1,418.0,44.0,0.0,0.0,51.0,749.1,749.1,0.0,,0,"Value tier 1/2: less recent, occasional"
14924,2011-04-08 09:25:00,1.0,310.05,64.0,10.0,0.0,0.0,246.0,310.05,310.05,0.0,,0,"Value tier 1/2: less recent, occasional"
14929,2011-11-07 17:21:00,1.0,223.88,136.0,11.0,0.0,0.0,33.0,223.88,223.88,0.0,,0,"Value tier 1/2: less recent, occasional"
14930,2011-08-23 10:31:00,3.0,2362.96,1160.0,116.0,0.0,0.0,109.0,2362.96,787.6533333333333,0.0,82.91284722222223,0,"Value tier 1/2: less recent, occasional"
14931,2011-12-05 10:19:00,4.0,864.6800000000001,414.0,28.0,0.0,0.0,5.0,864.6800000000001,216.17000000000002,0.0,78.6775462962963,1,"Value tier 2/2: recent, repeat"
14932,2010-12-09 11:48:00,1.0,313.53,79.0,16.0,0.0,0.0,366.0,313.53,313.53,0.0,,0,"Value tier 1/2: less recent, occasional"
14934,2011-09-19 10:10:00,2.0,1890.94,1042.0,68.0,1.0,2.1,82.0,1888.8400000000001,945.47,33.33333333333333,200.93194444444444,0,"Value tier 1/2: less recent, occasional"
14935,2011-02-15 14:44:00,1.0,1784.71,935.0,10.0,0.0,0.0,298.0,1784.71,1784.71,0.0,,0,"Value tier 1/2: less recent, occasional"
14936,2011-11-06 10:30:00,8.0,8137.02,4085.0,210.0,1.0,19.599999999999998,34.0,8117.42,1017.1275,11.11111111111111,34.56319444444445,1,"Value tier 2/2: recent, repeat"
14937,2011-10-14 12:29:00,3.0,1621.88,484.0,33.0,1.0,4.25,57.0,1617.63,540.6266666666667,25.0,36.96284722222222,1,"Value tier 2/2: recent, repeat"
14944,2011-11-10 09:10:00,12.0,5900.25,2815.0,101.0,2.0,57.300000000000004,30.0,5842.95,491.6875,14.285714285714285,24.25902777777778,1,"Value tier 2/2: recent, repeat"
14946,2011-11-25 13:33:00,1.0,100.9,22.0,3.0,0.0,0.0,15.0,100.9,100.9,0.0,,0,"Value tier 1/2: less recent, occasional"
14947,2011-09-28 15:48:00,2.0,290.82,179.0,14.0,0.0,0.0,73.0,290.82,145.41,0.0,58.261805555555554,0,"Value tier 1/2: less recent, occasional"
14948,2011-11-16 17:16:00,6.0,1101.97,673.0,56.0,1.0,35.400000000000006,24.0,1066.57,183.66166666666666,14.285714285714285,39.220000000000006,1,"Value tier 2/2: recent, repeat"
14950,2011-11-20 13:48:00,1.0,371.2,136.0,19.0,1.0,9.95,20.0,361.25,371.2,50.0,,0,"Value tier 1/2: less recent, occasional"
14951,2011-09-21 15:15:00,1.0,311.69,311.0,20.0,0.0,0.0,80.0,311.69,311.69,0.0,,0,"Value tier 1/2: less recent, occasional"
14952,2011-10-11 10:33:00,11.0,8099.49,3355.0,117.0,4.0,186.7,60.0,7912.79,736.3172727272727,26.666666666666668,30.490625,1,"Value tier 2/2: recent, repeat"
14953,2011-11-14 14:59:00,1.0,285.67,224.0,54.0,0.0,0.0,26.0,285.67,285.67,0.0,,0,"Value tier 1/2: less recent, occasional"
14954,2011-11-27 14:30:00,1.0,294.85,117.0,75.0,0.0,0.0,13.0,294.85,294.85,0.0,,0,"Value tier 1/2: less recent, occasional"
14957,2011-03-31 17:59:00,1.0,58.49,34.0,12.0,0.0,0.0,254.0,58.49,58.49,0.0,,0,"Value tier 1/2: less recent, occasional"
14958,2011-07-15 14:20:00,3.0,483.72999999999996,128.0,33.0,0.0,0.0,148.0,483.72999999999996,161.2433333333333,0.0,49.05972222222222,0,"Value tier 1/2: less recent, occasional"
14959,2011-10-06 18:23:00,4.0,695.42,494.0,37.0,1.0,10.45,65.0,684.9699999999999,173.855,20.0,77.40810185185185,0,"Value tier 1/2: less recent, occasional"
14960,2011-12-01 12:54:00,2.0,221.27,221.0,23.0,0.0,0.0,9.0,221.27,110.635,0.0,162.96944444444443,0,"Value tier 1/2: less recent, occasional"
14961,2011-11-29 09:42:00,9.0,7044.68,3708.0,193.0,3.0,38.099999999999994,11.0,7006.58,782.7422222222223,25.0,43.73993055555555,1,"Value tier 2/2: recent, repeat"
14962,2011-03-14 09:42:00,1.0,126.7,44.0,5.0,0.0,0.0,271.0,126.7,126.7,0.0,,0,"Value tier 1/2: less recent, occasional"
14963,2011-11-30 12:16:00,5.0,1472.34,1159.0,149.0,0.0,0.0,10.0,1472.34,294.46799999999996,0.0,43.497569444444444,1,"Value tier 2/2: recent, repeat"
14964,2011-04-06 14:13:00,1.0,206.21,143.0,13.0,0.0,0.0,248.0,206.21,206.21,0.0,,0,"Value tier 1/2: less recent, occasional"
14965,2011-09-04 13:20:00,2.0,596.09,363.0,80.0,0.0,0.0,97.0,596.09,298.045,0.0,0.003472222222222222,0,"Value tier 1/2: less recent, occasional"
14966,2011-11-25 12:20:00,1.0,183.02,179.0,35.0,0.0,0.0,15.0,183.02,183.02,0.0,,0,"Value tier 1/2: less recent, occasional"
14967,2011-10-21 11:06:00,1.0,463.8,140.0,6.0,0.0,0.0,50.0,463.8,463.8,0.0,,0,"Value tier 1/2: less recent, occasional"
14968,2011-11-09 13:58:00,1.0,147.59,127.0,37.0,0.0,0.0,31.0,147.59,147.59,0.0,,0,"Value tier 1/2: less recent, occasional"
14970,2011-10-02 13:44:00,4.0,1592.06,250.0,24.0,0.0,0.0,69.0,1592.06,398.015,0.0,82.68541666666667,1,"Value tier 2/2: recent, repeat"
14971,2011-11-04 17:07:00,3.0,1097.98,639.0,144.0,0.0,0.0,36.0,1097.98,365.99333333333334,0.0,4.074305555555556,1,"Value tier 2/2: recent, repeat"
14972,2011-08-03 14:54:00,1.0,114.77,28.0,18.0,0.0,0.0,129.0,114.77,114.77,0.0,,0,"Value tier 1/2: less recent, occasional"
14973,2011-08-24 15:51:00,3.0,1314.45,369.0,29.0,0.0,0.0,108.0,1314.45,438.15000000000003,0.0,59.07256944444445,0,"Value tier 1/2: less recent, occasional"
14974,2011-11-02 13:01:00,1.0,89.94,37.0,17.0,0.0,0.0,38.0,89.94,89.94,0.0,,0,"Value tier 1/2: less recent, occasional"
14975,2011-10-13 14:08:00,1.0,279.94,380.0,11.0,0.0,0.0,58.0,279.94,279.94,0.0,,0,"Value tier 1/2: less recent, occasional"
14976,2011-10-13 16:33:00,6.0,774.86,232.0,45.0,1.0,25.0,58.0,749.86,129.14333333333335,14.285714285714285,53.845000000000006,1,"Value tier 2/2: recent, repeat"
14978,2011-09-28 13:07:00,5.0,1921.3700000000001,523.0,136.0,0.0,0.0,73.0,1921.3700000000001,384.274,0.0,64.51111111111112,1,"Value tier 2/2: recent, repeat"
14981,2011-04-07 13:45:00,1.0,102.12,97.0,8.0,0.0,0.0,247.0,102.12,102.12,0.0,,0,"Value tier 1/2: less recent, occasional"
14984,2011-11-20 14:28:00,2.0,202.37,58.0,37.0,0.0,0.0,20.0,202.37,101.185,0.0,161.14166666666668,0,"Value tier 1/2: less recent, occasional"
14985,2011-05-25 14:29:00,2.0,292.01,256.0,78.0,0.0,0.0,199.0,292.01,146.005,0.0,159.7763888888889,0,"Value tier 1/2: less recent, occasional"
14987,2011-11-24 09:59:00,2.0,326.4,128.0,2.0,0.0,0.0,16.0,326.4,163.2,0.0,349.90694444444443,0,"Value tier 1/2: less recent, occasional"
14988,2011-05-12 12:05:00,1.0,334.54,141.0,40.0,0.0,0.0,212.0,334.54,334.54,0.0,,0,"Value tier 1/2: less recent, occasional"
14995,2011-11-01 11:39:00,2.0,231.98000000000002,102.0,53.0,0.0,0.0,39.0,231.98000000000002,115.99000000000001,0.0,241.93402777777777,0,"Value tier 1/2: less recent, occasional"
14997,2011-10-24 13:28:00,3.0,546.1999999999999,1120.0,25.0,1.0,5.22,47.0,540.9799999999999,182.06666666666663,25.0,65.92916666666666,0,"Value tier 1/2: less recent, occasional"
14998,2011-06-22 17:30:00,2.0,414.87,258.0,70.0,0.0,0.0,171.0,414.87,207.435,0.0,71.04305555555555,0,"Value tier 1/2: less recent, occasional"
15000,2011-10-23 11:42:00,1.0,490.52,218.0,76.0,0.0,0.0,48.0,490.52,490.52,0.0,,0,"Value tier 1/2: less recent, occasional"
15002,2011-08-16 10:44:00,4.0,1641.76,862.0,93.0,0.0,0.0,116.0,1641.76,410.44,0.0,83.96481481481482,0,"Value tier 1/2: less recent, occasional"
15004,2011-07-15 14:05:00,1.0,1220.38,622.0,153.0,0.0,0.0,148.0,1220.38,1220.38,0.0,,0,"Value tier 1/2: less recent, occasional"
15005,2011-11-24 12:25:00,28.0,6293.67,4228.0,359.0,7.0,134.83,16.0,6158.84,224.77392857142857,20.0,12.996630658436215,1,"Value tier 2/2: recent, repeat"
15006,2011-10-19 15:08:00,1.0,475.43,285.0,120.0,0.0,0.0,52.0,475.43,475.43,0.0,,0,"Value tier 1/2: less recent, occasional"
15007,2011-07-03 16:00:00,1.0,156.91,69.0,12.0,0.0,0.0,160.0,156.91,156.91,0.0,,0,"Value tier 1/2: less recent, occasional"
15009,2011-11-27 13:35:00,3.0,1259.43,639.0,148.0,0.0,0.0,13.0,1259.43,419.81,0.0,6.414930555555555,1,"Value tier 2/2: recent, repeat"
15010,2011-11-04 12:42:00,1.0,308.94,184.0,20.0,0.0,0.0,36.0,308.94,308.94,0.0,,0,"Value tier 1/2: less recent, occasional"
15012,2011-10-17 12:22:00,2.0,405.04,225.0,110.0,0.0,0.0,54.0,405.04,202.52,0.0,319.98125,0,"Value tier 1/2: less recent, occasional"
15014,2011-10-27 20:07:00,2.0,257.67,149.0,29.0,0.0,0.0,44.0,257.67,128.835,0.0,133.01875,0,"Value tier 1/2: less recent, occasional"
15016,2011-06-20 12:06:00,1.0,170.04,76.0,20.0,0.0,0.0,173.0,170.04,170.04,0.0,,0,"Value tier 1/2: less recent, occasional"
15017,2011-11-06 10:33:00,1.0,125.58,63.0,20.0,0.0,0.0,34.0,125.58,125.58,0.0,,0,"Value tier 1/2: less recent, occasional"
15018,2011-11-01 12:47:00,3.0,496.21000000000004,189.0,30.0,1.0,39.95,39.0,456.26000000000005,165.40333333333334,25.0,164.54166666666669,0,"Value tier 1/2: less recent, occasional"
15019,2011-03-18 12:35:00,1.0,252.81,150.0,64.0,0.0,0.0,267.0,252.81,252.81,0.0,,0,"Value tier 1/2: less recent, occasional"
15021,2011-12-01 11:53:00,9.0,1871.77,819.0,287.0,4.0,42.54,9.0,1829.23,207.97444444444443,30.76923076923077,44.74791666666667,1,"Value tier 2/2: recent, repeat"
15022,2011-11-28 12:35:00,4.0,852.39,527.0,96.0,0.0,0.0,12.0,852.39,213.0975,0.0,11.955555555555556,1,"Value tier 2/2: recent, repeat"
15023,2011-12-06 17:23:00,11.0,6701.51,2818.0,346.0,1.0,39.6,4.0,6661.91,609.2281818181818,8.333333333333332,36.61486111111111,1,"Value tier 2/2: recent, repeat"
15024,2011-11-30 12:06:00,10.0,1636.43,902.0,105.0,0.0,0.0,10.0,1636.43,163.643,0.0,39.77206790123457,1,"Value tier 2/2: recent, repeat"
15025,2011-11-06 15:20:00,1.0,361.96,184.0,66.0,0.0,0.0,34.0,361.96,361.96,0.0,,0,"Value tier 1/2: less recent, occasional"
15026,2011-09-20 13:52:00,3.0,464.2,225.0,56.0,0.0,0.0,81.0,464.2,154.73333333333332,0.0,98.50243055555555,0,"Value tier 1/2: less recent, occasional"
15027,2011-11-09 10:16:00,4.0,1066.1499999999999,565.0,30.0,2.0,14.2,31.0,1051.9499999999998,266.53749999999997,33.33333333333333,69.27824074074074,1,"Value tier 2/2: recent, repeat"
15028,2011-12-01 14:06:00,4.0,627.13,459.0,35.0,0.0,0.0,9.0,627.13,156.7825,0.0,120.01828703703704,1,"Value tier 2/2: recent, repeat"
15030,2011-09-29 10:50:00,2.0,518.28,372.0,7.0,0.0,0.0,72.0,518.28,259.14,0.0,196.80277777777778,0,"Value tier 1/2: less recent, occasional"
15031,2011-12-05 14:19:00,4.0,653.19,400.0,74.0,0.0,0.0,5.0,653.19,163.2975,0.0,92.66041666666666,1,"Value tier 2/2: recent, repeat"
15032,2011-03-28 15:03:00,3.0,4959.1,2968.0,29.0,2.0,495.0,257.0,4464.1,1653.0333333333335,40.0,55.043749999999996,0,"Value tier 1/2: less recent, occasional"
15033,2011-12-05 12:40:00,10.0,2553.88,1670.0,314.0,1.0,15.65,5.0,2538.23,255.388,9.090909090909092,36.10740740740741,1,"Value tier 2/2: recent, repeat"
15034,2011-11-24 12:11:00,8.0,4274.16,2413.0,299.0,3.0,30.95,16.0,4243.21,534.27,27.27272727272727,48.300000000000004,1,"Value tier 2/2: recent, repeat"
15035,2011-09-11 11:08:00,1.0,252.73000000000002,245.0,26.0,0.0,0.0,90.0,252.73000000000002,252.73000000000002,0.0,,0,"Value tier 1/2: less recent, occasional"
15036,2011-09-28 15:42:00,3.0,429.56,316.0,107.0,0.0,0.0,73.0,429.56,143.18666666666667,0.0,53.57048611111111,0,"Value tier 1/2: less recent, occasional"
15038,2011-10-12 11:33:00,6.0,685.74,212.0,105.0,1.0,39.9,59.0,645.84,114.29,14.285714285714285,62.205416666666665,1,"Value tier 2/2: recent, repeat"
15039,2011-11-30 11:31:00,47.0,19766.59,9131.0,408.0,5.0,128.0,10.0,19638.59,420.5657446808511,9.615384615384617,7.804423309178744,1,"Value tier 2/2: recent, repeat"
15041,2011-06-22 16:16:00,1.0,179.93,103.0,66.0,0.0,0.0,171.0,179.93,179.93,0.0,,0,"Value tier 1/2: less recent, occasional"
15042,2011-05-24 16:25:00,1.0,135.93,30.0,5.0,0.0,0.0,200.0,135.93,135.93,0.0,,0,"Value tier 1/2: less recent, occasional"
15043,2011-11-08 14:26:00,1.0,537.0,300.0,3.0,0.0,0.0,32.0,537.0,537.0,0.0,,0,"Value tier 1/2: less recent, occasional"
15044,2011-11-20 13:20:00,17.0,7634.7300000000005,2785.0,233.0,5.0,70.85,20.0,7563.88,449.1017647058824,22.727272727272727,21.43459201388889,1,"Value tier 2/2: recent, repeat"
15045,2011-07-11 11:33:00,2.0,735.66,114.0,11.0,1.0,102.0,152.0,633.66,367.83,33.33333333333333,105.99236111111111,0,"Value tier 1/2: less recent, occasional"
15046,2011-11-30 15:50:00,15.0,5071.47,3371.0,146.0,1.0,149.76,10.0,4921.71,338.098,6.25,23.500992063492067,1,"Value tier 2/2: recent, repeat"
15047,2011-03-15 10:49:00,1.0,343.62,222.0,22.0,0.0,0.0,270.0,343.62,343.62,0.0,,0,"Value tier 1/2: less recent, occasional"
15048,2011-10-05 14:55:00,4.0,381.0,192.0,86.0,1.0,3.4799999999999995,66.0,377.52,95.25,20.0,101.03703703703705,0,"Value tier 1/2: less recent, occasional"
15049,2011-03-11 12:13:00,1.0,121.17000000000002,63.0,3.0,0.0,0.0,274.0,121.17000000000002,121.17000000000002,0.0,,0,"Value tier 1/2: less recent, occasional"
15050,2011-11-14 16:17:00,3.0,1737.69,1216.0,68.0,2.0,54.919999999999995,26.0,1682.77,579.23,40.0,23.06076388888889,1,"Value tier 2/2: recent, repeat"
15051,2011-11-16 15:38:00,3.0,1383.3600000000001,1010.0,130.0,0.0,0.0,24.0,1383.3600000000001,461.12000000000006,0.0,63.503125,1,"Value tier 2/2: recent, repeat"
15052,2011-01-24 15:52:00,1.0,207.73000000000002,79.0,27.0,0.0,0.0,320.0,207.73000000000002,207.73000000000002,0.0,,0,"Value tier 1/2: less recent, occasional"
15053,2011-12-05 12:08:00,3.0,693.95,984.0,49.0,0.0,0.0,5.0,693.95,231.3166666666667,0.0,138.50069444444443,1,"Value tier 2/2: recent, repeat"
15054,2011-11-27 15:02:00,2.0,302.1,198.0,105.0,0.0,0.0,13.0,302.1,151.05,0.0,28.020138888888887,0,"Value tier 1/2: less recent, occasional"
15057,2011-03-09 15:17:00,2.0,1489.5,668.0,25.0,0.0,0.0,276.0,1489.5,744.75,0.0,40.25555555555555,0,"Value tier 1/2: less recent, occasional"
15058,2011-11-14 14:57:00,11.0,2102.54,1054.0,199.0,0.0,0.0,26.0,2102.54,191.14,0.0,28.69736111111111,1,"Value tier 2/2: recent, repeat"
15059,2011-10-30 11:35:00,9.0,1337.72,604.0,161.0,2.0,11.9,41.0,1325.82,148.63555555555556,18.181818181818183,36.74835069444445,1,"Value tier 2/2: recent, repeat"
15060,2011-12-01 13:47:00,4.0,293.0,256.0,80.0,0.0,0.0,9.0,293.0,73.25,0.0,0.3296296296296296,1,"Value tier 2/2: recent, repeat"
15061,2011-12-06 12:06:00,48.0,54534.14,28920.0,70.0,6.0,283.79999999999995,4.0,54250.34,1136.1279166666666,11.11111111111111,7.848212174940898,1,"Value tier 2/2: recent, repeat"
15062,2011-09-29 16:51:00,4.0,987.86,763.0,47.0,0.0,0.0,72.0,987.86,246.965,0.0,96.01712962962962,0,"Value tier 1/2: less recent, occasional"
15063,2011-05-10 13:25:00,1.0,370.79999999999995,56.0,5.0,0.0,0.0,214.0,370.79999999999995,370.79999999999995,0.0,,0,"Value tier 1/2: less recent, occasional"
15065,2011-11-02 09:45:00,4.0,3158.13,1383.0,148.0,2.0,22.15,38.0,3135.98,789.5325,33.33333333333333,84.62291666666665,1,"Value tier 2/2: recent, repeat"
15066,2011-10-17 13:25:00,1.0,893.59,317.0,42.0,1.0,133.0,54.0,760.59,893.59,50.0,,0,"Value tier 1/2: less recent, occasional"
15067,2011-09-22 13:20:00,3.0,1744.76,954.0,82.0,0.0,0.0,79.0,1744.76,581.5866666666667,0.0,102.02430555555556,0,"Value tier 1/2: less recent, occasional"
15068,2011-10-24 14:47:00,2.0,553.36,364.0,96.0,0.0,0.0,47.0,553.36,276.68,0.0,210.01388888888889,0,"Value tier 1/2: less recent, occasional"
15069,2011-06-13 14:16:00,1.0,1109.53,520.0,70.0,0.0,0.0,180.0,1109.53,1109.53,0.0,,0,"Value tier 1/2: less recent, occasional"
15070,2010-12-02 11:23:00,1.0,106.2,36.0,1.0,0.0,0.0,373.0,106.2,106.2,0.0,,0,"Value tier 1/2: less recent, occasional"
15071,2011-09-07 11:43:00,2.0,982.07,269.0,25.0,0.0,0.0,94.0,982.07,491.035,0.0,182.05833333333334,0,"Value tier 1/2: less recent, occasional"
15073,2011-11-30 10:44:00,3.0,1043.41,491.0,31.0,1.0,430.97999999999996,10.0,612.4300000000001,347.80333333333334,25.0,88.515625,1,"Value tier 2/2: recent, repeat"
15074,2011-08-26 14:45:00,1.0,735.67,431.0,41.0,0.0,0.0,106.0,735.67,735.67,0.0,,0,"Value tier 1/2: less recent, occasional"
15075,2011-09-23 12:27:00,1.0,773.03,447.0,27.0,0.0,0.0,78.0,773.03,773.03,0.0,,0,"Value tier 1/2: less recent, occasional"
15076,2011-06-20 08:23:00,1.0,880.85,571.0,49.0,0.0,0.0,173.0,880.85,880.85,0.0,,0,"Value tier 1/2: less recent, occasional"
15078,2011-12-02 15:41:00,32.0,9743.11,5105.0,97.0,6.0,119.76,8.0,9623.35,304.4721875,15.789473684210526,11.649260752688173,1,"Value tier 2/2: recent, repeat"
15079,2011-05-11 12:45:00,4.0,895.61,389.0,46.0,1.0,1.95,213.0,893.66,223.9025,20.0,51.0462962962963,0,"Value tier 1/2: less recent, occasional"
15081,2011-11-17 17:08:00,5.0,504.8,190.0,26.0,1.0,17.45,23.0,487.35,100.96000000000001,16.666666666666664,86.25833333333334,1,"Value tier 2/2: recent, repeat"
15083,2011-03-28 12:18:00,1.0,88.2,38.0,5.0,0.0,0.0,257.0,88.2,88.2,0.0,,0,"Value tier 1/2: less recent, occasional"
15087,2011-03-03 10:34:00,1.0,306.94,470.0,15.0,0.0,0.0,282.0,306.94,306.94,0.0,,0,"Value tier 1/2: less recent, occasional"
15088,2011-11-18 13:14:00,2.0,1160.07,460.0,53.0,1.0,19.8,22.0,1140.27,580.035,33.33333333333333,45.96458333333333,0,"Value tier 1/2: less recent, occasional"
15089,2011-11-29 16:31:00,6.0,2420.84,1359.0,139.0,0.0,0.0,11.0,2420.84,403.47333333333336,0.0,23.61902777777778,1,"Value tier 2/2: recent, repeat"
15090,2011-02-04 14:03:00,1.0,381.32,208.0,23.0,0.0,0.0,309.0,381.32,381.32,0.0,,0,"Value tier 1/2: less recent, occasional"
15091,2011-10-03 12:47:00,1.0,480.71,346.0,30.0,1.0,3.75,68.0,476.96,480.71,50.0,,0,"Value tier 1/2: less recent, occasional"
15092,2011-05-08 14:10:00,2.0,457.81,135.0,23.0,0.0,0.0,216.0,457.81,228.905,0.0,68.0736111111111,0,"Value tier 1/2: less recent, occasional"
15093,2011-11-21 13:09:00,6.0,4597.02,3760.0,52.0,3.0,186.87999999999997,19.0,4410.14,766.1700000000001,33.33333333333333,70.75611111111111,1,"Value tier 2/2: recent, repeat"
15095,2011-08-28 12:01:00,4.0,1370.6,1079.0,30.0,1.0,5.9,104.0,1364.6999999999998,342.65,20.0,33.299537037037034,0,"Value tier 1/2: less recent, occasional"
15096,2011-10-28 10:27:00,1.0,219.39000000000001,120.0,11.0,0.0,0.0,43.0,219.39000000000001,219.39000000000001,0.0,,0,"Value tier 1/2: less recent, occasional"
15097,2011-12-05 14:03:00,1.0,248.08,170.0,25.0,0.0,0.0,5.0,248.08,248.08,0.0,,0,"Value tier 1/2: less recent, occasional"
15098,2011-06-10 15:33:00,3.0,39916.5,121.0,1.0,1.0,297.0,183.0,39619.5,13305.5,25.0,0.0038194444444444443,1,"Value tier 2/2: recent, repeat"
15099,2011-09-16 13:13:00,1.0,410.48,343.0,23.0,0.0,0.0,85.0,410.48,410.48,0.0,,0,"Value tier 1/2: less recent, occasional"
15100,2011-01-10 10:35:00,3.0,876.0,80.0,1.0,3.0,240.89999999999995,334.0,635.1,292.0,50.0,20.02986111111111,0,"Value tier 1/2: less recent, occasional"
15101,2011-12-01 10:18:00,2.0,317.53,241.0,8.0,1.0,7.5,9.0,310.03,158.765,33.33333333333333,350.89166666666665,0,"Value tier 1/2: less recent, occasional"
15103,2011-11-08 14:53:00,2.0,703.36,329.0,35.0,0.0,0.0,32.0,703.36,351.68,0.0,55.04097222222222,0,"Value tier 1/2: less recent, occasional"
15104,2011-05-27 12:29:00,2.0,993.54,635.0,66.0,1.0,24.9,197.0,968.64,496.77,33.33333333333333,85.92569444444445,0,"Value tier 1/2: less recent, occasional"
15105,2011-11-21 16:54:00,7.0,2298.93,1211.0,90.0,0.0,0.0,19.0,2298.93,328.4185714285714,0.0,19.380208333333332,1,"Value tier 2/2: recent, repeat"
15106,2011-11-22 09:16:00,5.0,1422.52,1181.0,90.0,2.0,14.79,18.0,1407.73,284.504,28.57142857142857,62.962500000000006,1,"Value tier 2/2: recent, repeat"
15107,2011-02-01 14:46:00,6.0,319.5,169.0,12.0,2.0,59.5,312.0,260.0,53.25,25.0,12.208472222222223,0,"Value tier 1/2: less recent, occasional"
15108,2011-07-21 10:24:00,3.0,1159.25,490.0,49.0,1.0,8.5,142.0,1150.75,386.4166666666667,25.0,42.98958333333333,0,"Value tier 1/2: less recent, occasional"
15109,2011-04-08 09:58:00,1.0,484.95,131.0,28.0,1.0,21.2,246.0,463.75,484.95,50.0,,0,"Value tier 1/2: less recent, occasional"
15110,2011-11-16 11:16:00,4.0,996.1,246.0,17.0,3.0,22.9,24.0,973.2,249.025,42.857142857142854,98.3275462962963,1,"Value tier 2/2: recent, repeat"
15111,2011-11-10 16:58:00,3.0,1567.48,710.0,70.0,0.0,0.0,30.0,1567.48,522.4933333333333,0.0,171.60868055555557,1,"Value tier 2/2: recent, repeat"
15113,2011-11-30 08:23:00,3.0,3509.04,2343.0,76.0,1.0,169.92000000000002,10.0,3339.12,1169.68,25.0,22.352777777777778,1,"Value tier 2/2: recent, repeat"
15114,2011-11-09 15:05:00,10.0,2760.56,3096.0,136.0,0.0,0.0,31.0,2760.56,276.056,0.0,30.140432098765434,1,"Value tier 2/2: recent, repeat"
15115,2011-11-21 14:59:00,1.0,340.11,157.0,21.0,0.0,0.0,19.0,340.11,340.11,0.0,,0,"Value tier 1/2: less recent, occasional"
15116,2011-11-22 12:25:00,4.0,1352.75,648.0,37.0,0.0,0.0,18.0,1352.75,338.1875,0.0,62.38310185185185,1,"Value tier 2/2: recent, repeat"
15117,2011-11-25 08:12:00,5.0,1551.78,1948.0,63.0,1.0,1.65,15.0,1550.1299999999999,310.356,16.666666666666664,50.20381944444444,1,"Value tier 2/2: recent, repeat"
15118,2011-07-28 14:54:00,1.0,244.8,1440.0,1.0,0.0,0.0,135.0,244.8,244.8,0.0,,0,"Value tier 1/2: less recent, occasional"
15119,2011-04-08 09:08:00,1.0,266.4,88.0,14.0,0.0,0.0,246.0,266.4,266.4,0.0,,0,"Value tier 1/2: less recent, occasional"
15120,2011-07-29 09:48:00,1.0,358.82,296.0,21.0,1.0,15.0,134.0,343.82,358.82,50.0,,0,"Value tier 1/2: less recent, occasional"
15121,2011-10-20 14:51:00,2.0,457.72,199.0,28.0,0.0,0.0,51.0,457.72,228.86,0.0,238.09027777777777,0,"Value tier 1/2: less recent, occasional"
15122,2011-08-17 16:48:00,3.0,1633.78,800.0,65.0,3.0,21.650000000000002,115.0,1612.1299999999999,544.5933333333334,50.0,91.64201388888888,0,"Value tier 1/2: less recent, occasional"
15123,2011-12-02 13:12:00,2.0,2199.31,1195.0,93.0,0.0,0.0,8.0,2199.31,1099.655,0.0,198.92708333333334,1,"Value tier 2/2: recent, repeat"
15124,2011-11-17 10:09:00,2.0,184.19,233.0,14.0,0.0,0.0,23.0,184.19,92.095,0.0,169.04375,0,"Value tier 1/2: less recent, occasional"
15125,2011-11-14 13:57:00,15.0,11528.48,6193.0,102.0,8.0,411.42999999999995,26.0,11117.05,768.5653333333333,34.78260869565217,17.511805555555558,1,"Value tier 2/2: recent, repeat"
15127,2011-10-05 10:30:00,1.0,406.53,251.0,16.0,0.0,0.0,66.0,406.53,406.53,0.0,,0,"Value tier 1/2: less recent, occasional"
15128,2011-10-10 13:54:00,4.0,1471.0,1343.0,74.0,3.0,47.75,61.0,1423.25,367.75,42.857142857142854,53.01898148148148,1,"Value tier 2/2: recent, repeat"
15129,2011-10-20 14:40:00,11.0,3447.4,1794.0,54.0,0.0,0.0,51.0,3447.4,313.40000000000003,0.0,24.12298611111111,1,"Value tier 2/2: recent, repeat"
15130,2011-06-23 10:15:00,1.0,330.11,197.0,22.0,0.0,0.0,170.0,330.11,330.11,0.0,,0,"Value tier 1/2: less recent, occasional"
15132,2011-11-21 17:10:00,5.0,977.9300000000001,679.0,49.0,0.0,0.0,19.0,977.9300000000001,195.586,0.0,61.053472222222226,1,"Value tier 2/2: recent, repeat"
15133,2011-08-04 10:44:00,3.0,982.42,680.0,27.0,0.0,0.0,128.0,982.42,327.4733333333333,0.0,87.00208333333333,0,"Value tier 1/2: less recent, occasional"
15134,2011-11-25 08:55:00,8.0,1387.99,887.0,44.0,0.0,0.0,15.0,1387.99,173.49875,0.0,32.27281746031746,1,"Value tier 2/2: recent, repeat"
15135,2011-04-14 19:16:00,1.0,139.05,43.0,9.0,1.0,11.9,240.0,127.15,139.05,50.0,,0,"Value tier 1/2: less recent, occasional"
15136,2011-12-07 12:26:00,4.0,1286.7,776.0,61.0,1.0,4.25,3.0,1282.45,321.675,20.0,31.282638888888886,1,"Value tier 2/2: recent, repeat"
15139,2011-04-14 11:39:00,2.0,178.96,208.0,13.0,0.0,0.0,240.0,178.96,89.48,0.0,96.95486111111111,0,"Value tier 1/2: less recent, occasional"
15140,2011-10-18 14:07:00,7.0,2354.25,1572.0,74.0,1.0,4.25,53.0,2350.0,336.32142857142856,12.5,35.32986111111111,1,"Value tier 2/2: recent, repeat"
15142,2011-10-24 12:51:00,1.0,498.74,365.0,26.0,0.0,0.0,47.0,498.74,498.74,0.0,,0,"Value tier 1/2: less recent, occasional"
15143,2011-04-28 12:03:00,1.0,259.45,150.0,14.0,0.0,0.0,226.0,259.45,259.45,0.0,,0,"Value tier 1/2: less recent, occasional"
15144,2011-12-01 15:12:00,17.0,6580.44,3050.0,132.0,1.0,50.400000000000006,9.0,6530.04,387.0847058823529,5.555555555555555,19.004991319444443,1,"Value tier 2/2: recent, repeat"
15145,2011-12-05 17:21:00,4.0,1194.73,756.0,54.0,0.0,0.0,5.0,1194.73,298.6825,0.0,81.36134259259258,1,"Value tier 2/2: recent, repeat"
15146,2011-06-28 12:09:00,2.0,1327.16,1473.0,90.0,1.0,13.5,165.0,1313.66,663.58,33.33333333333333,126.95972222222223,0,"Value tier 1/2: less recent, occasional"
15147,2011-04-13 15:57:00,1.0,623.5,366.0,28.0,1.0,14.850000000000001,241.0,608.65,623.5,50.0,,0,"Value tier 1/2: less recent, occasional"
15148,2011-11-29 08:21:00,1.0,301.29,187.0,20.0,0.0,0.0,11.0,301.29,301.29,0.0,,0,"Value tier 1/2: less recent, occasional"
15149,2011-07-29 10:58:00,1.0,520.8000000000001,128.0,23.0,0.0,0.0,134.0,520.8000000000001,520.8000000000001,0.0,,0,"Value tier 1/2: less recent, occasional"
15150,2011-11-22 12:52:00,10.0,5291.33,3642.0,282.0,1.0,10.5,18.0,5280.83,529.133,9.090909090909092,27.99313271604938,1,"Value tier 2/2: recent, repeat"
15152,2011-11-30 12:32:00,13.0,4745.69,2704.0,196.0,3.0,61.45,10.0,4684.24,365.0530769230769,18.75,14.822685185185186,1,"Value tier 2/2: recent, repeat"
15153,2011-11-08 17:09:00,1.0,329.25,198.0,22.0,0.0,0.0,32.0,329.25,329.25,0.0,,0,"Value tier 1/2: less recent, occasional"
15154,2011-09-25 16:05:00,1.0,254.28,89.0,66.0,1.0,29.55,76.0,224.73,254.28,50.0,,0,"Value tier 1/2: less recent, occasional"
15156,2011-12-08 18:22:00,3.0,961.49,597.0,51.0,0.0,0.0,2.0,961.49,320.49666666666667,0.0,16.118402777777778,1,"Value tier 2/2: recent, repeat"
15157,2011-12-06 11:28:00,3.0,1936.07,2392.0,125.0,2.0,56.230000000000004,4.0,1879.84,645.3566666666667,40.0,177.45277777777778,1,"Value tier 2/2: recent, repeat"
15158,2011-10-25 13:53:00,1.0,401.40000000000003,198.0,7.0,0.0,0.0,46.0,401.40000000000003,401.40000000000003,0.0,,0,"Value tier 1/2: less recent, occasional"
15159,2011-12-08 12:05:00,30.0,18641.010000000002,11441.0,363.0,4.0,67.33,2.0,18573.68,621.3670000000001,11.76470588235294,12.408548850574713,1,"Value tier 2/2: recent, repeat"
15160,2010-12-17 14:15:00,1.0,158.16,84.0,4.0,0.0,0.0,358.0,158.16,158.16,0.0,,0,"Value tier 1/2: less recent, occasional"
15163,2011-11-21 13:10:00,2.0,304.47,186.0,29.0,0.0,0.0,19.0,304.47,152.235,0.0,173.90833333333333,0,"Value tier 1/2: less recent, occasional"
15164,2011-10-02 12:05:00,3.0,824.58,351.0,79.0,0.0,0.0,69.0,824.58,274.86,0.0,135.45277777777778,0,"Value tier 1/2: less recent, occasional"
15165,2010-12-01 14:03:00,1.0,487.75,160.0,27.0,0.0,0.0,374.0,487.75,487.75,0.0,,0,"Value tier 1/2: less recent, occasional"
15167,2011-01-23 12:41:00,1.0,158.8,65.0,39.0,0.0,0.0,321.0,158.8,158.8,0.0,,0,"Value tier 1/2: less recent, occasional"
15168,2011-11-14 11:26:00,1.0,106.56,52.0,5.0,0.0,0.0,26.0,106.56,106.56,0.0,,0,"Value tier 1/2: less recent, occasional"
15171,2011-01-12 15:36:00,1.0,1289.5,290.0,5.0,1.0,254.99999999999997,332.0,1034.5,1289.5,50.0,,0,"Value tier 1/2: less recent, occasional"
15172,2011-12-01 11:51:00,5.0,1624.05,1611.0,106.0,0.0,0.0,9.0,1624.05,324.81,0.0,56.99913194444444,1,"Value tier 2/2: recent, repeat"
15174,2011-01-21 09:06:00,1.0,135.75,145.0,11.0,0.0,0.0,323.0,135.75,135.75,0.0,,0,"Value tier 1/2: less recent, occasional"
15175,2011-09-29 11:31:00,1.0,224.14,454.0,23.0,0.0,0.0,72.0,224.14,224.14,0.0,,0,"Value tier 1/2: less recent, occasional"
15178,2011-03-24 15:12:00,1.0,40.5,30.0,3.0,0.0,0.0,261.0,40.5,40.5,0.0,,0,"Value tier 1/2: less recent, occasional"
15179,2011-11-21 12:53:00,5.0,2206.95,1938.0,91.0,2.0,20.75,19.0,2186.2,441.39,28.57142857142857,75.24045138888889,1,"Value tier 2/2: recent, repeat"
15180,2010-12-07 14:57:00,1.0,87.5,36.0,6.0,0.0,0.0,368.0,87.5,87.5,0.0,,0,"Value tier 1/2: less recent, occasional"
15181,2011-10-04 13:58:00,3.0,689.4799999999999,544.0,11.0,1.0,4.95,67.0,684.5299999999999,229.82666666666663,25.0,101.53993055555556,0,"Value tier 1/2: less recent, occasional"
15182,2011-07-08 13:37:00,2.0,622.85,253.0,24.0,0.0,0.0,155.0,622.85,311.425,0.0,114.03819444444444,0,"Value tier 1/2: less recent, occasional"
15184,2011-11-10 13:41:00,2.0,402.2,199.0,59.0,0.0,0.0,30.0,402.2,201.1,0.0,161.06597222222223,0,"Value tier 1/2: less recent, occasional"
15185,2011-09-30 14:06:00,1.0,310.62,666.0,21.0,0.0,0.0,71.0,310.62,310.62,0.0,,0,"Value tier 1/2: less recent, occasional"
15186,2011-11-25 14:58:00,2.0,411.41,215.0,17.0,0.0,0.0,15.0,411.41,205.705,0.0,154.00277777777777,0,"Value tier 1/2: less recent, occasional"
15187,2011-12-08 11:56:00,15.0,4762.18,1886.0,60.0,2.0,107.1,2.0,4655.08,317.4786666666667,11.76470588235294,15.065823412698412,1,"Value tier 2/2: recent, repeat"
15189,2011-12-08 13:22:00,41.0,16225.39,6149.0,80.0,12.0,423.25,2.0,15802.14,395.74121951219513,22.641509433962266,8.275920138888889,1,"Value tier 2/2: recent, repeat"
15192,2011-08-12 11:41:00,3.0,1044.32,918.0,36.0,0.0,0.0,120.0,1044.32,348.1066666666666,0.0,122.93229166666666,0,"Value tier 1/2: less recent, occasional"
15193,2011-10-10 08:23:00,1.0,499.32,144.0,19.0,0.0,0.0,61.0,499.32,499.32,0.0,,0,"Value tier 1/2: less recent, occasional"
15194,2011-12-06 15:10:00,15.0,7616.53,5703.0,209.0,7.0,95.36,4.0,7521.17,507.76866666666666,31.818181818181817,26.071924603174605,1,"Value tier 2/2: recent, repeat"
15195,2011-12-07 12:20:00,1.0,3861.0,1404.0,1.0,0.0,0.0,3.0,3861.0,3861.0,0.0,,1,"Value tier 2/2: recent, repeat"
15197,2011-11-29 10:00:00,3.0,1079.6100000000001,469.0,30.0,2.0,423.17,11.0,656.44,359.87000000000006,40.0,173.8329861111111,1,"Value tier 2/2: recent, repeat"
15198,2011-09-08 14:42:00,2.0,193.64,120.0,10.0,0.0,0.0,93.0,193.64,96.82,0.0,31.976388888888888,0,"Value tier 1/2: less recent, occasional"
15199,2011-10-11 15:12:00,4.0,1268.7,396.0,5.0,0.0,0.0,60.0,1268.7,317.175,0.0,83.01574074074075,1,"Value tier 2/2: recent, repeat"
15201,2011-09-13 14:53:00,5.0,1236.54,1210.0,35.0,6.0,308.69999999999993,88.0,927.84,247.308,54.54545454545454,40.008854166666666,1,"Value tier 2/2: recent, repeat"
15203,2011-11-14 08:16:00,6.0,1827.8,1753.0,82.0,0.0,0.0,26.0,1827.8,304.6333333333333,0.0,57.16486111111111,1,"Value tier 2/2: recent, repeat"
15204,2010-12-17 13:49:00,1.0,316.58,258.0,9.0,0.0,0.0,358.0,316.58,316.58,0.0,,0,"Value tier 1/2: less recent, occasional"
15205,2011-09-15 19:36:00,2.0,653.24,378.0,37.0,0.0,0.0,86.0,653.24,326.62,0.0,42.14513888888889,0,"Value tier 1/2: less recent, occasional"
15206,2011-11-29 13:41:00,4.0,420.29999999999995,162.0,3.0,0.0,0.0,11.0,420.29999999999995,105.07499999999999,0.0,88.39861111111111,1,"Value tier 2/2: recent, repeat"
15208,2011-12-08 17:24:00,5.0,870.12,316.0,25.0,1.0,2.5,2.0,867.62,174.024,16.666666666666664,88.0453125,1,"Value tier 2/2: recent, repeat"
15210,2011-04-28 16:11:00,1.0,331.18,228.0,20.0,0.0,0.0,226.0,331.18,331.18,0.0,,0,"Value tier 1/2: less recent, occasional"
15211,2011-10-10 13:31:00,2.0,894.4100000000001,240.0,52.0,0.0,0.0,61.0,894.4100000000001,447.20500000000004,0.0,304.8909722222222,0,"Value tier 1/2: less recent, occasional"
15212,2011-04-12 13:45:00,1.0,101.8,36.0,5.0,1.0,12.85,242.0,88.95,101.8,50.0,,0,"Value tier 1/2: less recent, occasional"
15213,2011-01-25 12:21:00,2.0,328.35,272.0,22.0,1.0,3.3,319.0,325.05,164.175,33.33333333333333,11.052777777777777,0,"Value tier 1/2: less recent, occasional"
15214,2011-12-08 12:07:00,8.0,1661.44,1254.0,109.0,0.0,0.0,2.0,1661.44,207.68,0.0,34.44255952380952,1,"Value tier 2/2: recent, repeat"
15215,2011-10-24 11:41:00,3.0,734.94,225.0,33.0,3.0,118.95,47.0,615.99,244.98000000000002,50.0,24.98506944444444,0,"Value tier 1/2: less recent, occasional"
15216,2011-09-13 11:41:00,1.0,96.6,28.0,2.0,0.0,0.0,88.0,96.6,96.6,0.0,,0,"Value tier 1/2: less recent, occasional"
15218,2011-11-29 11:48:00,11.0,5756.89,3329.0,77.0,0.0,0.0,11.0,5756.89,523.3536363636364,0.0,30.801944444444445,1,"Value tier 2/2: recent, repeat"
15219,2011-06-16 16:57:00,1.0,305.75,45.0,9.0,0.0,0.0,177.0,305.75,305.75,0.0,,0,"Value tier 1/2: less recent, occasional"
15220,2011-10-19 12:39:00,6.0,1778.96,1393.0,110.0,1.0,20.04,52.0,1758.92,296.49333333333334,14.285714285714285,45.81875,1,"Value tier 2/2: recent, repeat"
15221,2010-12-08 13:08:00,1.0,403.25,43.0,5.0,1.0,289.15,367.0,114.10000000000002,403.25,50.0,,0,"Value tier 1/2: less recent, occasional"
15222,2011-01-25 08:03:00,1.0,585.0,440.0,5.0,0.0,0.0,319.0,585.0,585.0,0.0,,0,"Value tier 1/2: less recent, occasional"
15223,2011-04-28 11:31:00,2.0,755.75,213.0,14.0,1.0,300.84999999999997,226.0,454.90000000000003,377.875,33.33333333333333,23.968055555555555,0,"Value tier 1/2: less recent, occasional"
15224,2010-12-16 15:02:00,2.0,322.08,152.0,13.0,1.0,11.6,359.0,310.47999999999996,161.04,33.33333333333333,4.102777777777778,0,"Value tier 1/2: less recent, occasional"
15225,2011-04-19 14:51:00,1.0,409.40000000000003,226.0,23.0,0.0,0.0,235.0,409.40000000000003,409.40000000000003,0.0,,0,"Value tier 1/2: less recent, occasional"
15226,2011-02-02 11:41:00,1.0,154.41,71.0,8.0,0.0,0.0,311.0,154.41,154.41,0.0,,0,"Value tier 1/2: less recent, occasional"
15227,2011-11-03 11:59:00,5.0,1219.4,750.0,43.0,0.0,0.0,37.0,1219.4,243.88000000000002,0.0,70.21319444444444,1,"Value tier 2/2: recent, repeat"
15228,2011-10-04 13:56:00,4.0,3386.71,2255.0,110.0,1.0,9.75,67.0,3376.96,846.6775,20.0,76.06759259259259,1,"Value tier 2/2: recent, repeat"
15230,2011-04-14 14:39:00,2.0,429.6,351.0,23.0,0.0,0.0,240.0,429.6,214.8,0.0,1.1493055555555556,0,"Value tier 1/2: less recent, occasional"
15232,2011-08-18 16:27:00,2.0,612.06,686.0,26.0,0.0,0.0,114.0,612.06,306.03,0.0,27.170833333333334,0,"Value tier 1/2: less recent, occasional"
15234,2011-03-08 08:53:00,1.0,197.0,196.0,14.0,0.0,0.0,277.0,197.0,197.0,0.0,,0,"Value tier 1/2: less recent, occasional"
15235,2011-05-06 09:44:00,12.0,2247.51,1324.0,132.0,0.0,0.0,218.0,2247.51,187.29250000000002,0.0,14.152904040404042,1,"Value tier 2/2: recent, repeat"
15236,2011-02-14 10:52:00,1.0,321.05,269.0,15.0,0.0,0.0,299.0,321.05,321.05,0.0,,0,"Value tier 1/2: less recent, occasional"
15237,2011-12-08 09:46:00,4.0,1412.32,1071.0,94.0,0.0,0.0,2.0,1412.32,353.08,0.0,75.25972222222222,1,"Value tier 2/2: recent, repeat"
15238,2011-11-10 14:28:00,3.0,1071.99,692.0,49.0,2.0,15.45,30.0,1056.54,357.33,40.0,77.46805555555557,1,"Value tier 2/2: recent, repeat"
15239,2011-11-29 14:14:00,2.0,780.59,594.0,48.0,1.0,16.25,11.0,764.34,390.295,33.33333333333333,68.18125,1,"Value tier 2/2: recent, repeat"
15240,2011-10-26 09:50:00,5.0,1706.57,1369.0,58.0,2.0,21.0,45.0,1685.57,341.31399999999996,28.57142857142857,66.76510416666666,1,"Value tier 2/2: recent, repeat"
15241,2011-10-04 09:05:00,8.0,1756.44,1818.0,82.0,1.0,17.85,67.0,1738.5900000000001,219.555,11.11111111111111,30.98839285714286,1,"Value tier 2/2: recent, repeat"
15243,2011-09-26 14:12:00,1.0,316.68,185.0,22.0,0.0,0.0,75.0,316.68,316.68,0.0,,0,"Value tier 1/2: less recent, occasional"
15244,2011-10-05 13:19:00,2.0,631.57,405.0,31.0,0.0,0.0,66.0,631.57,315.785,0.0,182.92152777777778,0,"Value tier 1/2: less recent, occasional"
15245,2011-07-28 18:56:00,3.0,2515.84,1784.0,55.0,0.0,0.0,135.0,2515.84,838.6133333333333,0.0,63.60902777777778,0,"Value tier 1/2: less recent, occasional"
15246,2011-04-15 14:45:00,2.0,514.15,247.0,32.0,0.0,0.0,239.0,514.15,257.075,0.0,120.2076388888889,0,"Value tier 1/2: less recent, occasional"
15247,2011-08-09 12:52:00,1.0,356.0,160.0,6.0,0.0,0.0,123.0,356.0,356.0,0.0,,0,"Value tier 1/2: less recent, occasional"
15249,2011-11-08 11:45:00,13.0,6688.46,3577.0,211.0,2.0,31.1,32.0,6657.36,514.496923076923,13.333333333333334,18.746296296296297,1,"Value tier 2/2: recent, repeat"
15251,2011-11-30 15:02:00,11.0,10484.99,6171.0,97.0,4.0,157.88,10.0,10327.11,953.180909090909,26.666666666666668,23.218333333333334,1,"Value tier 2/2: recent, repeat"
15252,2011-11-03 13:30:00,2.0,740.78,522.0,44.0,0.0,0.0,37.0,740.78,370.39,0.0,146.96875,0,"Value tier 1/2: less recent, occasional"
15253,2011-11-23 16:22:00,5.0,918.1999999999999,866.0,52.0,1.0,2.9,17.0,915.3,183.64,16.666666666666664,38.2921875,1,"Value tier 2/2: recent, repeat"
15254,2011-08-04 15:04:00,1.0,300.36,275.0,18.0,0.0,0.0,128.0,300.36,300.36,0.0,,0,"Value tier 1/2: less recent, occasional"
15255,2011-10-04 12:43:00,1.0,890.85,489.0,47.0,0.0,0.0,67.0,890.85,890.85,0.0,,0,"Value tier 1/2: less recent, occasional"
15256,2011-07-14 11:47:00,1.0,98.45,55.0,6.0,0.0,0.0,149.0,98.45,98.45,0.0,,0,"Value tier 1/2: less recent, occasional"
15257,2011-03-01 12:58:00,1.0,317.15,46.0,7.0,1.0,85.0,284.0,232.14999999999998,317.15,50.0,,0,"Value tier 1/2: less recent, occasional"
15258,2011-06-24 12:30:00,2.0,623.16,142.0,32.0,0.0,0.0,169.0,623.16,311.58,0.0,48.92638888888889,0,"Value tier 1/2: less recent, occasional"
15260,2011-08-31 13:55:00,7.0,1810.77,885.0,62.0,1.0,30.0,101.0,1780.77,258.68142857142857,12.5,45.34560185185185,1,"Value tier 2/2: recent, repeat"
15261,2011-07-27 15:20:00,1.0,254.82,270.0,19.0,0.0,0.0,136.0,254.82,254.82,0.0,,0,"Value tier 1/2: less recent, occasional"
15262,2011-01-20 12:16:00,1.0,178.95000000000002,73.0,10.0,0.0,0.0,324.0,178.95000000000002,178.95000000000002,0.0,,0,"Value tier 1/2: less recent, occasional"
15263,2011-08-25 10:26:00,1.0,156.51,89.0,12.0,0.0,0.0,107.0,156.51,156.51,0.0,,0,"Value tier 1/2: less recent, occasional"
15264,2011-10-06 13:49:00,1.0,393.74,265.0,23.0,0.0,0.0,65.0,393.74,393.74,0.0,,0,"Value tier 1/2: less recent, occasional"
15265,2011-07-11 14:46:00,2.0,1506.1200000000001,612.0,76.0,0.0,0.0,152.0,1506.1200000000001,753.0600000000001,0.0,84.10416666666667,0,"Value tier 1/2: less recent, occasional"
15266,2011-01-05 13:40:00,1.0,119.3,18.0,6.0,0.0,0.0,339.0,119.3,119.3,0.0,,0,"Value tier 1/2: less recent, occasional"
15267,2011-11-17 15:59:00,5.0,1717.36,944.0,8.0,0.0,0.0,23.0,1717.36,343.472,0.0,40.05815972222222,1,"Value tier 2/2: recent, repeat"
15269,2011-11-16 09:32:00,1.0,408.8,26.0,2.0,0.0,0.0,24.0,408.8,408.8,0.0,,0,"Value tier 1/2: less recent, occasional"
15270,2011-11-24 09:24:00,7.0,2379.49,1521.0,22.0,2.0,81.28999999999999,16.0,2298.2,339.9271428571428,22.22222222222222,49.13877314814815,1,"Value tier 2/2: recent, repeat"
15271,2011-12-02 14:11:00,15.0,2493.34,1251.0,184.0,1.0,21.25,8.0,2472.09,166.22266666666667,6.25,25.572619047619046,1,"Value tier 2/2: recent, repeat"
15272,2011-10-13 12:59:00,2.0,721.94,310.0,63.0,0.0,0.0,58.0,721.94,360.97,0.0,28.849305555555556,0,"Value tier 1/2: less recent, occasional"
15274,2011-12-05 16:57:00,2.0,716.57,619.0,44.0,0.0,0.0,5.0,716.57,358.285,0.0,14.11111111111111,1,"Value tier 2/2: recent, repeat"
15275,2011-11-02 11:20:00,1.0,615.14,498.0,41.0,1.0,5.95,38.0,609.1899999999999,615.14,50.0,,0,"Value tier 1/2: less recent, occasional"
15276,2011-10-04 16:39:00,1.0,128.63,61.0,49.0,0.0,0.0,67.0,128.63,128.63,0.0,,0,"Value tier 1/2: less recent, occasional"
15277,2011-10-24 10:08:00,1.0,255.89999999999998,205.0,12.0,0.0,0.0,47.0,255.89999999999998,255.89999999999998,0.0,,0,"Value tier 1/2: less recent, occasional"
15279,2010-12-20 10:48:00,1.0,290.51,189.0,19.0,1.0,13.100000000000001,355.0,277.40999999999997,290.51,50.0,,0,"Value tier 1/2: less recent, occasional"
15280,2011-06-20 17:14:00,1.0,113.12,154.0,16.0,0.0,0.0,173.0,113.12,113.12,0.0,,0,"Value tier 1/2: less recent, occasional"
15281,2011-10-12 09:10:00,9.0,2332.15,1211.0,121.0,3.0,92.2,59.0,2239.9500000000003,259.1277777777778,25.0,34.340190972222224,1,"Value tier 2/2: recent, repeat"
15286,2011-10-21 11:08:00,1.0,240.55,55.0,3.0,0.0,0.0,50.0,240.55,240.55,0.0,,0,"Value tier 1/2: less recent, occasional"
15287,2011-11-17 15:34:00,2.0,486.69,433.0,17.0,1.0,1.45,23.0,485.24,243.345,33.33333333333333,48.12777777777778,0,"Value tier 1/2: less recent, occasional"
15288,2011-10-27 16:58:00,5.0,2306.52,775.0,80.0,0.0,0.0,44.0,2306.52,461.304,0.0,80.53107638888889,1,"Value tier 2/2: recent, repeat"
15289,2011-11-10 13:49:00,3.0,939.78,1008.0,43.0,1.0,4.68,30.0,935.1,313.26,25.0,110.02256944444444,1,"Value tier 2/2: recent, repeat"
15290,2011-12-05 11:39:00,18.0,7943.22,4501.0,93.0,3.0,139.45,5.0,7803.77,441.29,14.285714285714285,20.87156862745098,1,"Value tier 2/2: recent, repeat"
15291,2011-11-14 11:02:00,14.0,4623.3,2102.0,61.0,5.0,71.79,26.0,4551.51,330.2357142857143,26.31578947368421,26.77403846153846,1,"Value tier 2/2: recent, repeat"
15292,2011-05-22 15:00:00,1.0,178.39,55.0,24.0,0.0,0.0,202.0,178.39,178.39,0.0,,0,"Value tier 1/2: less recent, occasional"
15296,2011-10-20 11:47:00,6.0,3672.86,1766.0,137.0,4.0,62.550000000000004,51.0,3610.31,612.1433333333333,40.0,55.198611111111106,1,"Value tier 2/2: recent, repeat"
15297,2011-11-29 16:32:00,3.0,641.94,292.0,30.0,1.0,6.9,11.0,635.0400000000001,213.98000000000002,25.0,26.64236111111111,1,"Value tier 2/2: recent, repeat"
15298,2011-12-07 17:17:00,12.0,4799.9,3116.0,115.0,2.0,1025.8,3.0,3774.0999999999995,399.9916666666666,14.285714285714285,33.10366161616162,1,"Value tier 2/2: recent, repeat"
15299,2011-10-03 14:19:00,6.0,3907.01,2947.0,6.0,1.0,6.01,68.0,3901.0,651.1683333333334,14.285714285714285,60.97930555555556,1,"Value tier 2/2: recent, repeat"
15300,2011-10-06 17:08:00,1.0,496.44,292.0,28.0,0.0,0.0,65.0,496.44,496.44,0.0,,0,"Value tier 1/2: less recent, occasional"
15301,2011-10-20 09:57:00,12.0,5049.95,2751.0,167.0,2.0,42.23,51.0,5007.72,420.82916666666665,14.285714285714285,28.9,1,"Value tier 2/2: recent, repeat"
15303,2011-02-22 13:59:00,1.0,574.02,248.0,31.0,0.0,0.0,291.0,574.02,574.02,0.0,,0,"Value tier 1/2: less recent, occasional"
15304,2011-10-10 10:23:00,8.0,694.4000000000001,104.0,8.0,2.0,14.1,61.0,680.3000000000001,86.80000000000001,20.0,43.9921626984127,1,"Value tier 2/2: recent, repeat"
15306,2011-10-06 12:56:00,3.0,1174.35,810.0,57.0,0.0,0.0,65.0,1174.35,391.45,0.0,41.949305555555554,0,"Value tier 1/2: less recent, occasional"
15307,2011-09-05 11:38:00,1.0,205.3,37.0,12.0,0.0,0.0,96.0,205.3,205.3,0.0,,0,"Value tier 1/2: less recent, occasional"
15308,2011-03-10 13:08:00,1.0,310.47,175.0,19.0,1.0,8.2,275.0,302.27000000000004,310.47,50.0,,0,"Value tier 1/2: less recent, occasional"
15311,2011-12-09 12:00:00,91.0,60632.75,38147.0,567.0,27.0,1348.5600000000002,1.0,59284.19,666.2939560439561,22.88135593220339,4.1455169753086425,1,"Value tier 2/2: recent, repeat"
15312,2011-09-25 13:10:00,4.0,924.85,516.0,42.0,1.0,3.75,76.0,921.1,231.2125,20.0,93.00439814814816,0,"Value tier 1/2: less recent, occasional"
15313,2011-08-21 16:02:00,1.0,52.0,25.0,1.0,0.0,0.0,111.0,52.0,52.0,0.0,,0,"Value tier 1/2: less recent, occasional"
15314,2011-05-24 14:39:00,1.0,327.97,313.0,24.0,0.0,0.0,200.0,327.97,327.97,0.0,,0,"Value tier 1/2: less recent, occasional"
15315,2011-10-06 12:51:00,2.0,570.5,862.0,35.0,1.0,18.96,65.0,551.54,285.25,33.33333333333333,51.89861111111111,0,"Value tier 1/2: less recent, occasional"
15316,2011-01-17 11:34:00,1.0,165.0,100.0,1.0,0.0,0.0,327.0,165.0,165.0,0.0,,0,"Value tier 1/2: less recent, occasional"
15318,2011-12-06 11:30:00,1.0,312.62,642.0,33.0,0.0,0.0,4.0,312.62,312.62,0.0,,0,"Value tier 1/2: less recent, occasional"
15319,2011-03-01 12:48:00,1.0,204.5,175.0,16.0,0.0,0.0,284.0,204.5,204.5,0.0,,0,"Value tier 1/2: less recent, occasional"
15320,2011-10-26 13:27:00,1.0,267.13,326.0,36.0,0.0,0.0,45.0,267.13,267.13,0.0,,0,"Value tier 1/2: less recent, occasional"
15321,2011-09-30 09:40:00,3.0,2748.31,1181.0,83.0,1.0,84.83000000000001,71.0,2663.48,916.1033333333334,25.0,110.46875,1,"Value tier 2/2: recent, repeat"
15322,2011-09-15 09:34:00,1.0,679.68,416.0,42.0,1.0,76.71,86.0,602.9699999999999,679.68,50.0,,0,"Value tier 1/2: less recent, occasional"
15325,2011-08-28 11:55:00,1.0,161.74,231.0,47.0,0.0,0.0,104.0,161.74,161.74,0.0,,0,"Value tier 1/2: less recent, occasional"
15326,2011-01-10 11:38:00,1.0,311.71,386.0,29.0,0.0,0.0,334.0,311.71,311.71,0.0,,0,"Value tier 1/2: less recent, occasional"
15327,2011-10-18 11:55:00,1.0,208.75,116.0,10.0,0.0,0.0,53.0,208.75,208.75,0.0,,0,"Value tier 1/2: less recent, occasional"
15329,2011-10-31 15:36:00,3.0,1049.7,486.0,51.0,2.0,42.2,40.0,1007.5,349.90000000000003,40.0,66.10381944444444,0,"Value tier 1/2: less recent, occasional"
15330,2011-11-07 17:50:00,2.0,714.96,1312.0,10.0,0.0,0.0,33.0,714.96,357.48,0.0,28.22222222222222,0,"Value tier 1/2: less recent, occasional"
15332,2010-12-08 14:43:00,4.0,1661.06,652.0,29.0,0.0,0.0,367.0,1661.06,415.265,0.0,1.0377314814814815,0,"Value tier 1/2: less recent, occasional"
15333,2011-05-15 13:27:00,1.0,1028.56,344.0,16.0,0.0,0.0,209.0,1028.56,1028.56,0.0,,0,"Value tier 1/2: less recent, occasional"
15334,2011-07-06 11:22:00,3.0,347.87,272.0,66.0,0.0,0.0,157.0,347.87,115.95666666666666,0.0,8.448263888888889,0,"Value tier 1/2: less recent, occasional"
15335,2011-10-17 12:50:00,1.0,170.22,79.0,34.0,0.0,0.0,54.0,170.22,170.22,0.0,,0,"Value tier 1/2: less recent, occasional"
15339,2011-10-04 12:51:00,2.0,574.07,416.0,77.0,1.0,16.5,67.0,557.57,287.035,33.33333333333333,251.98333333333332,0,"Value tier 1/2: less recent, occasional"
15341,2011-09-20 09:40:00,1.0,2020.52,812.0,17.0,0.0,0.0,81.0,2020.52,2020.52,0.0,,0,"Value tier 1/2: less recent, occasional"
15342,2011-08-02 10:19:00,1.0,406.09,283.0,24.0,1.0,14.33,130.0,391.76,406.09,50.0,,0,"Value tier 1/2: less recent, occasional"
15343,2011-09-13 13:55:00,1.0,364.5,84.0,21.0,0.0,0.0,88.0,364.5,364.5,0.0,,0,"Value tier 1/2: less recent, occasional"
15344,2011-12-09 10:45:00,3.0,563.94,116.0,21.0,2.0,87.35999999999999,1.0,476.58000000000004,187.98000000000002,40.0,36.915625,1,"Value tier 2/2: recent, repeat"
15345,2011-10-25 11:28:00,1.0,393.54,81.0,20.0,1.0,25.85,46.0,367.69,393.54,50.0,,0,"Value tier 1/2: less recent, occasional"
15346,2011-01-11 11:18:00,1.0,252.42000000000002,144.0,17.0,0.0,0.0,333.0,252.42000000000002,252.42000000000002,0.0,,0,"Value tier 1/2: less recent, occasional"
15347,2010-12-08 15:25:00,1.0,201.60000000000002,130.0,5.0,0.0,0.0,367.0,201.60000000000002,201.60000000000002,0.0,,0,"Value tier 1/2: less recent, occasional"
15348,2011-09-28 13:17:00,1.0,158.04,84.0,9.0,0.0,0.0,73.0,158.04,158.04,0.0,,0,"Value tier 1/2: less recent, occasional"
15349,2011-07-04 16:06:00,2.0,463.90999999999997,321.0,65.0,0.0,0.0,159.0,463.90999999999997,231.95499999999998,0.0,29.01388888888889,0,"Value tier 1/2: less recent, occasional"
15350,2010-12-01 13:33:00,1.0,115.65,51.0,5.0,0.0,0.0,374.0,115.65,115.65,0.0,,0,"Value tier 1/2: less recent, occasional"
15351,2011-11-27 12:52:00,7.0,1934.66,742.0,157.0,3.0,97.97,13.0,1836.69,276.38,30.0,59.507291666666674,1,"Value tier 2/2: recent, repeat"
15353,2011-03-30 12:15:00,2.0,770.12,341.0,59.0,0.0,0.0,255.0,770.12,385.06,0.0,113.01805555555555,0,"Value tier 1/2: less recent, occasional"
15355,2011-11-10 13:44:00,2.0,277.05,45.0,9.0,0.0,0.0,30.0,277.05,138.525,0.0,23.931944444444444,0,"Value tier 1/2: less recent, occasional"
15356,2011-11-08 13:11:00,10.0,2718.03,1643.0,215.0,0.0,0.0,32.0,2718.03,271.803,0.0,37.44027777777777,1,"Value tier 2/2: recent, repeat"
15358,2011-12-05 09:04:00,22.0,8347.2,7050.0,292.0,7.0,111.55000000000001,5.0,8235.650000000001,379.41818181818184,24.137931034482758,17.188492063492063,1,"Value tier 2/2: recent, repeat"
15360,2011-10-31 09:35:00,1.0,427.93,223.0,13.0,0.0,0.0,40.0,427.93,427.93,0.0,,0,"Value tier 1/2: less recent, occasional"
15361,2010-12-13 09:52:00,1.0,418.92,336.0,7.0,0.0,0.0,362.0,418.92,418.92,0.0,,0,"Value tier 1/2: less recent, occasional"
15363,2010-12-02 12:28:00,1.0,326.0,144.0,16.0,1.0,7.95,373.0,318.05,326.0,50.0,,0,"Value tier 1/2: less recent, occasional"
15364,2011-09-05 09:46:00,2.0,913.19,493.0,29.0,0.0,0.0,96.0,913.19,456.595,0.0,158.83819444444444,0,"Value tier 1/2: less recent, occasional"
15365,2011-11-14 08:29:00,7.0,2314.32,1084.0,65.0,1.0,765.15,26.0,1549.17,330.6171428571429,12.5,48.30104166666666,1,"Value tier 2/2: recent, repeat"
15366,2011-09-25 15:01:00,2.0,602.51,621.0,37.0,0.0,0.0,76.0,602.51,301.255,0.0,282.95972222222224,0,"Value tier 1/2: less recent, occasional"
15367,2011-10-13 14:13:00,4.0,1877.59,1057.0,91.0,1.0,9.9,58.0,1867.6899999999998,469.3975,20.0,72.67129629629629,1,"Value tier 2/2: recent, repeat"
15368,2011-11-18 14:42:00,1.0,446.94000000000005,230.0,4.0,0.0,0.0,22.0,446.94000000000005,446.94000000000005,0.0,,0,"Value tier 1/2: less recent, occasional"
15370,2011-10-30 10:58:00,7.0,2386.05,830.0,65.0,1.0,25.5,41.0,2360.55,340.86428571428576,12.5,48.66273148148148,1,"Value tier 2/2: recent, repeat"
15372,2011-07-25 16:39:00,1.0,2007.3999999999999,2924.0,27.0,0.0,0.0,138.0,2007.3999999999999,2007.3999999999999,0.0,,0,"Value tier 1/2: less recent, occasional"
15373,2011-12-01 15:05:00,12.0,2415.91,500.0,74.0,1.0,202.79999999999998,9.0,2213.1099999999997,201.32583333333332,7.6923076923076925,33.001578282828284,1,"Value tier 2/2: recent, repeat"
15374,2011-08-03 09:59:00,1.0,168.0,126.0,3.0,0.0,0.0,129.0,168.0,168.0,0.0,,0,"Value tier 1/2: less recent, occasional"
15376,2011-10-30 15:04:00,3.0,1221.56,615.0,100.0,0.0,0.0,41.0,1221.56,407.18666666666667,0.0,91.02743055555555,1,"Value tier 2/2: recent, repeat"
15379,2011-06-23 13:13:00,7.0,3703.29,2305.0,145.0,1.0,71.4,170.0,3631.89,529.0414285714286,12.5,31.501273148148147,1,"Value tier 2/2: recent, repeat"
15380,2011-12-01 12:13:00,5.0,1690.2600000000002,376.0,22.0,1.0,7.9,9.0,1682.3600000000001,338.052,16.666666666666664,89.22083333333333,1,"Value tier 2/2: recent, repeat"
15381,2011-05-10 11:55:00,2.0,596.85,171.0,8.0,0.0,0.0,214.0,596.85,298.425,0.0,54.924305555555556,0,"Value tier 1/2: less recent, occasional"
15382,2011-11-25 10:58:00,6.0,5955.71,4012.0,193.0,2.0,27.849999999999998,15.0,5927.86,992.6183333333333,25.0,56.191250000000004,1,"Value tier 2/2: recent, repeat"
15384,2011-06-23 10:57:00,2.0,642.41,596.0,34.0,1.0,6.65,170.0,635.76,321.205,33.33333333333333,189.97430555555556,0,"Value tier 1/2: less recent, occasional"
15385,2011-10-30 15:11:00,1.0,316.88,161.0,12.0,0.0,0.0,41.0,316.88,316.88,0.0,,0,"Value tier 1/2: less recent, occasional"
15386,2011-06-06 13:47:00,1.0,394.14,446.0,31.0,0.0,0.0,187.0,394.14,394.14,0.0,,0,"Value tier 1/2: less recent, occasional"
15388,2011-03-14 13:53:00,1.0,140.54,88.0,10.0,0.0,0.0,271.0,140.54,140.54,0.0,,0,"Value tier 1/2: less recent, occasional"
15389,2011-06-20 16:18:00,1.0,500.0,400.0,1.0,0.0,0.0,173.0,500.0,500.0,0.0,,0,"Value tier 1/2: less recent, occasional"
15392,2011-12-05 11:01:00,4.0,1535.53,1277.0,74.0,1.0,19.799999999999997,5.0,1515.73,383.8825,20.0,118.59976851851853,1,"Value tier 2/2: recent, repeat"
15393,2011-11-23 16:48:00,2.0,231.86,150.0,10.0,0.0,0.0,17.0,231.86,115.93,0.0,264.99305555555554,0,"Value tier 1/2: less recent, occasional"
15394,2011-11-30 11:49:00,4.0,2183.54,910.0,54.0,0.0,0.0,10.0,2183.54,545.885,0.0,116.32013888888889,1,"Value tier 2/2: recent, repeat"
15395,2011-01-18 12:40:00,1.0,107.45,17.0,7.0,0.0,0.0,326.0,107.45,107.45,0.0,,0,"Value tier 1/2: less recent, occasional"
15396,2011-08-19 10:56:00,1.0,288.18,122.0,14.0,0.0,0.0,113.0,288.18,288.18,0.0,,0,"Value tier 1/2: less recent, occasional"
15397,2011-02-23 09:25:00,1.0,94.0,20.0,6.0,0.0,0.0,290.0,94.0,94.0,0.0,,0,"Value tier 1/2: less recent, occasional"
15398,2011-11-23 16:47:00,2.0,1345.53,769.0,60.0,1.0,5.9,17.0,1339.6299999999999,672.765,33.33333333333333,62.077083333333334,1,"Value tier 2/2: recent, repeat"
15399,2011-12-08 13:04:00,3.0,815.77,611.0,45.0,0.0,0.0,2.0,815.77,271.92333333333335,0.0,38.939930555555556,1,"Value tier 2/2: recent, repeat"
15400,2011-09-08 13:57:00,5.0,716.2,390.0,10.0,1.0,49.5,93.0,666.7,143.24,16.666666666666664,46.52604166666667,0,"Value tier 1/2: less recent, occasional"
15402,2011-07-14 12:17:00,2.0,626.35,693.0,34.0,0.0,0.0,149.0,626.35,313.175,0.0,47.947916666666664,0,"Value tier 1/2: less recent, occasional"
15405,2011-06-03 14:44:00,1.0,349.1,193.0,8.0,0.0,0.0,190.0,349.1,349.1,0.0,,0,"Value tier 1/2: less recent, occasional"
15406,2011-11-08 13:22:00,2.0,510.71000000000004,254.0,51.0,2.0,84.1,32.0,426.61,255.35500000000002,50.0,269.87708333333336,0,"Value tier 1/2: less recent, occasional"
15407,2011-11-06 11:55:00,4.0,1046.74,552.0,142.0,0.0,0.0,34.0,1046.74,261.685,0.0,90.6474537037037,1,"Value tier 2/2: recent, repeat"
15408,2011-03-20 15:02:00,1.0,267.18,106.0,34.0,0.0,0.0,265.0,267.18,267.18,0.0,,0,"Value tier 1/2: less recent, occasional"
15410,2011-09-16 14:47:00,8.0,3450.84,1200.0,48.0,0.0,0.0,85.0,3450.84,431.355,0.0,25.312698412698413,1,"Value tier 2/2: recent, repeat"
15411,2011-11-13 15:19:00,4.0,1348.93,529.0,86.0,1.0,12.5,27.0,1336.43,337.2325,20.0,52.03912037037037,1,"Value tier 2/2: recent, repeat"
15412,2011-06-21 15:24:00,1.0,190.53,108.0,10.0,0.0,0.0,172.0,190.53,190.53,0.0,,0,"Value tier 1/2: less recent, occasional"
15414,2011-11-30 09:50:00,3.0,774.9000000000001,443.0,37.0,0.0,0.0,10.0,774.9000000000001,258.3,0.0,116.41840277777777,1,"Value tier 2/2: recent, repeat"
15415,2011-01-30 14:13:00,1.0,559.61,551.0,46.0,0.0,0.0,314.0,559.61,559.61,0.0,,0,"Value tier 1/2: less recent, occasional"
15416,2011-10-06 09:38:00,4.0,3984.32,2090.0,165.0,1.0,9.95,65.0,3974.3700000000003,996.08,20.0,72.67986111111111,1,"Value tier 2/2: recent, repeat"
15417,2011-09-15 15:26:00,1.0,508.8,284.0,28.0,0.0,0.0,86.0,508.8,508.8,0.0,,0,"Value tier 1/2: less recent, occasional"
15419,2011-11-15 09:23:00,1.0,135.86,230.0,8.0,0.0,0.0,25.0,135.86,135.86,0.0,,0,"Value tier 1/2: less recent, occasional"
15421,2011-10-12 09:20:00,4.0,950.36,500.0,40.0,0.0,0.0,59.0,950.36,237.59,0.0,83.92685185185185,0,"Value tier 1/2: less recent, occasional"
15422,2011-01-20 16:17:00,2.0,97.7,38.0,6.0,0.0,0.0,324.0,97.7,48.85,0.0,0.08333333333333333,0,"Value tier 1/2: less recent, occasional"
15423,2011-11-01 14:01:00,1.0,43.5,101.0,2.0,0.0,0.0,39.0,43.5,43.5,0.0,,0,"Value tier 1/2: less recent, occasional"
15424,2011-03-30 13:02:00,2.0,383.34,554.0,17.0,0.0,0.0,255.0,383.34,191.67,0.0,0.001388888888888889,0,"Value tier 1/2: less recent, occasional"
15426,2011-11-20 15:36:00,5.0,1404.07,656.0,217.0,2.0,17.49,20.0,1386.58,280.81399999999996,28.57142857142857,87.51753472222222,1,"Value tier 2/2: recent, repeat"
15427,2011-11-06 14:29:00,3.0,1430.54,967.0,233.0,0.0,0.0,34.0,1430.54,476.84666666666664,0.0,6.9937499999999995,1,"Value tier 2/2: recent, repeat"
15428,2011-11-24 16:54:00,1.0,93.78,102.0,6.0,0.0,0.0,16.0,93.78,93.78,0.0,,0,"Value tier 1/2: less recent, occasional"
15429,2011-11-13 12:28:00,2.0,397.35,380.0,77.0,1.0,32.45,27.0,364.90000000000003,198.675,33.33333333333333,48.94861111111111,0,"Value tier 1/2: less recent, occasional"
15432,2011-11-16 16:30:00,1.0,171.19,65.0,10.0,0.0,0.0,24.0,171.19,171.19,0.0,,0,"Value tier 1/2: less recent, occasional"
15433,2011-05-10 10:45:00,2.0,533.3,534.0,40.0,1.0,115.42999999999999,214.0,417.86999999999995,266.65,33.33333333333333,53.85625,0,"Value tier 1/2: less recent, occasional"
15434,2011-12-01 13:33:00,5.0,1041.48,647.0,40.0,1.0,44.0,9.0,997.48,208.296,16.666666666666664,47.9921875,1,"Value tier 2/2: recent, repeat"
15435,2011-11-17 16:39:00,1.0,149.29,54.0,29.0,0.0,0.0,23.0,149.29,149.29,0.0,,0,"Value tier 1/2: less recent, occasional"
15436,2011-11-27 16:05:00,3.0,1067.75,574.0,243.0,0.0,0.0,13.0,1067.75,355.9166666666667,0.0,110.98368055555555,1,"Value tier 2/2: recent, repeat"
15437,2011-03-22 13:11:00,1.0,200.16,79.0,44.0,0.0,0.0,263.0,200.16,200.16,0.0,,0,"Value tier 1/2: less recent, occasional"
15438,2011-07-31 14:19:00,1.0,156.57999999999998,59.0,25.0,0.0,0.0,132.0,156.57999999999998,156.57999999999998,0.0,,0,"Value tier 1/2: less recent, occasional"
15440,2011-10-16 12:16:00,3.0,383.68,197.0,50.0,0.0,0.0,55.0,383.68,127.89333333333333,0.0,77.01597222222222,0,"Value tier 1/2: less recent, occasional"
15442,2011-04-05 12:24:00,1.0,594.0,120.0,2.0,0.0,0.0,249.0,594.0,594.0,0.0,,0,"Value tier 1/2: less recent, occasional"
15443,2011-12-08 10:40:00,7.0,3213.59,1639.0,237.0,1.0,24.75,2.0,3188.84,459.0842857142857,12.5,53.147569444444436,1,"Value tier 2/2: recent, repeat"
15444,2011-11-30 17:37:00,2.0,1411.21,759.0,191.0,0.0,0.0,10.0,1411.21,705.605,0.0,31.05902777777778,1,"Value tier 2/2: recent, repeat"
15445,2011-03-20 15:06:00,1.0,113.5,58.0,5.0,0.0,0.0,265.0,113.5,113.5,0.0,,0,"Value tier 1/2: less recent, occasional"
15447,2011-01-13 11:26:00,1.0,155.17,85.0,9.0,0.0,0.0,331.0,155.17,155.17,0.0,,0,"Value tier 1/2: less recent, occasional"
15448,2011-01-31 10:42:00,1.0,494.64,232.0,28.0,0.0,0.0,313.0,494.64,494.64,0.0,,0,"Value tier 1/2: less recent, occasional"
15449,2011-11-13 15:02:00,3.0,974.52,812.0,47.0,2.0,3.3,27.0,971.22,324.84,40.0,117.58993055555555,1,"Value tier 2/2: recent, repeat"
15450,2011-11-09 17:11:00,1.0,429.84,376.0,30.0,0.0,0.0,31.0,429.84,429.84,0.0,,0,"Value tier 1/2: less recent, occasional"
15452,2011-11-10 12:13:00,3.0,528.48,280.0,47.0,0.0,0.0,30.0,528.48,176.16,0.0,117.43472222222222,0,"Value tier 1/2: less recent, occasional"
15453,2011-12-08 10:59:00,7.0,1371.77,837.0,169.0,0.0,0.0,2.0,1371.77,195.96714285714285,0.0,30.988657407407405,1,"Value tier 2/2: recent, repeat"
15454,2010-12-12 14:21:00,1.0,179.1,86.0,23.0,0.0,0.0,363.0,179.1,179.1,0.0,,0,"Value tier 1/2: less recent, occasional"
15456,2011-03-01 13:51:00,3.0,434.59000000000003,633.0,48.0,0.0,0.0,284.0,434.59000000000003,144.86333333333334,0.0,37.964236111111106,0,"Value tier 1/2: less recent, occasional"
15457,2011-03-22 15:31:00,1.0,237.07,132.0,56.0,0.0,0.0,263.0,237.07,237.07,0.0,,0,"Value tier 1/2: less recent, occasional"
15458,2011-11-14 13:08:00,1.0,161.64,156.0,7.0,0.0,0.0,26.0,161.64,161.64,0.0,,0,"Value tier 1/2: less recent, occasional"
15460,2010-12-20 16:08:00,1.0,214.26,107.0,53.0,0.0,0.0,355.0,214.26,214.26,0.0,,0,"Value tier 1/2: less recent, occasional"
15462,2011-09-06 13:11:00,3.0,234.6,172.0,9.0,0.0,0.0,95.0,234.6,78.2,0.0,46.44965277777778,0,"Value tier 1/2: less recent, occasional"
15463,2011-11-10 12:57:00,1.0,126.14,106.0,7.0,0.0,0.0,30.0,126.14,126.14,0.0,,0,"Value tier 1/2: less recent, occasional"
15464,2011-01-05 15:56:00,1.0,1044.65,348.0,155.0,0.0,0.0,339.0,1044.65,1044.65,0.0,,0,"Value tier 1/2: less recent, occasional"
15465,2011-11-20 10:11:00,18.0,7354.62,1257.0,43.0,6.0,409.59999999999997,20.0,6945.0199999999995,408.59,25.0,20.588194444444444,1,"Value tier 2/2: recent, repeat"
15466,2011-09-15 14:08:00,1.0,334.53,246.0,56.0,0.0,0.0,86.0,334.53,334.53,0.0,,0,"Value tier 1/2: less recent, occasional"
15467,2011-11-30 14:17:00,3.0,524.88,310.0,41.0,1.0,13.0,10.0,511.88,174.96,25.0,71.49131944444444,1,"Value tier 2/2: recent, repeat"
15468,2011-10-19 13:49:00,2.0,467.51,155.0,24.0,3.0,29.05,52.0,438.46,233.755,60.0,0.007638888888888889,0,"Value tier 1/2: less recent, occasional"
15469,2011-10-20 16:21:00,2.0,538.55,153.0,24.0,2.0,34.05,51.0,504.49999999999994,269.275,50.0,69.97708333333334,0,"Value tier 1/2: less recent, occasional"
15471,2011-12-07 14:12:00,1.0,454.48,256.0,67.0,0.0,0.0,3.0,454.48,454.48,0.0,,0,"Value tier 1/2: less recent, occasional"
15472,2011-08-18 15:17:00,1.0,371.56,251.0,76.0,0.0,0.0,114.0,371.56,371.56,0.0,,0,"Value tier 1/2: less recent, occasional"
15473,2011-11-25 15:15:00,7.0,1771.2,672.0,4.0,3.0,306.0,15.0,1465.2,253.02857142857144,30.0,7.694791666666667,1,"Value tier 2/2: recent, repeat"
15475,2011-09-23 15:20:00,1.0,454.10999999999996,319.0,29.0,0.0,0.0,78.0,454.10999999999996,454.10999999999996,0.0,,0,"Value tier 1/2: less recent, occasional"
15478,2011-10-30 14:19:00,2.0,1399.92,575.0,34.0,0.0,0.0,41.0,1399.92,699.96,0.0,16.131944444444443,0,"Value tier 1/2: less recent, occasional"
15480,2011-08-15 14:32:00,1.0,905.5,303.0,45.0,0.0,0.0,117.0,905.5,905.5,0.0,,0,"Value tier 1/2: less recent, occasional"
15482,2011-11-24 10:46:00,11.0,10839.76,5003.0,45.0,4.0,4486.24,16.0,6353.52,985.4327272727273,26.666666666666668,34.30263888888889,1,"Value tier 2/2: recent, repeat"
15483,2011-07-01 13:07:00,4.0,225.26,291.0,74.0,0.0,0.0,162.0,225.26,56.315,0.0,35.00949074074074,0,"Value tier 1/2: less recent, occasional"
15484,2011-12-08 15:03:00,4.0,3590.41,3150.0,135.0,1.0,31.2,2.0,3559.21,897.6025,20.0,25.68796296296296,1,"Value tier 2/2: recent, repeat"
15485,2011-11-09 14:31:00,3.0,2564.5,1281.0,59.0,0.0,0.0,31.0,2564.5,854.8333333333334,0.0,171.5236111111111,1,"Value tier 2/2: recent, repeat"
15488,2011-09-08 10:11:00,1.0,91.32000000000001,73.0,2.0,0.0,0.0,93.0,91.32000000000001,91.32000000000001,0.0,,0,"Value tier 1/2: less recent, occasional"
15489,2011-11-17 08:53:00,3.0,1134.28,608.0,47.0,1.0,44.25000000000001,23.0,1090.03,378.0933333333333,25.0,94.41631944444444,1,"Value tier 2/2: recent, repeat"
15491,2011-09-05 15:56:00,6.0,3100.09,1646.0,108.0,1.0,9.24,96.0,3090.8500000000004,516.6816666666667,14.285714285714285,28.04888888888889,1,"Value tier 2/2: recent, repeat"
15492,2011-11-11 14:53:00,2.0,659.4599999999999,483.0,32.0,0.0,0.0,29.0,659.4599999999999,329.72999999999996,0.0,46.03541666666667,0,"Value tier 1/2: less recent, occasional"
15493,2011-11-07 12:04:00,5.0,1953.41,551.0,177.0,2.0,34.55,33.0,1918.8600000000001,390.682,28.57142857142857,59.50347222222222,1,"Value tier 2/2: recent, repeat"
15494,2011-11-18 14:51:00,2.0,1280.58,1139.0,120.0,0.0,0.0,22.0,1280.58,640.29,0.0,99.97361111111111,1,"Value tier 2/2: recent, repeat"
15497,2011-11-22 11:51:00,2.0,1262.2,624.0,13.0,1.0,2.5,18.0,1259.7,631.1,33.33333333333333,302.0763888888889,1,"Value tier 2/2: recent, repeat"
15498,2011-12-07 12:48:00,27.0,13316.4,6105.0,360.0,3.0,63.85,3.0,13252.55,493.2,10.0,14.000507478632478,1,"Value tier 2/2: recent, repeat"
15500,2011-12-01 13:47:00,4.0,1131.56,572.0,64.0,0.0,0.0,9.0,1131.56,282.89,0.0,24.333333333333332,1,"Value tier 2/2: recent, repeat"
15502,2011-11-24 12:48:00,10.0,6923.98,4232.0,163.0,9.0,1375.3999999999999,16.0,5548.58,692.3979999999999,47.368421052631575,39.32006172839507,1,"Value tier 2/2: recent, repeat"
15503,2010-12-12 10:57:00,1.0,141.04,70.0,66.0,0.0,0.0,363.0,141.04,141.04,0.0,,0,"Value tier 1/2: less recent, occasional"
15504,2011-09-19 13:45:00,1.0,52.83,33.0,13.0,0.0,0.0,82.0,52.83,52.83,0.0,,0,"Value tier 1/2: less recent, occasional"
15505,2011-10-18 07:56:00,5.0,3610.96,2390.0,90.0,2.0,113.82000000000001,53.0,3497.14,722.192,28.57142857142857,25.691493055555554,1,"Value tier 2/2: recent, repeat"
15506,2011-11-17 12:11:00,3.0,972.08,842.0,121.0,0.0,0.0,23.0,972.08,324.0266666666667,0.0,58.00902777777778,1,"Value tier 2/2: recent, repeat"
15507,2011-06-21 11:19:00,1.0,475.86,160.0,41.0,0.0,0.0,172.0,475.86,475.86,0.0,,0,"Value tier 1/2: less recent, occasional"
15508,2011-06-03 15:43:00,6.0,1000.27,440.0,78.0,0.0,0.0,190.0,1000.27,166.71166666666667,0.0,9.201666666666666,0,"Value tier 1/2: less recent, occasional"
15510,2011-01-13 12:10:00,1.0,250.0,2.0,1.0,0.0,0.0,331.0,250.0,250.0,0.0,,0,"Value tier 1/2: less recent, occasional"
15511,2011-11-28 09:43:00,5.0,900.53,269.0,117.0,0.0,0.0,12.0,900.53,180.106,0.0,18.444097222222222,1,"Value tier 2/2: recent, repeat"
15512,2011-07-07 10:20:00,2.0,121.0,68.0,7.0,0.0,0.0,156.0,121.0,60.5,0.0,203.9298611111111,0,"Value tier 1/2: less recent, occasional"
15513,2011-11-06 14:36:00,19.0,14758.220000000001,5709.0,183.0,3.0,238.14000000000001,34.0,14520.080000000002,776.7484210526317,13.636363636363635,18.896373456790126,1,"Value tier 2/2: recent, repeat"
15514,2011-11-27 14:40:00,11.0,4023.7200000000003,2098.0,96.0,2.0,1116.2700000000004,13.0,2907.45,365.7927272727273,15.384615384615385,35.203472222222224,1,"Value tier 2/2: recent, repeat"
15516,2011-10-26 10:51:00,3.0,62.43,27.0,15.0,0.0,0.0,45.0,62.43,20.81,0.0,0.9854166666666667,0,"Value tier 1/2: less recent, occasional"
15517,2011-04-20 14:02:00,1.0,267.03,293.0,27.0,0.0,0.0,234.0,267.03,267.03,0.0,,0,"Value tier 1/2: less recent, occasional"
15518,2011-10-06 13:05:00,8.0,1921.55,1263.0,135.0,4.0,23.799999999999997,65.0,1897.75,240.19375,33.33333333333333,38.28670634920635,1,"Value tier 2/2: recent, repeat"
15520,2011-12-08 10:58:00,1.0,343.5,314.0,18.0,0.0,0.0,2.0,343.5,343.5,0.0,,0,"Value tier 1/2: less recent, occasional"
15521,2011-10-30 13:42:00,8.0,3000.2,1836.0,116.0,4.0,300.55,41.0,2699.6499999999996,375.025,33.33333333333333,30.597916666666666,1,"Value tier 2/2: recent, repeat"
15522,2011-11-07 11:26:00,2.0,397.99,572.0,47.0,0.0,0.0,33.0,397.99,198.995,0.0,54.958333333333336,0,"Value tier 1/2: less recent, occasional"
15523,2011-09-16 16:29:00,1.0,412.01000000000005,132.0,10.0,0.0,0.0,85.0,412.01000000000005,412.01000000000005,0.0,,0,"Value tier 1/2: less recent, occasional"
15524,2011-11-15 12:09:00,1.0,440.0,4.0,1.0,0.0,0.0,25.0,440.0,440.0,0.0,,0,"Value tier 1/2: less recent, occasional"
15525,2011-12-07 14:43:00,3.0,731.87,385.0,132.0,1.0,14.899999999999999,3.0,716.97,243.95666666666668,25.0,185.52986111111113,1,"Value tier 2/2: recent, repeat"
15526,2011-11-06 15:04:00,2.0,148.44,24.0,4.0,0.0,0.0,34.0,148.44,74.22,0.0,0.0020833333333333333,0,"Value tier 1/2: less recent, occasional"
15527,2011-11-21 12:17:00,8.0,2428.53,991.0,127.0,1.0,16.85,19.0,2411.6800000000003,303.56625,11.11111111111111,47.98829365079365,1,"Value tier 2/2: recent, repeat"
15528,2011-03-30 16:14:00,1.0,229.33,123.0,26.0,0.0,0.0,255.0,229.33,229.33,0.0,,0,"Value tier 1/2: less recent, occasional"
15529,2011-11-17 11:29:00,11.0,3960.05,3454.0,414.0,1.0,27.450000000000003,23.0,3932.6000000000004,360.00454545454545,8.333333333333332,34.39618055555555,1,"Value tier 2/2: recent, repeat"
15530,2011-11-18 12:25:00,4.0,1497.31,938.0,90.0,0.0,0.0,22.0,1497.31,374.3275,0.0,75.01597222222223,1,"Value tier 2/2: recent, repeat"
15531,2011-12-01 18:43:00,2.0,1972.39,1085.0,196.0,0.0,0.0,9.0,1972.39,986.195,0.0,22.038888888888888,1,"Value tier 2/2: recent, repeat"
15532,2011-11-14 14:51:00,4.0,1554.83,513.0,204.0,2.0,63.849999999999994,26.0,1490.98,388.7075,33.33333333333333,110.97361111111111,1,"Value tier 2/2: recent, repeat"
15533,2011-11-20 15:35:00,3.0,807.57,289.0,73.0,2.0,60.65,20.0,746.9200000000001,269.19,40.0,34.99791666666667,1,"Value tier 2/2: recent, repeat"
15535,2011-06-19 16:02:00,4.0,502.9,135.0,55.0,3.0,76.5,174.0,426.4,125.725,42.857142857142854,51.38125,0,"Value tier 1/2: less recent, occasional"
15537,2011-06-29 13:10:00,1.0,110.92,29.0,24.0,0.0,0.0,164.0,110.92,110.92,0.0,,0,"Value tier 1/2: less recent, occasional"
15539,2011-12-02 13:36:00,1.0,538.46,410.0,41.0,0.0,0.0,8.0,538.46,538.46,0.0,,0,"Value tier 1/2: less recent, occasional"
15540,2011-11-28 13:51:00,1.0,213.3,200.0,15.0,0.0,0.0,12.0,213.3,213.3,0.0,,0,"Value tier 1/2: less recent, occasional"
15541,2011-08-17 14:58:00,1.0,85.13000000000001,49.0,29.0,0.0,0.0,115.0,85.13000000000001,85.13000000000001,0.0,,0,"Value tier 1/2: less recent, occasional"
15543,2011-02-24 15:26:00,1.0,127.86,86.0,26.0,0.0,0.0,289.0,127.86,127.86,0.0,,0,"Value tier 1/2: less recent, occasional"
15544,2011-11-30 16:43:00,9.0,3546.71,3109.0,122.0,2.0,4.199999999999999,10.0,3542.51,394.0788888888889,18.181818181818183,45.39548611111111,1,"Value tier 2/2: recent, repeat"
15545,2011-10-16 13:24:00,2.0,288.96999999999997,162.0,78.0,0.0,0.0,55.0,288.96999999999997,144.48499999999999,0.0,316.8305555555556,0,"Value tier 1/2: less recent, occasional"
15547,2011-12-02 12:52:00,14.0,4910.6,3999.0,441.0,0.0,0.0,8.0,4910.6,350.75714285714287,0.0,27.30587606837607,1,"Value tier 2/2: recent, repeat"
15549,2011-09-23 16:22:00,3.0,1677.71,691.0,103.0,1.0,37.5,78.0,1640.21,559.2366666666667,25.0,119.51527777777778,0,"Value tier 1/2: less recent, occasional"
15550,2011-12-05 15:38:00,4.0,575.63,295.0,43.0,0.0,0.0,5.0,575.63,143.9075,0.0,99.03912037037037,1,"Value tier 2/2: recent, repeat"
15551,2011-11-03 12:37:00,1.0,436.06,218.0,29.0,0.0,0.0,37.0,436.06,436.06,0.0,,0,"Value tier 1/2: less recent, occasional"
15552,2011-05-06 14:47:00,1.0,90.12,60.0,17.0,0.0,0.0,218.0,90.12,90.12,0.0,,0,"Value tier 1/2: less recent, occasional"
15553,2011-10-10 14:02:00,1.0,428.93,449.0,51.0,0.0,0.0,61.0,428.93,428.93,0.0,,0,"Value tier 1/2: less recent, occasional"
15554,2011-03-07 09:00:00,1.0,217.2,74.0,14.0,0.0,0.0,278.0,217.2,217.2,0.0,,0,"Value tier 1/2: less recent, occasional"
15555,2011-11-27 16:19:00,16.0,4791.87,4397.0,400.0,4.0,46.120000000000005,13.0,4745.75,299.491875,20.0,23.80435185185185,1,"Value tier 2/2: recent, repeat"
15556,2011-11-15 16:08:00,1.0,279.77,236.0,31.0,0.0,0.0,25.0,279.77,279.77,0.0,,0,"Value tier 1/2: less recent, occasional"
15557,2011-11-11 12:46:00,1.0,468.91,213.0,16.0,0.0,0.0,29.0,468.91,468.91,0.0,,0,"Value tier 1/2: less recent, occasional"
15561,2011-11-28 11:07:00,4.0,800.59,267.0,27.0,1.0,77.85000000000001,12.0,722.74,200.1475,20.0,67.99282407407406,1,"Value tier 2/2: recent, repeat"
15562,2010-12-23 09:55:00,1.0,134.55,39.0,1.0,0.0,0.0,352.0,134.55,134.55,0.0,,0,"Value tier 1/2: less recent, occasional"
15563,2011-11-17 12:59:00,3.0,1361.44,1441.0,87.0,2.0,50.75,23.0,1310.69,453.81333333333333,40.0,168.03194444444443,1,"Value tier 2/2: recent, repeat"
15565,2011-10-20 14:33:00,2.0,173.16,60.0,8.0,0.0,0.0,51.0,173.16,86.58,0.0,20.159027777777776,0,"Value tier 1/2: less recent, occasional"
15567,2011-11-21 10:48:00,1.0,186.01,223.0,7.0,0.0,0.0,19.0,186.01,186.01,0.0,,0,"Value tier 1/2: less recent, occasional"
15568,2011-12-07 11:27:00,3.0,758.29,461.0,27.0,0.0,0.0,3.0,758.29,252.76333333333332,0.0,35.43402777777778,1,"Value tier 2/2: recent, repeat"
15569,2011-08-28 10:15:00,5.0,1375.71,666.0,27.0,0.0,0.0,104.0,1375.71,275.142,0.0,57.21684027777778,1,"Value tier 2/2: recent, repeat"
15570,2011-12-02 14:47:00,12.0,4148.82,2063.0,231.0,1.0,55.55000000000001,8.0,4093.2699999999995,345.73499999999996,7.6923076923076925,32.91603535353536,1,"Value tier 2/2: recent, repeat"
15571,2011-11-28 10:02:00,4.0,650.4300000000001,264.0,47.0,0.0,0.0,12.0,650.4300000000001,162.60750000000002,0.0,22.28865740740741,1,"Value tier 2/2: recent, repeat"
15572,2011-12-05 10:09:00,7.0,2533.42,1213.0,166.0,0.0,0.0,5.0,2533.42,361.9171428571429,0.0,45.63483796296296,1,"Value tier 2/2: recent, repeat"
15573,2011-11-08 11:38:00,2.0,583.24,354.0,87.0,0.0,0.0,32.0,583.24,291.62,0.0,53.97361111111111,0,"Value tier 1/2: less recent, occasional"
15574,2011-06-15 12:01:00,4.0,675.64,332.0,131.0,0.0,0.0,178.0,675.64,168.91,0.0,64.94791666666667,0,"Value tier 1/2: less recent, occasional"
15576,2011-11-02 12:03:00,1.0,921.37,394.0,43.0,0.0,0.0,38.0,921.37,921.37,0.0,,0,"Value tier 1/2: less recent, occasional"
15577,2011-07-11 17:03:00,3.0,258.88,89.0,39.0,0.0,0.0,152.0,258.88,86.29333333333334,0.0,77.07326388888889,0,"Value tier 1/2: less recent, occasional"
15578,2011-06-30 13:03:00,1.0,127.1,52.0,13.0,0.0,0.0,163.0,127.1,127.1,0.0,,0,"Value tier 1/2: less recent, occasional"
15579,2011-10-02 12:45:00,2.0,327.6,117.0,45.0,0.0,0.0,69.0,327.6,163.8,0.0,245.025,0,"Value tier 1/2: less recent, occasional"
15581,2011-07-06 14:04:00,10.0,717.4300000000001,280.0,133.0,0.0,0.0,157.0,717.4300000000001,71.74300000000001,0.0,23.33070987654321,1,"Value tier 2/2: recent, repeat"
15582,2011-11-15 09:55:00,3.0,682.9100000000001,453.0,39.0,0.0,0.0,25.0,682.9100000000001,227.63666666666668,0.0,97.9232638888889,0,"Value tier 1/2: less recent, occasional"
15584,2011-11-16 10:55:00,4.0,720.86,313.0,89.0,1.0,2.5,24.0,718.36,180.215,20.0,46.25370370370371,1,"Value tier 2/2: recent, repeat"
15585,2011-06-16 08:38:00,1.0,455.3,320.0,31.0,0.0,0.0,177.0,455.3,455.3,0.0,,0,"Value tier 1/2: less recent, occasional"
15587,2011-10-20 13:37:00,4.0,913.6800000000001,312.0,3.0,0.0,0.0,51.0,913.6800000000001,228.42000000000002,0.0,100.3837962962963,1,"Value tier 2/2: recent, repeat"
15589,2011-03-29 09:54:00,3.0,478.53000000000003,243.0,28.0,1.0,21.95,256.0,456.58000000000004,159.51000000000002,25.0,27.481944444444444,0,"Value tier 1/2: less recent, occasional"
15592,2011-10-24 08:59:00,1.0,388.58,354.0,24.0,0.0,0.0,47.0,388.58,388.58,0.0,,0,"Value tier 1/2: less recent, occasional"
15593,2011-09-30 11:46:00,1.0,199.8,60.0,5.0,0.0,0.0,71.0,199.8,199.8,0.0,,0,"Value tier 1/2: less recent, occasional"
15594,2011-11-24 08:53:00,5.0,1771.78,983.0,85.0,1.0,4.25,16.0,1767.53,354.356,16.666666666666664,54.736979166666664,1,"Value tier 2/2: recent, repeat"
15596,2011-08-31 10:55:00,5.0,1406.59,561.0,51.0,4.0,63.250000000000014,101.0,1343.34,281.318,44.44444444444444,66.1953125,1,"Value tier 2/2: recent, repeat"
15597,2011-11-04 13:26:00,1.0,324.57,279.0,22.0,1.0,8.850000000000001,36.0,315.71999999999997,324.57,50.0,,0,"Value tier 1/2: less recent, occasional"
15598,2011-10-17 16:04:00,1.0,240.68,160.0,14.0,2.0,5.0,54.0,235.68,240.68,66.66666666666666,,0,"Value tier 1/2: less recent, occasional"
15599,2011-11-13 11:44:00,2.0,761.74,718.0,50.0,0.0,0.0,27.0,761.74,380.87,0.0,177.94375,0,"Value tier 1/2: less recent, occasional"
15601,2011-11-28 15:15:00,14.0,6776.56,4983.0,230.0,3.0,31.2,12.0,6745.360000000001,484.04,17.647058823529413,27.78397435897436,1,"Value tier 2/2: recent, repeat"
15602,2011-12-01 14:14:00,9.0,1297.8700000000001,1137.0,30.0,5.0,195.5,9.0,1102.3700000000001,144.20777777777778,35.714285714285715,44.99296875,1,"Value tier 2/2: recent, repeat"
15603,2011-09-22 10:04:00,1.0,48.480000000000004,96.0,2.0,0.0,0.0,79.0,48.480000000000004,48.480000000000004,0.0,,0,"Value tier 1/2: less recent, occasional"
15604,2011-10-18 14:47:00,1.0,216.39,159.0,17.0,0.0,0.0,53.0,216.39,216.39,0.0,,0,"Value tier 1/2: less recent, occasional"
15605,2011-11-03 14:17:00,5.0,1198.23,441.0,61.0,0.0,0.0,37.0,1198.23,239.64600000000002,0.0,84.25677083333333,1,"Value tier 2/2: recent, repeat"
15606,2011-10-09 15:47:00,9.0,2920.16,892.0,48.0,2.0,497.52,62.0,2422.64,324.4622222222222,18.181818181818183,32.89409722222222,1,"Value tier 2/2: recent, repeat"
15607,2011-01-07 12:44:00,1.0,104.76,202.0,13.0,0.0,0.0,337.0,104.76,104.76,0.0,,0,"Value tier 1/2: less recent, occasional"
15608,2011-11-11 13:20:00,4.0,1093.68,714.0,59.0,0.0,0.0,29.0,1093.68,273.42,0.0,30.71388888888889,1,"Value tier 2/2: recent, repeat"
15609,2011-06-08 13:00:00,1.0,298.48,148.0,16.0,1.0,28.45,185.0,270.03000000000003,298.48,50.0,,0,"Value tier 1/2: less recent, occasional"
15610,2011-10-19 10:36:00,1.0,112.46000000000001,66.0,6.0,0.0,0.0,52.0,112.46000000000001,112.46000000000001,0.0,,0,"Value tier 1/2: less recent, occasional"
15611,2011-11-30 12:36:00,11.0,1570.45,502.0,22.0,2.0,23.060000000000002,10.0,1547.39,142.76818181818183,15.384615384615385,32.504444444444445,1,"Value tier 2/2: recent, repeat"
15612,2011-11-03 14:52:00,2.0,195.15,52.0,4.0,0.0,0.0,37.0,195.15,97.575,0.0,25.085416666666667,0,"Value tier 1/2: less recent, occasional"
15615,2011-11-29 14:42:00,23.0,10399.74,5508.0,184.0,4.0,39.7,11.0,10360.039999999999,452.1626086956522,14.814814814814813,15.860511363636363,1,"Value tier 2/2: recent, repeat"
15618,2011-11-07 08:34:00,4.0,776.851,454.0,39.0,1.0,29.819999999999997,33.0,747.031,194.21275,20.0,34.643750000000004,1,"Value tier 2/2: recent, repeat"
15619,2011-11-29 08:14:00,1.0,336.40000000000003,136.0,3.0,0.0,0.0,11.0,336.40000000000003,336.40000000000003,0.0,,0,"Value tier 1/2: less recent, occasional"
15620,2011-10-14 12:41:00,3.0,1553.18,915.0,92.0,3.0,28.78,57.0,1524.4,517.7266666666667,50.0,150.9607638888889,1,"Value tier 2/2: recent, repeat"
15621,2011-12-05 14:01:00,4.0,1293.03,501.0,11.0,2.0,134.26000000000002,5.0,1158.77,323.2575,33.33333333333333,5.697222222222223,1,"Value tier 2/2: recent, repeat"
15622,2011-10-27 16:44:00,9.0,3709.56,1674.0,169.0,7.0,485.03,44.0,3224.5299999999997,412.17333333333335,43.75,29.890798611111112,1,"Value tier 2/2: recent, repeat"
15623,2011-07-21 17:26:00,1.0,301.03,125.0,19.0,0.0,0.0,142.0,301.03,301.03,0.0,,0,"Value tier 1/2: less recent, occasional"
15624,2011-08-15 11:38:00,4.0,588.13,357.0,26.0,0.0,0.0,117.0,588.13,147.0325,0.0,46.64027777777778,0,"Value tier 1/2: less recent, occasional"
15625,2011-08-28 10:21:00,4.0,1534.26,1188.0,44.0,4.0,29.700000000000003,104.0,1504.56,383.565,50.0,43.949074074074076,0,"Value tier 1/2: less recent, occasional"
15626,2011-09-26 10:03:00,2.0,675.8,766.0,49.0,0.0,0.0,75.0,675.8,337.9,0.0,254.9951388888889,0,"Value tier 1/2: less recent, occasional"
15628,2011-12-05 10:24:00,9.0,2870.2400000000002,1894.0,85.0,1.0,4.6,5.0,2865.6400000000003,318.91555555555556,10.0,45.252864583333334,1,"Value tier 2/2: recent, repeat"
15630,2011-10-25 15:36:00,2.0,1186.35,800.0,57.0,1.0,5.95,46.0,1180.3999999999999,593.175,33.33333333333333,159.22222222222223,0,"Value tier 1/2: less recent, occasional"
15632,2011-11-24 09:51:00,8.0,3285.31,2109.0,107.0,2.0,138.0,16.0,3147.31,410.66375,20.0,37.008134920634916,1,"Value tier 2/2: recent, repeat"
15634,2011-11-22 16:28:00,1.0,243.55,99.0,15.0,0.0,0.0,18.0,243.55,243.55,0.0,,0,"Value tier 1/2: less recent, occasional"
15636,2011-09-11 11:17:00,2.0,724.76,284.0,20.0,0.0,0.0,90.0,724.76,362.38,0.0,192.85208333333333,0,"Value tier 1/2: less recent, occasional"
15637,2011-10-18 08:28:00,1.0,223.36,128.0,15.0,0.0,0.0,53.0,223.36,223.36,0.0,,0,"Value tier 1/2: less recent, occasional"
15639,2011-07-28 14:30:00,1.0,425.32,323.0,25.0,0.0,0.0,135.0,425.32,425.32,0.0,,0,"Value tier 1/2: less recent, occasional"
15640,2011-12-05 14:35:00,15.0,12416.11,6572.0,240.0,2.0,79.36999999999999,5.0,12336.74,827.7406666666667,11.76470588235294,26.28249007936508,1,"Value tier 2/2: recent, repeat"
15641,2011-08-26 14:04:00,4.0,1887.2,1562.0,102.0,0.0,0.0,106.0,1887.2,471.8,0.0,84.65717592592593,1,"Value tier 2/2: recent, repeat"
15643,2011-06-01 07:38:00,3.0,664.0,246.0,31.0,3.0,16.6,192.0,647.4,221.33333333333334,50.0,45.355555555555554,0,"Value tier 1/2: less recent, occasional"
15644,2011-06-26 14:54:00,4.0,803.54,550.0,166.0,0.0,0.0,167.0,803.54,200.885,0.0,31.656712962962967,0,"Value tier 1/2: less recent, occasional"
15645,2011-11-21 11:55:00,1.0,611.59,255.0,49.0,0.0,0.0,19.0,611.59,611.59,0.0,,0,"Value tier 1/2: less recent, occasional"
15646,2011-07-05 09:53:00,3.0,447.64000000000004,394.0,35.0,1.0,22.5,158.0,425.14000000000004,149.21333333333334,25.0,107.35208333333333,0,"Value tier 1/2: less recent, occasional"
15648,2011-05-19 15:53:00,2.0,639.5,218.0,23.0,2.0,54.75,205.0,584.75,319.75,50.0,62.87083333333333,0,"Value tier 1/2: less recent, occasional"
15649,2011-01-07 13:34:00,2.0,816.0,192.0,1.0,0.0,0.0,337.0,816.0,408.0,0.0,31.144444444444446,0,"Value tier 1/2: less recent, occasional"
15651,2011-11-03 08:41:00,3.0,646.3,479.0,27.0,0.0,0.0,37.0,646.3,215.4333333333333,0.0,111.99479166666667,0,"Value tier 1/2: less recent, occasional"
15652,2011-09-09 14:22:00,1.0,337.74,208.0,21.0,0.0,0.0,92.0,337.74,337.74,0.0,,0,"Value tier 1/2: less recent, occasional"
15653,2011-09-08 10:49:00,2.0,877.4399999999999,1200.0,4.0,0.0,0.0,93.0,877.4399999999999,438.71999999999997,0.0,23.040972222222223,0,"Value tier 1/2: less recent, occasional"
15654,2011-11-30 13:08:00,2.0,922.53,475.0,15.0,0.0,0.0,10.0,922.53,461.265,0.0,16.911805555555556,1,"Value tier 2/2: recent, repeat"
15655,2011-04-10 15:25:00,1.0,560.67,324.0,34.0,1.0,49.35,244.0,511.31999999999994,560.67,50.0,,0,"Value tier 1/2: less recent, occasional"
15656,2011-10-25 14:56:00,4.0,748.5,343.0,46.0,0.0,0.0,46.0,748.5,187.125,0.0,79.65833333333333,0,"Value tier 1/2: less recent, occasional"
15657,2011-11-17 12:19:00,1.0,30.0,24.0,1.0,0.0,0.0,23.0,30.0,30.0,0.0,,0,"Value tier 1/2: less recent, occasional"
15658,2011-06-02 15:22:00,5.0,1024.1000000000001,242.0,40.0,3.0,65.2,191.0,958.9000000000001,204.82000000000002,37.5,45.546701388888884,0,"Value tier 1/2: less recent, occasional"
15659,2011-10-27 09:23:00,1.0,306.45,111.0,11.0,0.0,0.0,44.0,306.45,306.45,0.0,,0,"Value tier 1/2: less recent, occasional"
15660,2011-11-14 16:58:00,9.0,1600.86,1050.0,55.0,3.0,48.85,26.0,1552.01,177.87333333333333,25.0,42.53723958333333,1,"Value tier 2/2: recent, repeat"
15661,2011-01-26 13:56:00,2.0,309.8,236.0,4.0,0.0,0.0,318.0,309.8,154.9,0.0,21.058333333333334,0,"Value tier 1/2: less recent, occasional"
15663,2011-08-25 15:50:00,1.0,138.14,106.0,9.0,0.0,0.0,107.0,138.14,138.14,0.0,,0,"Value tier 1/2: less recent, occasional"
15664,2011-10-20 10:57:00,1.0,386.43,157.0,17.0,1.0,27.799999999999997,51.0,358.63,386.43,50.0,,0,"Value tier 1/2: less recent, occasional"
15665,2011-06-24 14:57:00,2.0,2222.21,1654.0,92.0,0.0,0.0,169.0,2222.21,1111.105,0.0,74.99166666666666,0,"Value tier 1/2: less recent, occasional"
15667,2011-10-31 10:56:00,1.0,301.32,240.0,13.0,0.0,0.0,40.0,301.32,301.32,0.0,,0,"Value tier 1/2: less recent, occasional"
15668,2011-05-06 10:39:00,1.0,76.32000000000001,72.0,1.0,0.0,0.0,218.0,76.32000000000001,76.32000000000001,0.0,,0,"Value tier 1/2: less recent, occasional"
15669,2011-10-30 16:03:00,4.0,684.34,342.0,31.0,1.0,6.65,41.0,677.69,171.085,20.0,74.42824074074075,0,"Value tier 1/2: less recent, occasional"
15670,2011-02-16 10:50:00,1.0,173.05,91.0,12.0,0.0,0.0,297.0,173.05,173.05,0.0,,0,"Value tier 1/2: less recent, occasional"
15671,2011-11-21 12:43:00,7.0,2657.13,1699.0,52.0,3.0,21.64,19.0,2635.4900000000002,379.59000000000003,30.0,42.02152777777778,1,"Value tier 2/2: recent, repeat"
15673,2011-09-12 16:12:00,4.0,2726.23,1451.0,107.0,0.0,0.0,89.0,2726.23,681.5575,0.0,79.66365740740741,1,"Value tier 2/2: recent, repeat"
15674,2011-09-27 15:17:00,4.0,2111.89,1274.0,87.0,2.0,367.87,74.0,1744.02,527.9725,33.33333333333333,60.41620370370371,1,"Value tier 2/2: recent, repeat"
15675,2011-09-19 13:48:00,3.0,323.69,527.0,20.0,0.0,0.0,82.0,323.69,107.89666666666666,0.0,99.48854166666666,0,"Value tier 1/2: less recent, occasional"
15676,2011-11-21 12:40:00,3.0,3435.76,2252.0,191.0,2.0,111.67,19.0,3324.09,1145.2533333333333,40.0,132.54895833333333,1,"Value tier 2/2: recent, repeat"
15677,2011-10-21 15:36:00,1.0,657.23,319.0,33.0,0.0,0.0,50.0,657.23,657.23,0.0,,0,"Value tier 1/2: less recent, occasional"
15678,2011-10-18 09:25:00,1.0,352.7,184.0,12.0,0.0,0.0,53.0,352.7,352.7,0.0,,0,"Value tier 1/2: less recent, occasional"
15679,2011-11-15 16:19:00,4.0,781.28,1170.0,98.0,0.0,0.0,25.0,781.28,195.32,0.0,52.776620370370374,1,"Value tier 2/2: recent, repeat"
15680,2011-11-30 13:46:00,3.0,1333.68,952.0,61.0,0.0,0.0,10.0,1333.68,444.56,0.0,178.48020833333334,1,"Value tier 2/2: recent, repeat"
15681,2011-11-14 16:30:00,5.0,1426.16,816.0,32.0,1.0,479.8,26.0,946.3600000000001,285.232,16.666666666666664,63.77847222222223,1,"Value tier 2/2: recent, repeat"
15683,2011-08-14 12:56:00,1.0,193.75,131.0,10.0,0.0,0.0,118.0,193.75,193.75,0.0,,0,"Value tier 1/2: less recent, occasional"
15687,2011-12-01 08:33:00,9.0,2993.1,1310.0,119.0,2.0,11.6,9.0,2981.5,332.56666666666666,18.181818181818183,40.21527777777778,1,"Value tier 2/2: recent, repeat"
15689,2011-08-12 09:37:00,2.0,254.1,84.0,8.0,0.0,0.0,120.0,254.1,127.05,0.0,241.98611111111111,0,"Value tier 1/2: less recent, occasional"
15690,2011-12-05 15:59:00,2.0,239.76,408.0,19.0,0.0,0.0,5.0,239.76,119.88,0.0,96.17986111111111,0,"Value tier 1/2: less recent, occasional"
15691,2011-04-01 15:13:00,1.0,136.8,72.0,2.0,0.0,0.0,253.0,136.8,136.8,0.0,,0,"Value tier 1/2: less recent, occasional"
15692,2011-11-11 14:12:00,1.0,191.04,138.0,12.0,0.0,0.0,29.0,191.04,191.04,0.0,,0,"Value tier 1/2: less recent, occasional"
15694,2011-12-09 09:44:00,13.0,6464.4,1676.0,41.0,1.0,55.800000000000004,1.0,6408.599999999999,497.2615384615384,7.142857142857142,31.006655092592595,1,"Value tier 2/2: recent, repeat"
15695,2011-03-18 08:32:00,2.0,409.98,212.0,22.0,0.0,0.0,267.0,409.98,204.99,0.0,0.0006944444444444445,0,"Value tier 1/2: less recent, occasional"
15696,2011-11-06 14:02:00,8.0,2711.11,1015.0,140.0,4.0,92.00000000000001,34.0,2619.11,338.88875,33.33333333333333,41.87281746031746,1,"Value tier 2/2: recent, repeat"
15699,2011-11-22 08:26:00,1.0,309.65,113.0,18.0,0.0,0.0,18.0,309.65,309.65,0.0,,0,"Value tier 1/2: less recent, occasional"
15700,2011-06-20 16:53:00,2.0,696.68,357.0,85.0,1.0,32.65,173.0,664.03,348.34,33.33333333333333,1.0534722222222221,0,"Value tier 1/2: less recent, occasional"
15701,2011-12-07 14:39:00,4.0,1529.0,912.0,193.0,0.0,0.0,3.0,1529.0,382.25,0.0,36.02847222222223,1,"Value tier 2/2: recent, repeat"
15703,2011-03-20 10:51:00,1.0,211.5,66.0,5.0,0.0,0.0,265.0,211.5,211.5,0.0,,0,"Value tier 1/2: less recent, occasional"
15704,2011-07-22 13:35:00,4.0,2293.62,1028.0,79.0,0.0,0.0,141.0,2293.62,573.405,0.0,25.012268518518514,1,"Value tier 2/2: recent, repeat"
15705,2011-05-22 15:37:00,1.0,143.1,62.0,6.0,0.0,0.0,202.0,143.1,143.1,0.0,,0,"Value tier 1/2: less recent, occasional"
15706,2011-10-07 10:09:00,4.0,1060.56,321.0,50.0,3.0,58.74999999999999,64.0,1001.81,265.14,42.857142857142854,17.605787037037036,1,"Value tier 2/2: recent, repeat"
15707,2011-11-04 14:35:00,4.0,916.98,594.0,126.0,0.0,0.0,36.0,916.98,229.245,0.0,17.003703703703703,1,"Value tier 2/2: recent, repeat"
15708,2011-10-30 10:54:00,7.0,3235.25,1217.0,124.0,4.0,34.519999999999996,41.0,3200.73,462.17857142857144,36.36363636363637,54.831250000000004,1,"Value tier 2/2: recent, repeat"
15709,2011-03-01 10:38:00,1.0,133.25,121.0,6.0,0.0,0.0,284.0,133.25,133.25,0.0,,0,"Value tier 1/2: less recent, occasional"
15712,2011-11-30 14:09:00,5.0,1072.3600000000001,486.0,41.0,0.0,0.0,10.0,1072.3600000000001,214.47200000000004,0.0,69.52725694444445,1,"Value tier 2/2: recent, repeat"
15713,2011-07-19 13:34:00,2.0,356.7,150.0,18.0,1.0,9.95,144.0,346.75,178.35,33.33333333333333,222.92916666666667,0,"Value tier 1/2: less recent, occasional"
15714,2011-11-28 11:26:00,2.0,330.03000000000003,186.0,34.0,0.0,0.0,12.0,330.03000000000003,165.01500000000001,0.0,66.00069444444445,0,"Value tier 1/2: less recent, occasional"
15716,2011-07-17 11:59:00,4.0,1101.1100000000001,738.0,101.0,0.0,0.0,146.0,1101.1100000000001,275.27750000000003,0.0,74.66041666666666,0,"Value tier 1/2: less recent, occasional"
15717,2011-04-19 13:21:00,1.0,150.3,70.0,7.0,0.0,0.0,235.0,150.3,150.3,0.0,,0,"Value tier 1/2: less recent, occasional"
15719,2011-11-07 12:29:00,13.0,5028.42,2717.0,298.0,1.0,1.65,33.0,5026.77,386.8015384615385,7.142857142857142,25.41655092592593,1,"Value tier 2/2: recent, repeat"
15720,2011-11-15 14:48:00,1.0,598.73,281.0,128.0,0.0,0.0,25.0,598.73,598.73,0.0,,0,"Value tier 1/2: less recent, occasional"
15721,2011-11-28 12:14:00,1.0,471.40000000000003,388.0,80.0,0.0,0.0,12.0,471.40000000000003,471.40000000000003,0.0,,0,"Value tier 1/2: less recent, occasional"
15722,2011-11-04 11:43:00,5.0,2211.21,1023.0,45.0,1.0,41.35,36.0,2169.86,442.242,16.666666666666664,63.74288194444444,1,"Value tier 2/2: recent, repeat"
15723,2010-12-10 11:12:00,1.0,190.7,73.0,37.0,0.0,0.0,365.0,190.7,190.7,0.0,,0,"Value tier 1/2: less recent, occasional"
15724,2011-05-22 14:40:00,2.0,218.25,73.0,11.0,1.0,5.95,202.0,212.3,109.125,33.33333333333333,83.16666666666667,0,"Value tier 1/2: less recent, occasional"
15725,2011-11-24 14:51:00,1.0,415.25,221.0,32.0,0.0,0.0,16.0,415.25,415.25,0.0,,0,"Value tier 1/2: less recent, occasional"
15727,2011-11-23 12:36:00,7.0,5159.06,3063.0,213.0,0.0,0.0,17.0,5159.06,737.0085714285715,0.0,57.144560185185185,1,"Value tier 2/2: recent, repeat"
15729,2011-05-11 12:36:00,1.0,85.0,28.0,5.0,1.0,23.0,213.0,62.0,85.0,50.0,,0,"Value tier 1/2: less recent, occasional"
15730,2011-10-05 12:31:00,3.0,1120.88,689.0,68.0,1.0,12.5,66.0,1108.38,373.6266666666667,25.0,70.49583333333334,0,"Value tier 1/2: less recent, occasional"
15732,2011-05-11 14:24:00,2.0,294.12,215.0,13.0,0.0,0.0,213.0,294.12,147.06,0.0,159.975,0,"Value tier 1/2: less recent, occasional"
15733,2011-03-02 09:05:00,1.0,162.3,62.0,10.0,0.0,0.0,283.0,162.3,162.3,0.0,,0,"Value tier 1/2: less recent, occasional"
15734,2011-08-17 10:50:00,2.0,1339.45,346.0,25.0,0.0,0.0,115.0,1339.45,669.725,0.0,85.82708333333333,0,"Value tier 1/2: less recent, occasional"
15737,2011-11-25 11:21:00,8.0,1188.1200000000001,597.0,60.0,4.0,66.91,15.0,1121.21,148.51500000000001,33.33333333333333,32.579365079365076,1,"Value tier 2/2: recent, repeat"
15738,2011-11-21 08:26:00,16.0,4812.42,2982.0,46.0,3.0,23.65,19.0,4788.77,300.77625,15.789473684210526,23.587777777777777,1,"Value tier 2/2: recent, repeat"
15739,2011-10-04 13:42:00,1.0,449.12,472.0,8.0,0.0,0.0,67.0,449.12,449.12,0.0,,0,"Value tier 1/2: less recent, occasional"
15740,2011-10-21 14:29:00,1.0,154.88,152.0,9.0,0.0,0.0,50.0,154.88,154.88,0.0,,0,"Value tier 1/2: less recent, occasional"
15743,2011-11-23 17:19:00,4.0,775.96,214.0,59.0,0.0,0.0,17.0,775.96,193.99,0.0,56.098379629629626,1,"Value tier 2/2: recent, repeat"
15744,2011-09-23 09:52:00,1.0,34.8,120.0,3.0,0.0,0.0,78.0,34.8,34.8,0.0,,0,"Value tier 1/2: less recent, occasional"
15745,2011-11-20 13:45:00,4.0,1094.59,421.0,57.0,2.0,23.35,20.0,1071.24,273.6475,33.33333333333333,72.34282407407407,1,"Value tier 2/2: recent, repeat"
15746,2011-07-28 15:21:00,1.0,196.88,178.0,28.0,1.0,13.919999999999998,135.0,182.96,196.88,50.0,,0,"Value tier 1/2: less recent, occasional"
15747,2011-11-27 12:26:00,3.0,946.64,466.0,52.0,0.0,0.0,13.0,946.64,315.5466666666667,0.0,80.01944444444445,1,"Value tier 2/2: recent, repeat"
15748,2011-10-30 12:51:00,1.0,144.36,50.0,19.0,0.0,0.0,41.0,144.36,144.36,0.0,,0,"Value tier 1/2: less recent, occasional"
15749,2011-04-18 13:20:00,3.0,44534.3,18028.0,5.0,1.0,22998.4,236.0,21535.9,14844.766666666668,25.0,48.50868055555555,1,"Value tier 2/2: recent, repeat"
15750,2011-12-07 12:34:00,8.0,2463.05,1783.0,214.0,1.0,14.25,3.0,2448.8,307.88125,11.11111111111111,52.01170634920635,1,"Value tier 2/2: recent, repeat"
15752,2011-10-31 11:37:00,7.0,2626.6,1960.0,236.0,1.0,8.45,40.0,2618.15,375.2285714285714,12.5,55.513194444444444,1,"Value tier 2/2: recent, repeat"
15753,2011-02-08 12:41:00,1.0,79.2,144.0,1.0,0.0,0.0,305.0,79.2,79.2,0.0,,0,"Value tier 1/2: less recent, occasional"
15754,2011-10-19 14:40:00,3.0,458.57,199.0,24.0,1.0,2.9,52.0,455.67,152.85666666666665,25.0,97.54722222222222,0,"Value tier 1/2: less recent, occasional"
15755,2011-11-29 14:57:00,6.0,2364.25,1427.0,127.0,2.0,45.370000000000005,11.0,2318.88,394.0416666666667,25.0,56.82555555555556,1,"Value tier 2/2: recent, repeat"
15756,2011-10-09 13:30:00,4.0,528.01,241.0,160.0,0.0,0.0,62.0,528.01,132.0025,0.0,62.65972222222222,0,"Value tier 1/2: less recent, occasional"
15757,2011-10-05 12:14:00,2.0,714.42,491.0,43.0,0.0,0.0,66.0,714.42,357.21,0.0,152.0236111111111,0,"Value tier 1/2: less recent, occasional"
15758,2011-11-15 10:48:00,1.0,205.25,47.0,9.0,0.0,0.0,25.0,205.25,205.25,0.0,,0,"Value tier 1/2: less recent, occasional"
15759,2011-05-05 15:13:00,3.0,253.04,60.0,5.0,0.0,0.0,219.0,253.04,84.34666666666666,0.0,69.99444444444444,0,"Value tier 1/2: less recent, occasional"
15762,2011-10-05 16:15:00,2.0,583.75,251.0,37.0,0.0,0.0,66.0,583.75,291.875,0.0,12.040277777777778,0,"Value tier 1/2: less recent, occasional"
15763,2011-11-08 09:44:00,2.0,1086.92,271.0,58.0,1.0,38.25,32.0,1048.67,543.46,33.33333333333333,45.89861111111111,0,"Value tier 1/2: less recent, occasional"
15764,2011-09-12 17:58:00,6.0,3279.97,2050.0,150.0,4.0,34.5,89.0,3245.47,546.6616666666666,40.0,37.671527777777776,1,"Value tier 2/2: recent, repeat"
15766,2011-10-06 17:03:00,1.0,315.06,170.0,11.0,0.0,0.0,65.0,315.06,315.06,0.0,,0,"Value tier 1/2: less recent, occasional"
15768,2011-08-16 10:48:00,3.0,621.8299999999999,244.0,23.0,0.0,0.0,116.0,621.8299999999999,207.27666666666664,0.0,55.03055555555556,0,"Value tier 1/2: less recent, occasional"
15769,2011-12-02 13:52:00,26.0,56252.72,29672.0,26.0,3.0,4429.0,8.0,51823.72,2163.566153846154,10.344827586206897,14.557666666666666,1,"Value tier 2/2: recent, repeat"
15773,2011-12-04 12:48:00,1.0,635.6800000000001,311.0,10.0,0.0,0.0,6.0,635.6800000000001,635.6800000000001,0.0,,0,"Value tier 1/2: less recent, occasional"
15774,2011-10-02 12:04:00,1.0,270.8,87.0,25.0,0.0,0.0,69.0,270.8,270.8,0.0,,0,"Value tier 1/2: less recent, occasional"
15775,2011-04-08 12:56:00,1.0,104.9,68.0,7.0,0.0,0.0,246.0,104.9,104.9,0.0,,0,"Value tier 1/2: less recent, occasional"
15776,2011-07-29 13:46:00,1.0,241.62,138.0,18.0,0.0,0.0,134.0,241.62,241.62,0.0,,0,"Value tier 1/2: less recent, occasional"
15777,2011-04-12 16:43:00,4.0,1047.11,378.0,18.0,1.0,25.5,242.0,1021.6099999999999,261.7775,20.0,40.00115740740741,0,"Value tier 1/2: less recent, occasional"
15780,2011-06-09 12:01:00,3.0,475.28000000000003,220.0,26.0,0.0,0.0,184.0,475.28000000000003,158.42666666666668,0.0,87.00625,0,"Value tier 1/2: less recent, occasional"
15781,2011-11-14 14:57:00,3.0,345.46,180.0,20.0,1.0,11.9,26.0,333.56,115.15333333333332,25.0,140.11875,0,"Value tier 1/2: less recent, occasional"
15782,2011-11-30 10:49:00,3.0,2614.7400000000002,864.0,34.0,1.0,20.8,10.0,2593.94,871.58,25.0,39.923611111111114,1,"Value tier 2/2: recent, repeat"
15783,2011-11-29 09:50:00,1.0,246.3,212.0,14.0,0.0,0.0,11.0,246.3,246.3,0.0,,0,"Value tier 1/2: less recent, occasional"
15785,2011-11-07 11:33:00,5.0,2328.9700000000003,1612.0,58.0,3.0,25.22,33.0,2303.7500000000005,465.79400000000004,37.5,65.72152777777778,1,"Value tier 2/2: recent, repeat"
15786,2011-10-24 14:13:00,3.0,4919.0,3340.0,257.0,2.0,98.00000000000001,47.0,4821.0,1639.6666666666667,40.0,34.013888888888886,1,"Value tier 2/2: recent, repeat"
15787,2011-11-13 14:55:00,3.0,933.26,534.0,156.0,0.0,0.0,27.0,933.26,311.08666666666664,0.0,17.53611111111111,1,"Value tier 2/2: recent, repeat"
15789,2010-12-16 14:35:00,1.0,351.3,438.0,25.0,0.0,0.0,359.0,351.3,351.3,0.0,,0,"Value tier 1/2: less recent, occasional"
15790,2011-11-29 14:53:00,1.0,218.75,113.0,34.0,0.0,0.0,11.0,218.75,218.75,0.0,,0,"Value tier 1/2: less recent, occasional"
15791,2011-10-27 10:14:00,2.0,1612.69,731.0,66.0,1.0,8.25,44.0,1604.44,806.345,33.33333333333333,160.79097222222222,0,"Value tier 1/2: less recent, occasional"
15793,2011-11-25 09:31:00,3.0,965.61,553.0,6.0,1.0,16.65,15.0,948.96,321.87,25.0,126.97430555555556,1,"Value tier 2/2: recent, repeat"
15795,2011-07-13 10:43:00,1.0,610.01,581.0,42.0,0.0,0.0,150.0,610.01,610.01,0.0,,0,"Value tier 1/2: less recent, occasional"
15796,2011-12-08 19:55:00,8.0,2707.61,859.0,69.0,1.0,2.95,2.0,2704.6600000000003,338.45125,11.11111111111111,43.02529761904761,1,"Value tier 2/2: recent, repeat"
15797,2011-08-18 17:04:00,3.0,2192.4,872.0,7.0,0.0,0.0,114.0,2192.4,730.8000000000001,0.0,95.64131944444443,0,"Value tier 1/2: less recent, occasional"
15799,2011-09-25 12:46:00,3.0,884.14,955.0,94.0,0.0,0.0,76.0,884.14,294.7133333333333,0.0,129.44895833333334,0,"Value tier 1/2: less recent, occasional"
15800,2011-08-24 14:23:00,2.0,696.89,332.0,116.0,0.0,0.0,108.0,696.89,348.445,0.0,139.07222222222222,0,"Value tier 1/2: less recent, occasional"
15801,2011-10-24 13:52:00,3.0,1063.95,570.0,61.0,1.0,21.759999999999998,47.0,1042.19,354.65000000000003,25.0,31.58298611111111,0,"Value tier 1/2: less recent, occasional"
15803,2011-10-19 14:56:00,1.0,415.82000000000005,290.0,8.0,0.0,0.0,52.0,415.82000000000005,415.82000000000005,0.0,,0,"Value tier 1/2: less recent, occasional"
15804,2011-12-09 12:31:00,13.0,4206.39,2565.0,170.0,6.0,357.84,1.0,3848.55,323.5684615384616,31.57894736842105,16.50804398148148,1,"Value tier 2/2: recent, repeat"
15805,2011-11-16 16:32:00,17.0,5488.18,3367.0,220.0,3.0,76.31,24.0,5411.87,322.83411764705886,15.0,21.330685763888887,1,"Value tier 2/2: recent, repeat"
15806,2011-10-24 14:35:00,3.0,784.58,602.0,24.0,0.0,0.0,47.0,784.58,261.5266666666667,0.0,115.10798611111112,0,"Value tier 1/2: less recent, occasional"
15807,2011-10-20 14:10:00,3.0,903.9,430.0,48.0,0.0,0.0,51.0,903.9,301.3,0.0,13.488541666666666,0,"Value tier 1/2: less recent, occasional"
15808,2011-02-06 14:33:00,4.0,3651.27,1305.0,142.0,1.0,10.2,307.0,3641.07,912.8175,20.0,21.02037037037037,0,"Value tier 1/2: less recent, occasional"
15809,2011-11-03 16:40:00,5.0,515.77,301.0,31.0,1.0,116.56,37.0,399.21,103.154,16.666666666666664,66.55625,1,"Value tier 2/2: recent, repeat"
15810,2011-09-22 09:38:00,4.0,1391.98,861.0,66.0,3.0,246.54999999999998,79.0,1145.43,347.995,42.857142857142854,72.67291666666667,1,"Value tier 2/2: recent, repeat"
15811,2011-11-17 15:31:00,6.0,2218.62,1071.0,117.0,3.0,47.3,23.0,2171.3199999999997,369.77,33.33333333333333,68.60027777777778,1,"Value tier 2/2: recent, repeat"
15812,2011-08-24 14:19:00,5.0,1801.14,922.0,36.0,0.0,0.0,108.0,1801.14,360.228,0.0,52.52204861111111,1,"Value tier 2/2: recent, repeat"
15813,2011-05-16 08:13:00,2.0,1303.9099999999999,603.0,40.0,0.0,0.0,208.0,1303.9099999999999,651.9549999999999,0.0,31.961111111111112,0,"Value tier 1/2: less recent, occasional"
15814,2011-11-23 08:17:00,4.0,1945.33,1271.0,63.0,2.0,102.6,17.0,1842.73,486.3325,33.33333333333333,11.322453703703703,1,"Value tier 2/2: recent, repeat"
15815,2011-10-07 12:42:00,5.0,2100.6,1856.0,33.0,0.0,0.0,64.0,2100.6,420.12,0.0,49.041493055555556,1,"Value tier 2/2: recent, repeat"
15819,2011-10-21 14:50:00,4.0,1905.45,1357.0,96.0,0.0,0.0,50.0,1905.45,476.3625,0.0,75.73726851851852,1,"Value tier 2/2: recent, repeat"
15820,2011-01-24 12:00:00,1.0,206.98,128.0,17.0,0.0,0.0,320.0,206.98,206.98,0.0,,0,"Value tier 1/2: less recent, occasional"
15821,2011-10-26 15:48:00,2.0,570.96,202.0,57.0,0.0,0.0,45.0,570.96,285.48,0.0,17.09722222222222,0,"Value tier 1/2: less recent, occasional"
15822,2011-12-06 14:50:00,2.0,885.47,375.0,28.0,0.0,0.0,4.0,885.47,442.735,0.0,356.05,1,"Value tier 2/2: recent, repeat"
15825,2011-06-20 13:27:00,1.0,532.94,220.0,20.0,0.0,0.0,173.0,532.94,532.94,0.0,,0,"Value tier 1/2: less recent, occasional"
15826,2011-10-14 16:05:00,3.0,1654.31,963.0,64.0,1.0,4.95,57.0,1649.36,551.4366666666666,25.0,77.11145833333333,1,"Value tier 2/2: recent, repeat"
15827,2011-09-27 15:35:00,14.0,1836.0900000000001,882.0,72.0,6.0,187.54999999999998,74.0,1648.5400000000002,131.14928571428572,30.0,23.0079594017094,1,"Value tier 2/2: recent, repeat"
15829,2011-09-01 16:45:00,2.0,636.14,996.0,44.0,0.0,0.0,100.0,636.14,318.07,0.0,41.265277777777776,0,"Value tier 1/2: less recent, occasional"
15830,2011-11-02 10:40:00,1.0,576.0,415.0,39.0,1.0,28.3,38.0,547.7,576.0,50.0,,0,"Value tier 1/2: less recent, occasional"
15831,2011-10-12 13:14:00,3.0,794.64,1092.0,63.0,1.0,54.0,59.0,740.64,264.88,25.0,132.9659722222222,0,"Value tier 1/2: less recent, occasional"
15832,2011-03-30 15:29:00,1.0,836.79,465.0,54.0,0.0,0.0,255.0,836.79,836.79,0.0,,0,"Value tier 1/2: less recent, occasional"
15834,2011-09-30 14:41:00,4.0,2222.65,959.0,241.0,2.0,148.85,71.0,2073.8,555.6625,33.33333333333333,68.95578703703704,1,"Value tier 2/2: recent, repeat"
15835,2011-10-26 15:47:00,4.0,954.09,439.0,47.0,0.0,0.0,45.0,954.09,238.5225,0.0,95.40555555555557,1,"Value tier 2/2: recent, repeat"
15836,2011-10-20 17:13:00,1.0,137.37,26.0,10.0,1.0,19.9,51.0,117.47,137.37,50.0,,0,"Value tier 1/2: less recent, occasional"
15837,2011-10-06 09:01:00,1.0,391.98,189.0,24.0,0.0,0.0,65.0,391.98,391.98,0.0,,0,"Value tier 1/2: less recent, occasional"
15838,2011-11-28 14:00:00,19.0,33643.08,18368.0,54.0,1.0,280.8,12.0,33362.28,1770.6884210526316,5.0,19.783719135802468,1,"Value tier 2/2: recent, repeat"
15839,2011-11-06 13:54:00,3.0,1048.49,675.0,56.0,2.0,27.75,34.0,1020.74,349.49666666666667,40.0,57.444097222222226,1,"Value tier 2/2: recent, repeat"
15840,2011-10-12 09:08:00,2.0,355.56,396.0,26.0,1.0,9.9,59.0,345.66,177.78,33.33333333333333,113.89305555555555,0,"Value tier 1/2: less recent, occasional"
15841,2011-09-28 12:15:00,4.0,1224.06,942.0,36.0,2.0,14.959999999999999,73.0,1209.1,306.015,33.33333333333333,88.67824074074075,1,"Value tier 2/2: recent, repeat"
15843,2011-02-09 10:19:00,1.0,118.95000000000002,27.0,8.0,0.0,0.0,304.0,118.95000000000002,118.95000000000002,0.0,,0,"Value tier 1/2: less recent, occasional"
15844,2011-10-24 15:19:00,1.0,130.73999999999998,134.0,11.0,0.0,0.0,47.0,130.73999999999998,130.73999999999998,0.0,,0,"Value tier 1/2: less recent, occasional"
15845,2011-11-22 09:42:00,8.0,3711.77,1926.0,97.0,2.0,60.9,18.0,3650.87,463.97125,20.0,45.66894841269841,1,"Value tier 2/2: recent, repeat"
15847,2011-11-01 14:41:00,2.0,389.27,449.0,22.0,0.0,0.0,39.0,389.27,194.635,0.0,249.91319444444446,0,"Value tier 1/2: less recent, occasional"
15850,2011-11-20 14:14:00,2.0,234.88,298.0,87.0,0.0,0.0,20.0,234.88,117.44,0.0,148.9986111111111,0,"Value tier 1/2: less recent, occasional"
15852,2011-06-06 11:22:00,2.0,160.71,48.0,22.0,0.0,0.0,187.0,160.71,80.355,0.0,10.91388888888889,0,"Value tier 1/2: less recent, occasional"
15853,2011-10-19 10:38:00,1.0,110.8,135.0,29.0,0.0,0.0,52.0,110.8,110.8,0.0,,0,"Value tier 1/2: less recent, occasional"
15854,2011-12-05 13:39:00,12.0,2969.12,926.0,105.0,0.0,0.0,5.0,2969.12,247.42666666666665,0.0,32.46161616161616,1,"Value tier 2/2: recent, repeat"
15855,2011-07-26 10:20:00,5.0,712.24,470.0,59.0,0.0,0.0,137.0,712.24,142.448,0.0,31.727083333333333,0,"Value tier 1/2: less recent, occasional"
15856,2011-12-05 17:09:00,27.0,16142.380000000001,10863.0,294.0,4.0,213.9,5.0,15928.480000000001,597.8659259259259,12.903225806451612,13.890357905982906,1,"Value tier 2/2: recent, repeat"
15857,2011-11-21 12:18:00,1.0,297.0,308.0,14.0,0.0,0.0,19.0,297.0,297.0,0.0,,0,"Value tier 1/2: less recent, occasional"
15858,2011-11-24 12:48:00,5.0,1427.57,1163.0,145.0,0.0,0.0,16.0,1427.57,285.514,0.0,87.98211805555556,1,"Value tier 2/2: recent, repeat"
15860,2011-10-30 11:25:00,8.0,965.16,437.0,105.0,0.0,0.0,41.0,965.16,120.645,0.0,46.855853174603176,1,"Value tier 2/2: recent, repeat"
15861,2011-11-27 15:59:00,8.0,3146.92,2528.0,339.0,1.0,165.0,13.0,2981.92,393.365,11.11111111111111,36.40347222222222,1,"Value tier 2/2: recent, repeat"
15862,2011-12-01 13:28:00,4.0,832.88,585.0,142.0,0.0,0.0,9.0,832.88,208.22,0.0,121.6960648148148,1,"Value tier 2/2: recent, repeat"
15863,2011-11-14 12:49:00,2.0,68.84,19.0,18.0,0.0,0.0,26.0,68.84,34.42,0.0,167.05069444444445,0,"Value tier 1/2: less recent, occasional"
15864,2011-11-17 13:32:00,6.0,1936.3200000000002,1192.0,16.0,2.0,166.54000000000002,23.0,1769.7800000000002,322.72,25.0,58.773472222222225,1,"Value tier 2/2: recent, repeat"
15865,2011-10-30 12:43:00,3.0,895.13,368.0,37.0,0.0,0.0,41.0,895.13,298.37666666666667,0.0,86.52048611111111,0,"Value tier 1/2: less recent, occasional"
15866,2011-08-30 14:09:00,1.0,211.89,124.0,43.0,0.0,0.0,102.0,211.89,211.89,0.0,,0,"Value tier 1/2: less recent, occasional"
15867,2011-12-04 13:32:00,15.0,3803.6,2039.0,301.0,1.0,14.85,6.0,3788.75,253.57333333333332,6.25,25.997767857142858,1,"Value tier 2/2: recent, repeat"
15869,2011-03-07 17:23:00,2.0,149.64,175.0,13.0,0.0,0.0,278.0,149.64,74.82,0.0,0.002777777777777778,0,"Value tier 1/2: less recent, occasional"
15870,2011-11-07 10:58:00,1.0,351.44,333.0,68.0,0.0,0.0,33.0,351.44,351.44,0.0,,0,"Value tier 1/2: less recent, occasional"
15872,2011-11-25 11:55:00,2.0,316.25,187.0,101.0,0.0,0.0,15.0,316.25,158.125,0.0,0.0006944444444444445,0,"Value tier 1/2: less recent, occasional"
15874,2011-10-07 12:31:00,7.0,4405.88,2534.0,110.0,2.0,75.21000000000001,64.0,4330.67,629.4114285714286,22.22222222222222,36.82673611111111,1,"Value tier 2/2: recent, repeat"
15877,2011-12-08 11:53:00,2.0,490.33,368.0,122.0,1.0,52.5,2.0,437.83,245.165,33.33333333333333,16.024305555555557,1,"Value tier 2/2: recent, repeat"
15880,2010-12-05 13:00:00,1.0,329.03000000000003,202.0,95.0,1.0,30.0,370.0,299.03000000000003,329.03000000000003,50.0,,0,"Value tier 1/2: less recent, occasional"
15881,2011-01-31 16:59:00,5.0,501.39000000000004,260.0,26.0,3.0,63.15,313.0,438.24000000000007,100.278,37.5,13.035937500000001,0,"Value tier 1/2: less recent, occasional"
15882,2011-05-25 11:35:00,4.0,514.08,264.0,22.0,1.0,21.0,199.0,493.08000000000004,128.52,20.0,56.646759259259255,0,"Value tier 1/2: less recent, occasional"
15883,2011-12-07 17:05:00,2.0,396.48,223.0,42.0,0.0,0.0,3.0,396.48,198.24,0.0,31.09375,1,"Value tier 2/2: recent, repeat"
15885,2011-09-07 14:56:00,1.0,349.35,109.0,16.0,0.0,0.0,94.0,349.35,349.35,0.0,,0,"Value tier 1/2: less recent, occasional"
15886,2011-10-10 14:25:00,1.0,181.09,147.0,12.0,0.0,0.0,61.0,181.09,181.09,0.0,,0,"Value tier 1/2: less recent, occasional"
15888,2011-09-20 12:30:00,1.0,162.64,67.0,10.0,1.0,27.04,81.0,135.6,162.64,50.0,,0,"Value tier 1/2: less recent, occasional"
15889,2011-07-06 11:10:00,2.0,400.77,200.0,78.0,0.0,0.0,157.0,400.77,200.385,0.0,212.83194444444445,0,"Value tier 1/2: less recent, occasional"
15891,2011-04-27 12:35:00,1.0,509.13,417.0,59.0,0.0,0.0,227.0,509.13,509.13,0.0,,0,"Value tier 1/2: less recent, occasional"
15894,2011-03-31 13:50:00,2.0,257.6,163.0,34.0,0.0,0.0,254.0,257.6,128.8,0.0,115.9888888888889,0,"Value tier 1/2: less recent, occasional"
15895,2011-07-13 10:27:00,1.0,179.17,94.0,11.0,0.0,0.0,150.0,179.17,179.17,0.0,,0,"Value tier 1/2: less recent, occasional"
15897,2011-05-29 13:50:00,2.0,208.59,223.0,17.0,0.0,0.0,195.0,208.59,104.295,0.0,0.0125,0,"Value tier 1/2: less recent, occasional"
15898,2011-12-08 15:23:00,5.0,1383.83,567.0,70.0,1.0,4.2,2.0,1379.6299999999999,276.76599999999996,16.666666666666664,91.79548611111112,1,"Value tier 2/2: recent, repeat"
15899,2010-12-06 10:36:00,1.0,56.25,39.0,4.0,0.0,0.0,369.0,56.25,56.25,0.0,,0,"Value tier 1/2: less recent, occasional"
15900,2011-11-16 12:19:00,1.0,337.28,216.0,44.0,0.0,0.0,24.0,337.28,337.28,0.0,,0,"Value tier 1/2: less recent, occasional"
15901,2011-11-23 12:43:00,3.0,349.75,372.0,101.0,0.0,0.0,17.0,349.75,116.58333333333333,0.0,69.00868055555556,0,"Value tier 1/2: less recent, occasional"
15903,2011-11-30 08:08:00,7.0,5126.76,2410.0,46.0,1.0,0.42,10.0,5126.34,732.3942857142857,12.5,47.625462962962956,1,"Value tier 2/2: recent, repeat"
15904,2011-12-01 14:50:00,1.0,164.68,84.0,30.0,0.0,0.0,9.0,164.68,164.68,0.0,,0,"Value tier 1/2: less recent, occasional"
15906,2011-11-20 12:24:00,7.0,1567.69,544.0,113.0,1.0,45.900000000000006,20.0,1521.79,223.9557142857143,12.5,39.32592592592592,1,"Value tier 2/2: recent, repeat"
15907,2011-12-06 12:21:00,3.0,881.87,477.0,174.0,0.0,0.0,4.0,881.87,293.95666666666665,0.0,103.4861111111111,1,"Value tier 2/2: recent, repeat"
15909,2011-06-19 10:38:00,1.0,191.94,98.0,7.0,0.0,0.0,174.0,191.94,191.94,0.0,,0,"Value tier 1/2: less recent, occasional"
15910,2011-12-09 10:51:00,8.0,1228.88,1013.0,215.0,0.0,0.0,1.0,1228.88,153.61,0.0,45.13650793650794,1,"Value tier 2/2: recent, repeat"
15912,2011-06-14 14:29:00,2.0,264.62,185.0,19.0,0.0,0.0,179.0,264.62,132.31,0.0,54.888194444444444,0,"Value tier 1/2: less recent, occasional"
15916,2011-11-23 13:46:00,8.0,1502.8600000000001,752.0,124.0,2.0,36.85,17.0,1466.0100000000002,187.85750000000002,20.0,50.00386904761905,1,"Value tier 2/2: recent, repeat"
15917,2011-04-06 10:40:00,1.0,123.1,42.0,12.0,0.0,0.0,248.0,123.1,123.1,0.0,,0,"Value tier 1/2: less recent, occasional"
15918,2011-06-02 11:42:00,2.0,334.23,153.0,33.0,0.0,0.0,191.0,334.23,167.115,0.0,80.82430555555555,0,"Value tier 1/2: less recent, occasional"
15919,2011-11-20 11:28:00,2.0,525.69,385.0,103.0,0.0,0.0,20.0,525.69,262.845,0.0,349.00138888888887,0,"Value tier 1/2: less recent, occasional"
15920,2011-07-08 15:25:00,3.0,163.55,94.0,52.0,0.0,0.0,155.0,163.55,54.51666666666667,0.0,0.003125,0,"Value tier 1/2: less recent, occasional"
15921,2011-06-20 11:03:00,1.0,323.03000000000003,162.0,24.0,0.0,0.0,173.0,323.03000000000003,323.03000000000003,0.0,,0,"Value tier 1/2: less recent, occasional"
15922,2010-12-01 13:51:00,1.0,369.5,138.0,11.0,1.0,5.9,374.0,363.6,369.5,50.0,,0,"Value tier 1/2: less recent, occasional"
15923,2010-12-02 12:16:00,1.0,127.08,122.0,21.0,0.0,0.0,373.0,127.08,127.08,0.0,,0,"Value tier 1/2: less recent, occasional"
15925,2011-05-29 15:35:00,1.0,207.15,93.0,12.0,0.0,0.0,195.0,207.15,207.15,0.0,,0,"Value tier 1/2: less recent, occasional"
15930,2011-10-03 14:52:00,1.0,426.63,139.0,21.0,0.0,0.0,68.0,426.63,426.63,0.0,,0,"Value tier 1/2: less recent, occasional"
15932,2011-12-05 17:13:00,8.0,2495.87,2325.0,93.0,3.0,34.019999999999996,5.0,2461.85,311.98375,27.27272727272727,40.72847222222223,1,"Value tier 2/2: recent, repeat"
15933,2011-11-18 13:14:00,3.0,1107.46,885.0,63.0,0.0,0.0,22.0,1107.46,369.15333333333336,0.0,32.52395833333333,1,"Value tier 2/2: recent, repeat"
15935,2011-04-14 13:27:00,1.0,108.03999999999999,114.0,11.0,0.0,0.0,240.0,108.03999999999999,108.03999999999999,0.0,,0,"Value tier 1/2: less recent, occasional"
15937,2011-10-06 15:48:00,1.0,145.35,73.0,7.0,0.0,0.0,65.0,145.35,145.35,0.0,,0,"Value tier 1/2: less recent, occasional"
15938,2011-08-19 12:56:00,5.0,404.58,240.0,13.0,0.0,0.0,113.0,404.58,80.916,0.0,52.778645833333336,0,"Value tier 1/2: less recent, occasional"
15939,2011-09-11 11:30:00,14.0,6100.01,4727.0,27.0,1.0,12.75,90.0,6087.26,435.71500000000003,6.666666666666667,18.611485042735044,1,"Value tier 2/2: recent, repeat"
15940,2011-02-01 16:18:00,1.0,35.8,4.0,1.0,0.0,0.0,312.0,35.8,35.8,0.0,,0,"Value tier 1/2: less recent, occasional"
15942,2011-07-29 09:01:00,1.0,337.44,232.0,14.0,0.0,0.0,134.0,337.44,337.44,0.0,,0,"Value tier 1/2: less recent, occasional"
15944,2011-03-08 10:33:00,1.0,325.1,50.0,6.0,0.0,0.0,277.0,325.1,325.1,0.0,,0,"Value tier 1/2: less recent, occasional"
15945,2010-12-09 13:14:00,1.0,181.0,52.0,2.0,0.0,0.0,366.0,181.0,181.0,0.0,,0,"Value tier 1/2: less recent, occasional"
15947,2011-09-18 10:46:00,1.0,1708.24,898.0,29.0,0.0,0.0,83.0,1708.24,1708.24,0.0,,0,"Value tier 1/2: less recent, occasional"
15948,2011-12-01 15:32:00,2.0,955.24,567.0,51.0,0.0,0.0,9.0,955.24,477.62,0.0,35.28958333333333,1,"Value tier 2/2: recent, repeat"
15949,2011-11-23 09:09:00,2.0,364.72,284.0,12.0,0.0,0.0,17.0,364.72,182.36,0.0,54.64930555555556,0,"Value tier 1/2: less recent, occasional"
15950,2011-11-08 11:09:00,4.0,1744.71,719.0,86.0,1.0,60.25,32.0,1684.46,436.1775,20.0,109.32245370370372,1,"Value tier 2/2: recent, repeat"
15951,2011-12-01 08:34:00,2.0,708.22,313.0,36.0,1.0,38.650000000000006,9.0,669.57,354.11,33.33333333333333,276.8590277777778,1,"Value tier 2/2: recent, repeat"
15952,2011-11-06 11:18:00,4.0,781.91,391.0,65.0,0.0,0.0,34.0,781.91,195.4775,0.0,63.97754629629629,1,"Value tier 2/2: recent, repeat"
15953,2011-11-24 15:32:00,8.0,1657.28,891.0,63.0,2.0,24.849999999999998,16.0,1632.43,207.16,20.0,50.57311507936508,1,"Value tier 2/2: recent, repeat"
15955,2011-11-15 14:15:00,14.0,4416.26,2135.0,137.0,2.0,26.45,25.0,4389.81,315.44714285714286,12.5,26.77847222222222,1,"Value tier 2/2: recent, repeat"
15957,2011-11-08 12:14:00,1.0,428.89,211.0,40.0,0.0,0.0,32.0,428.89,428.89,0.0,,0,"Value tier 1/2: less recent, occasional"
15958,2011-09-26 13:41:00,1.0,104.35,33.0,7.0,0.0,0.0,75.0,104.35,104.35,0.0,,0,"Value tier 1/2: less recent, occasional"
15963,2011-11-20 11:33:00,2.0,470.76,298.0,26.0,0.0,0.0,20.0,470.76,235.38,0.0,25.93611111111111,0,"Value tier 1/2: less recent, occasional"
15965,2011-11-22 16:44:00,4.0,808.87,434.0,88.0,0.0,0.0,18.0,808.87,202.2175,0.0,116.71435185185186,1,"Value tier 2/2: recent, repeat"
15967,2011-11-16 15:41:00,2.0,397.68,205.0,73.0,0.0,0.0,24.0,397.68,198.84,0.0,295.15555555555557,0,"Value tier 1/2: less recent, occasional"
15969,2011-12-07 11:06:00,3.0,666.1,124.0,20.0,1.0,83.2,3.0,582.9,222.03333333333333,25.0,91.47465277777778,1,"Value tier 2/2: recent, repeat"
15970,2011-02-09 12:08:00,1.0,314.1,116.0,11.0,0.0,0.0,304.0,314.1,314.1,0.0,,0,"Value tier 1/2: less recent, occasional"
15971,2011-11-22 12:50:00,12.0,4194.9,1716.0,9.0,0.0,0.0,18.0,4194.9,349.575,0.0,26.71231060606061,1,"Value tier 2/2: recent, repeat"
15973,2010-12-08 11:42:00,1.0,307.82000000000005,106.0,4.0,2.0,208.04999999999998,367.0,99.77000000000007,307.82000000000005,66.66666666666666,,0,"Value tier 1/2: less recent, occasional"
15974,2011-10-31 13:13:00,7.0,3442.15,2262.0,141.0,1.0,12.600000000000001,40.0,3429.55,491.7357142857143,12.5,41.52118055555555,1,"Value tier 2/2: recent, repeat"
15975,2011-09-16 13:33:00,1.0,371.01,243.0,24.0,0.0,0.0,85.0,371.01,371.01,0.0,,0,"Value tier 1/2: less recent, occasional"
15976,2011-06-27 13:00:00,2.0,427.64,275.0,83.0,0.0,0.0,166.0,427.64,213.82,0.0,54.825,0,"Value tier 1/2: less recent, occasional"
15977,2011-11-22 13:29:00,2.0,1054.73,1016.0,48.0,0.0,0.0,18.0,1054.73,527.365,0.0,21.87847222222222,1,"Value tier 2/2: recent, repeat"
15978,2011-09-23 15:21:00,1.0,1098.78,888.0,49.0,0.0,0.0,78.0,1098.78,1098.78,0.0,,0,"Value tier 1/2: less recent, occasional"
15980,2011-09-12 09:41:00,3.0,2398.86,1560.0,40.0,0.0,0.0,89.0,2398.86,799.62,0.0,82.8875,1,"Value tier 2/2: recent, repeat"
15981,2011-11-15 08:00:00,8.0,3408.48,1866.0,53.0,0.0,0.0,25.0,3408.48,426.06,0.0,40.96527777777778,1,"Value tier 2/2: recent, repeat"
15983,2011-11-17 17:34:00,4.0,1465.12,886.0,82.0,0.0,0.0,23.0,1465.12,366.28,0.0,117.0738425925926,1,"Value tier 2/2: recent, repeat"
15984,2011-12-07 12:16:00,10.0,2780.63,1815.0,217.0,1.0,20.700000000000003,3.0,2759.9300000000003,278.063,9.090909090909092,40.6616512345679,1,"Value tier 2/2: recent, repeat"
15985,2011-08-08 16:31:00,2.0,1142.42,1086.0,29.0,1.0,105.0,124.0,1037.42,571.21,33.33333333333333,113.22708333333334,0,"Value tier 1/2: less recent, occasional"
15986,2011-11-09 15:17:00,1.0,168.12,268.0,14.0,0.0,0.0,31.0,168.12,168.12,0.0,,0,"Value tier 1/2: less recent, occasional"
15987,2011-11-27 15:38:00,7.0,1432.77,1533.0,110.0,0.0,0.0,13.0,1432.77,204.68142857142857,0.0,59.382407407407406,1,"Value tier 2/2: recent, repeat"
15988,2011-11-20 13:23:00,1.0,156.78,180.0,26.0,0.0,0.0,20.0,156.78,156.78,0.0,,0,"Value tier 1/2: less recent, occasional"
15990,2011-10-26 15:58:00,2.0,792.11,443.0,52.0,0.0,0.0,45.0,792.11,396.055,0.0,243.01597222222222,0,"Value tier 1/2: less recent, occasional"
15992,2011-12-06 11:00:00,1.0,41.989999999999995,17.0,3.0,0.0,0.0,4.0,41.989999999999995,41.989999999999995,0.0,,0,"Value tier 1/2: less recent, occasional"
15993,2011-12-01 10:45:00,7.0,2768.97,2031.0,334.0,3.0,40.75,9.0,2728.22,395.5671428571428,30.0,5.961111111111111,1,"Value tier 2/2: recent, repeat"
15994,2011-10-16 12:28:00,1.0,414.27,173.0,31.0,0.0,0.0,55.0,414.27,414.27,0.0,,0,"Value tier 1/2: less recent, occasional"
15996,2011-09-12 15:14:00,6.0,1032.58,380.0,103.0,1.0,15.9,89.0,1016.68,172.09666666666666,14.285714285714285,55.59375,1,"Value tier 2/2: recent, repeat"
15998,2011-11-03 12:45:00,5.0,3080.22,2032.0,370.0,1.0,5.799999999999999,37.0,3074.4199999999996,616.044,16.666666666666664,81.49184027777778,1,"Value tier 2/2: recent, repeat"
16000,2011-12-07 12:17:00,3.0,12393.7,5110.0,9.0,0.0,0.0,3.0,12393.7,4131.233333333334,0.0,0.0010416666666666667,1,"Value tier 2/2: recent, repeat"
16003,2011-11-10 09:57:00,5.0,2735.37,1185.0,82.0,0.0,0.0,30.0,2735.37,547.074,0.0,82.47708333333333,1,"Value tier 2/2: recent, repeat"
16005,2011-11-27 13:47:00,4.0,578.71,280.0,173.0,0.0,0.0,13.0,578.71,144.6775,0.0,86.02800925925926,1,"Value tier 2/2: recent, repeat"
16006,2011-05-12 13:12:00,1.0,101.4,84.0,8.0,0.0,0.0,212.0,101.4,101.4,0.0,,0,"Value tier 1/2: less recent, occasional"
16007,2011-10-23 11:05:00,4.0,1693.81,1388.0,221.0,0.0,0.0,48.0,1693.81,423.4525,0.0,55.96597222222223,1,"Value tier 2/2: recent, repeat"
16008,2011-11-16 10:32:00,3.0,478.78,323.0,29.0,0.0,0.0,24.0,478.78,159.59333333333333,0.0,90.49236111111111,0,"Value tier 1/2: less recent, occasional"
16009,2011-11-17 16:51:00,4.0,972.11,366.0,68.0,0.0,0.0,23.0,972.11,243.0275,0.0,45.74189814814815,1,"Value tier 2/2: recent, repeat"
16010,2011-04-08 10:14:00,3.0,392.4,202.0,62.0,0.0,0.0,246.0,392.4,130.79999999999998,0.0,58.456944444444446,0,"Value tier 1/2: less recent, occasional"
16011,2011-12-01 16:31:00,16.0,3352.96,2035.0,99.0,0.0,0.0,9.0,3352.96,209.56,0.0,23.86652777777778,1,"Value tier 2/2: recent, repeat"
16012,2011-11-04 13:25:00,3.0,1415.29,799.0,87.0,0.0,0.0,36.0,1415.29,471.7633333333333,0.0,59.903819444444444,1,"Value tier 2/2: recent, repeat"
16013,2011-12-06 10:36:00,47.0,37130.6,15536.0,30.0,5.0,3677.1499999999996,4.0,33453.45,790.0127659574467,9.615384615384617,7.9976902173913045,1,"Value tier 2/2: recent, repeat"
16014,2011-11-02 12:04:00,3.0,646.83,258.0,123.0,1.0,9.25,38.0,637.58,215.61,25.0,126.88263888888889,0,"Value tier 1/2: less recent, occasional"
16015,2011-12-06 10:58:00,3.0,704.26,906.0,145.0,1.0,14.850000000000001,4.0,689.41,234.75333333333333,25.0,22.959027777777777,1,"Value tier 2/2: recent, repeat"
16016,2011-12-06 14:35:00,8.0,1465.51,602.0,156.0,2.0,25.45,4.0,1440.06,183.18875,20.0,51.86894841269841,1,"Value tier 2/2: recent, repeat"
16017,2011-10-23 12:56:00,1.0,211.88,102.0,26.0,0.0,0.0,48.0,211.88,211.88,0.0,,0,"Value tier 1/2: less recent, occasional"
16018,2011-10-31 14:13:00,2.0,408.90000000000003,190.0,26.0,0.0,0.0,40.0,408.90000000000003,204.45000000000002,0.0,141.01458333333332,0,"Value tier 1/2: less recent, occasional"
16019,2011-10-24 11:51:00,9.0,3786.2400000000002,1733.0,133.0,1.0,336.0,47.0,3450.2400000000002,420.6933333333334,10.0,39.74670138888889,1,"Value tier 2/2: recent, repeat"
16020,2011-11-23 11:18:00,3.0,851.01,487.0,42.0,0.0,0.0,17.0,851.01,283.67,0.0,24.445833333333333,1,"Value tier 2/2: recent, repeat"
16022,2011-03-24 13:16:00,1.0,602.63,255.0,68.0,0.0,0.0,261.0,602.63,602.63,0.0,,0,"Value tier 1/2: less recent, occasional"
16023,2011-10-24 16:34:00,3.0,719.81,358.0,90.0,0.0,0.0,47.0,719.81,239.93666666666664,0.0,110.06319444444443,0,"Value tier 1/2: less recent, occasional"
16024,2011-11-27 13:26:00,1.0,245.75,377.0,60.0,0.0,0.0,13.0,245.75,245.75,0.0,,0,"Value tier 1/2: less recent, occasional"
16025,2011-11-10 11:45:00,1.0,439.65999999999997,338.0,28.0,0.0,0.0,30.0,439.65999999999997,439.65999999999997,0.0,,0,"Value tier 1/2: less recent, occasional"
16026,2011-10-27 13:53:00,1.0,236.09,243.0,30.0,0.0,0.0,44.0,236.09,236.09,0.0,,0,"Value tier 1/2: less recent, occasional"
16027,2011-09-09 10:47:00,6.0,934.62,1147.0,11.0,0.0,0.0,92.0,934.62,155.77,0.0,42.18722222222222,1,"Value tier 2/2: recent, repeat"
16029,2011-11-01 10:27:00,62.0,72708.09,40107.0,43.0,4.0,12338.16,39.0,60369.92999999999,1172.711129032258,6.0606060606060606,5.492144808743169,1,"Value tier 2/2: recent, repeat"
16030,2011-02-03 11:28:00,1.0,331.24,283.0,28.0,0.0,0.0,310.0,331.24,331.24,0.0,,0,"Value tier 1/2: less recent, occasional"
16031,2011-09-08 13:07:00,2.0,547.9,421.0,91.0,0.0,0.0,93.0,547.9,273.95,0.0,154.94722222222222,0,"Value tier 1/2: less recent, occasional"
16033,2011-12-04 12:44:00,20.0,8778.82,3529.0,538.0,7.0,88.79000000000002,6.0,8690.029999999999,438.941,25.925925925925924,19.162573099415205,1,"Value tier 2/2: recent, repeat"
16034,2011-05-27 16:17:00,3.0,437.7,242.0,18.0,0.0,0.0,197.0,437.7,145.9,0.0,68.09131944444444,0,"Value tier 1/2: less recent, occasional"
16036,2011-09-13 14:53:00,2.0,758.92,716.0,55.0,0.0,0.0,88.0,758.92,379.46,0.0,176.07777777777778,0,"Value tier 1/2: less recent, occasional"
16037,2011-03-15 09:13:00,3.0,855.02,428.0,37.0,0.0,0.0,270.0,855.02,285.00666666666666,0.0,44.47743055555556,0,"Value tier 1/2: less recent, occasional"
16038,2011-12-02 12:40:00,3.0,471.78000000000003,244.0,24.0,1.0,17.45,8.0,454.33000000000004,157.26000000000002,25.0,97.02465277777777,1,"Value tier 2/2: recent, repeat"
16040,2011-10-05 13:47:00,3.0,1313.55,684.0,57.0,0.0,0.0,66.0,1313.55,437.84999999999997,0.0,101.5795138888889,0,"Value tier 1/2: less recent, occasional"
16041,2011-11-09 12:25:00,3.0,3166.4,1584.0,6.0,0.0,0.0,31.0,3166.4,1055.4666666666667,0.0,55.41597222222222,1,"Value tier 2/2: recent, repeat"
16042,2011-11-17 17:50:00,5.0,1177.47,743.0,68.0,2.0,49.900000000000006,23.0,1127.57,235.494,28.57142857142857,77.54600694444444,1,"Value tier 2/2: recent, repeat"
16043,2011-11-02 12:50:00,4.0,773.99,503.0,30.0,0.0,0.0,38.0,773.99,193.4975,0.0,93.35555555555555,1,"Value tier 2/2: recent, repeat"
16045,2011-08-12 12:41:00,4.0,1340.7,897.0,71.0,0.0,0.0,120.0,1340.7,335.175,0.0,56.96898148148148,0,"Value tier 1/2: less recent, occasional"
16048,2010-12-01 15:28:00,2.0,256.44,144.0,8.0,1.0,12.75,374.0,243.69,128.22,33.33333333333333,0.0006944444444444445,0,"Value tier 1/2: less recent, occasional"
16049,2011-10-30 13:19:00,3.0,1074.81,763.0,248.0,0.0,0.0,41.0,1074.81,358.27,0.0,17.474305555555556,0,"Value tier 1/2: less recent, occasional"
16050,2011-06-19 11:44:00,1.0,137.9,278.0,10.0,0.0,0.0,174.0,137.9,137.9,0.0,,0,"Value tier 1/2: less recent, occasional"
16052,2011-10-16 15:13:00,1.0,362.06,282.0,34.0,0.0,0.0,55.0,362.06,362.06,0.0,,0,"Value tier 1/2: less recent, occasional"
16053,2011-11-07 11:21:00,2.0,1511.95,1793.0,81.0,0.0,0.0,33.0,1511.95,755.975,0.0,89.85,0,"Value tier 1/2: less recent, occasional"
16054,2011-07-17 13:08:00,1.0,783.9,380.0,70.0,0.0,0.0,146.0,783.9,783.9,0.0,,0,"Value tier 1/2: less recent, occasional"
16055,2011-05-03 09:26:00,1.0,134.8,22.0,8.0,0.0,0.0,221.0,134.8,134.8,0.0,,0,"Value tier 1/2: less recent, occasional"
16056,2011-10-25 15:19:00,1.0,650.75,345.0,66.0,0.0,0.0,46.0,650.75,650.75,0.0,,0,"Value tier 1/2: less recent, occasional"
16057,2011-11-23 15:23:00,7.0,2263.12,863.0,109.0,3.0,122.89999999999999,17.0,2140.22,323.30285714285714,30.0,44.699999999999996,1,"Value tier 2/2: recent, repeat"
16059,2011-10-05 09:56:00,6.0,1453.16,641.0,126.0,0.0,0.0,66.0,1453.16,242.19333333333336,0.0,60.394444444444446,1,"Value tier 2/2: recent, repeat"
16062,2011-11-30 12:15:00,4.0,1153.62,800.0,50.0,0.0,0.0,10.0,1153.62,288.405,0.0,118.33680555555556,1,"Value tier 2/2: recent, repeat"
16063,2011-03-24 14:56:00,1.0,335.32,262.0,23.0,0.0,0.0,261.0,335.32,335.32,0.0,,0,"Value tier 1/2: less recent, occasional"
16065,2010-12-09 13:03:00,1.0,367.14,228.0,71.0,0.0,0.0,366.0,367.14,367.14,0.0,,0,"Value tier 1/2: less recent, occasional"
16066,2011-11-23 11:54:00,5.0,1521.04,935.0,77.0,0.0,0.0,17.0,1521.04,304.20799999999997,0.0,26.972395833333334,1,"Value tier 2/2: recent, repeat"
16070,2011-11-17 15:50:00,2.0,852.15,457.0,32.0,0.0,0.0,23.0,852.15,426.075,0.0,9.968055555555555,0,"Value tier 1/2: less recent, occasional"
16071,2011-10-26 11:14:00,1.0,326.24,180.0,21.0,0.0,0.0,45.0,326.24,326.24,0.0,,0,"Value tier 1/2: less recent, occasional"
16072,2011-02-24 14:32:00,1.0,584.3199999999999,140.0,23.0,0.0,0.0,289.0,584.3199999999999,584.3199999999999,0.0,,0,"Value tier 1/2: less recent, occasional"
16073,2011-02-15 15:41:00,1.0,122.39999999999999,48.0,1.0,1.0,28.049999999999997,298.0,94.35,122.39999999999999,50.0,,0,"Value tier 1/2: less recent, occasional"
16076,2011-12-06 14:59:00,10.0,2234.73,1435.0,71.0,1.0,61.199999999999996,4.0,2173.53,223.473,9.090909090909092,22.7891975308642,1,"Value tier 2/2: recent, repeat"
16078,2011-03-01 09:47:00,1.0,79.2,16.0,1.0,0.0,0.0,284.0,79.2,79.2,0.0,,0,"Value tier 1/2: less recent, occasional"
16079,2011-11-23 12:48:00,3.0,1352.0,864.0,18.0,0.0,0.0,17.0,1352.0,450.6666666666667,0.0,11.99375,1,"Value tier 2/2: recent, repeat"
16080,2011-09-19 10:42:00,2.0,217.16,128.0,10.0,1.0,40.56,82.0,176.6,108.58,33.33333333333333,192.83194444444445,0,"Value tier 1/2: less recent, occasional"
16081,2011-10-14 13:06:00,5.0,2799.42,1473.0,175.0,0.0,0.0,57.0,2799.42,559.884,0.0,77.51909722222221,1,"Value tier 2/2: recent, repeat"
16083,2011-08-31 10:47:00,2.0,1317.62,908.0,31.0,0.0,0.0,101.0,1317.62,658.81,0.0,259.9555555555556,0,"Value tier 1/2: less recent, occasional"
16084,2011-02-13 16:05:00,1.0,436.18,216.0,38.0,0.0,0.0,300.0,436.18,436.18,0.0,,0,"Value tier 1/2: less recent, occasional"
16085,2011-11-16 13:24:00,5.0,981.51,636.0,123.0,0.0,0.0,24.0,981.51,196.302,0.0,74.26336805555556,1,"Value tier 2/2: recent, repeat"
16086,2011-10-11 13:09:00,5.0,1121.39,511.0,24.0,1.0,2.08,60.0,1119.3100000000002,224.27800000000002,16.666666666666664,76.99375,1,"Value tier 2/2: recent, repeat"
16091,2011-07-08 08:45:00,2.0,315.06,154.0,16.0,0.0,0.0,155.0,315.06,157.53,0.0,43.97708333333333,0,"Value tier 1/2: less recent, occasional"
16092,2011-08-17 10:46:00,3.0,817.86,628.0,37.0,2.0,38.5,115.0,779.36,272.62,40.0,69.89861111111111,0,"Value tier 1/2: less recent, occasional"
16093,2011-08-25 11:09:00,1.0,17.0,20.0,1.0,0.0,0.0,107.0,17.0,17.0,0.0,,0,"Value tier 1/2: less recent, occasional"
16094,2011-11-28 12:45:00,4.0,1078.23,647.0,48.0,2.0,36.4,12.0,1041.83,269.5575,33.33333333333333,69.31666666666666,1,"Value tier 2/2: recent, repeat"
16096,2011-03-20 13:38:00,1.0,320.62,155.0,12.0,0.0,0.0,265.0,320.62,320.62,0.0,,0,"Value tier 1/2: less recent, occasional"
16097,2011-04-13 13:47:00,1.0,185.04999999999998,87.0,10.0,0.0,0.0,241.0,185.04999999999998,185.04999999999998,0.0,,0,"Value tier 1/2: less recent, occasional"
16098,2011-09-13 09:59:00,7.0,2005.63,613.0,34.0,0.0,0.0,88.0,2005.63,286.5185714285714,0.0,47.66828703703703,1,"Value tier 2/2: recent, repeat"
16099,2011-10-20 13:13:00,3.0,731.9,434.0,29.0,0.0,0.0,51.0,731.9,243.96666666666667,0.0,87.596875,0,"Value tier 1/2: less recent, occasional"
16101,2011-09-30 10:18:00,1.0,1290.7,757.0,76.0,2.0,44.74,71.0,1245.96,1290.7,66.66666666666666,,0,"Value tier 1/2: less recent, occasional"
16102,2011-10-28 13:19:00,3.0,1842.14,942.0,41.0,0.0,0.0,43.0,1842.14,614.0466666666667,0.0,43.01006944444445,1,"Value tier 2/2: recent, repeat"
16103,2011-12-02 14:16:00,6.0,1429.64,558.0,30.0,0.0,0.0,8.0,1429.64,238.27333333333334,0.0,45.214999999999996,1,"Value tier 2/2: recent, repeat"
16104,2011-10-09 10:23:00,1.0,298.21,122.0,28.0,0.0,0.0,62.0,298.21,298.21,0.0,,0,"Value tier 1/2: less recent, occasional"
16105,2011-04-05 10:13:00,1.0,336.96,330.0,13.0,0.0,0.0,249.0,336.96,336.96,0.0,,0,"Value tier 1/2: less recent, occasional"
16106,2011-10-05 10:37:00,1.0,108.38,74.0,6.0,0.0,0.0,66.0,108.38,108.38,0.0,,0,"Value tier 1/2: less recent, occasional"
16107,2011-11-22 09:40:00,7.0,3204.1600000000003,1176.0,16.0,0.0,0.0,18.0,3204.1600000000003,457.7371428571429,0.0,27.603935185185183,1,"Value tier 2/2: recent, repeat"
16108,2011-09-16 11:48:00,1.0,842.5,615.0,48.0,1.0,26.4,85.0,816.1,842.5,50.0,,0,"Value tier 1/2: less recent, occasional"
16109,2011-05-05 09:17:00,2.0,611.88,612.0,18.0,0.0,0.0,219.0,611.88,305.94,0.0,89.86111111111111,0,"Value tier 1/2: less recent, occasional"
16110,2011-10-25 14:35:00,3.0,1320.95,720.0,283.0,0.0,0.0,46.0,1320.95,440.31666666666666,0.0,133.01180555555555,1,"Value tier 2/2: recent, repeat"
16112,2011-07-19 14:28:00,4.0,195.73999999999998,574.0,15.0,0.0,0.0,144.0,195.73999999999998,48.934999999999995,0.0,65.03726851851852,0,"Value tier 1/2: less recent, occasional"
16113,2011-06-09 16:16:00,1.0,161.38,176.0,30.0,0.0,0.0,184.0,161.38,161.38,0.0,,0,"Value tier 1/2: less recent, occasional"
16114,2011-06-22 10:13:00,1.0,135.75000000000003,43.0,8.0,0.0,0.0,171.0,135.75000000000003,135.75000000000003,0.0,,0,"Value tier 1/2: less recent, occasional"
16115,2011-11-30 11:32:00,8.0,1660.8799999999999,994.0,169.0,0.0,0.0,10.0,1660.8799999999999,207.60999999999999,0.0,40.42440476190477,1,"Value tier 2/2: recent, repeat"
16116,2011-05-12 12:01:00,1.0,612.78,248.0,34.0,1.0,19.9,212.0,592.88,612.78,50.0,,0,"Value tier 1/2: less recent, occasional"
16117,2011-06-03 11:42:00,1.0,232.21,130.0,30.0,0.0,0.0,190.0,232.21,232.21,0.0,,0,"Value tier 1/2: less recent, occasional"
16119,2011-12-01 15:11:00,2.0,423.36,240.0,14.0,0.0,0.0,9.0,423.36,211.68,0.0,64.20555555555555,0,"Value tier 1/2: less recent, occasional"
16120,2011-10-11 14:22:00,4.0,1309.14,878.0,26.0,1.0,15.0,60.0,1294.14,327.285,20.0,0.002777777777777778,1,"Value tier 2/2: recent, repeat"
16121,2011-10-13 12:59:00,2.0,854.66,576.0,170.0,0.0,0.0,58.0,854.66,427.33,0.0,158.04652777777778,0,"Value tier 1/2: less recent, occasional"
16122,2011-09-27 15:34:00,4.0,684.4200000000001,1128.0,26.0,0.0,0.0,74.0,684.4200000000001,171.10500000000002,0.0,97.72060185185187,0,"Value tier 1/2: less recent, occasional"
16123,2011-10-19 09:18:00,1.0,307.78,170.0,16.0,0.0,0.0,52.0,307.78,307.78,0.0,,0,"Value tier 1/2: less recent, occasional"
16124,2011-01-26 14:45:00,1.0,249.0,48.0,11.0,1.0,61.849999999999994,318.0,187.15,249.0,50.0,,0,"Value tier 1/2: less recent, occasional"
16125,2010-12-07 15:48:00,1.0,289.35,124.0,13.0,0.0,0.0,368.0,289.35,289.35,0.0,,0,"Value tier 1/2: less recent, occasional"
16126,2011-11-10 16:03:00,4.0,6287.77,2125.0,57.0,0.0,0.0,30.0,6287.77,1571.9425,0.0,89.06597222222223,1,"Value tier 2/2: recent, repeat"
16127,2011-10-31 13:58:00,1.0,656.25,323.0,40.0,0.0,0.0,40.0,656.25,656.25,0.0,,0,"Value tier 1/2: less recent, occasional"
16128,2011-11-22 11:14:00,5.0,1880.22,988.0,76.0,0.0,0.0,18.0,1880.22,376.044,0.0,66.23836805555555,1,"Value tier 2/2: recent, repeat"
16131,2011-10-19 11:53:00,6.0,3506.54,1802.0,55.0,0.0,0.0,52.0,3506.54,584.4233333333333,0.0,37.62791666666667,1,"Value tier 2/2: recent, repeat"
16133,2011-12-06 11:24:00,33.0,14589.04,8887.0,219.0,13.0,283.38,4.0,14305.660000000002,442.09212121212124,28.26086956521739,9.837868923611111,1,"Value tier 2/2: recent, repeat"
16134,2011-11-18 10:05:00,2.0,618.09,371.0,34.0,1.0,14.399999999999999,22.0,603.69,309.045,33.33333333333333,337.83680555555554,0,"Value tier 1/2: less recent, occasional"
16135,2011-03-22 12:30:00,1.0,517.55,209.0,21.0,0.0,0.0,263.0,517.55,517.55,0.0,,0,"Value tier 1/2: less recent, occasional"
16136,2011-10-11 09:10:00,3.0,709.38,440.0,35.0,0.0,0.0,60.0,709.38,236.46,0.0,108.98541666666668,0,"Value tier 1/2: less recent, occasional"
16139,2011-11-21 08:37:00,3.0,635.41,330.0,25.0,0.0,0.0,19.0,635.41,211.8033333333333,0.0,93.96319444444444,1,"Value tier 2/2: recent, repeat"
16140,2011-10-05 12:15:00,2.0,725.18,730.0,32.0,1.0,17.0,66.0,708.18,362.59,33.33333333333333,305.89930555555554,0,"Value tier 1/2: less recent, occasional"
16141,2011-09-12 13:11:00,1.0,620.4,238.0,30.0,0.0,0.0,89.0,620.4,620.4,0.0,,0,"Value tier 1/2: less recent, occasional"
16142,2011-04-04 10:16:00,1.0,535.34,422.0,37.0,0.0,0.0,250.0,535.34,535.34,0.0,,0,"Value tier 1/2: less recent, occasional"
16143,2011-12-06 14:13:00,6.0,2424.94,919.0,75.0,1.0,5.1,4.0,2419.84,404.1566666666667,14.285714285714285,73.19097222222221,1,"Value tier 2/2: recent, repeat"
16144,2011-04-07 10:09:00,1.0,175.2,16.0,1.0,0.0,0.0,247.0,175.2,175.2,0.0,,0,"Value tier 1/2: less recent, occasional"
16145,2011-12-01 10:33:00,11.0,3799.4900000000002,3123.0,134.0,7.0,57.51,9.0,3741.98,345.40818181818184,38.88888888888889,35.10583333333334,1,"Value tier 2/2: recent, repeat"
16146,2011-07-05 14:20:00,3.0,734.13,427.0,26.0,0.0,0.0,158.0,734.13,244.71,0.0,37.47743055555556,0,"Value tier 1/2: less recent, occasional"
16147,2011-07-29 09:57:00,1.0,375.0,246.0,22.0,0.0,0.0,134.0,375.0,375.0,0.0,,0,"Value tier 1/2: less recent, occasional"
16148,2011-02-16 14:01:00,1.0,76.32000000000001,72.0,1.0,0.0,0.0,297.0,76.32000000000001,76.32000000000001,0.0,,0,"Value tier 1/2: less recent, occasional"
16149,2011-12-05 11:29:00,2.0,280.52,308.0,18.0,0.0,0.0,5.0,280.52,140.26,0.0,137.85763888888889,0,"Value tier 1/2: less recent, occasional"
16150,2011-10-28 12:39:00,5.0,2053.02,1047.0,91.0,5.0,146.95,43.0,1906.07,410.604,50.0,82.43958333333333,1,"Value tier 2/2: recent, repeat"
16152,2011-03-16 09:47:00,1.0,1829.04,642.0,29.0,0.0,0.0,269.0,1829.04,1829.04,0.0,,0,"Value tier 1/2: less recent, occasional"
16153,2011-10-21 10:50:00,5.0,1824.23,1073.0,78.0,0.0,0.0,50.0,1824.23,364.846,0.0,76.26527777777778,1,"Value tier 2/2: recent, repeat"
16156,2011-12-01 12:42:00,9.0,3092.04,1273.0,108.0,4.0,89.79999999999998,9.0,3002.24,343.56,30.76923076923077,37.75347222222222,1,"Value tier 2/2: recent, repeat"
16157,2011-11-24 11:41:00,3.0,656.69,347.0,12.0,1.0,12.450000000000001,16.0,644.24,218.89666666666668,25.0,28.497569444444444,1,"Value tier 2/2: recent, repeat"
16159,2011-03-03 12:27:00,1.0,348.2,236.0,14.0,0.0,0.0,282.0,348.2,348.2,0.0,,0,"Value tier 1/2: less recent, occasional"
16160,2011-10-05 14:19:00,2.0,1025.44,1162.0,20.0,2.0,15.99,66.0,1009.45,512.72,50.0,20.143055555555556,0,"Value tier 1/2: less recent, occasional"
16161,2011-12-08 12:10:00,19.0,5533.67,2583.0,286.0,6.0,178.84,2.0,5354.83,291.2457894736842,24.0,20.393788580246916,1,"Value tier 2/2: recent, repeat"
16162,2011-04-01 15:03:00,1.0,37.4,4.0,2.0,0.0,0.0,253.0,37.4,37.4,0.0,,0,"Value tier 1/2: less recent, occasional"
16163,2011-04-21 15:15:00,2.0,856.6,192.0,5.0,1.0,415.00000000000006,233.0,441.59999999999997,428.3,33.33333333333333,132.94930555555555,0,"Value tier 1/2: less recent, occasional"
16164,2011-11-22 15:04:00,3.0,822.48,433.0,27.0,1.0,19.95,18.0,802.53,274.16,25.0,12.622222222222222,1,"Value tier 2/2: recent, repeat"
16168,2011-11-29 12:45:00,27.0,3787.6,1892.0,57.0,1.0,17.0,11.0,3770.6,140.28148148148148,3.571428571428571,13.809481837606837,1,"Value tier 2/2: recent, repeat"
16169,2011-12-01 15:28:00,4.0,1822.97,1325.0,71.0,0.0,0.0,9.0,1822.97,455.7425,0.0,22.38773148148148,1,"Value tier 2/2: recent, repeat"
16170,2011-10-20 08:21:00,6.0,1885.05,1770.0,106.0,1.0,4.63,51.0,1880.4199999999998,314.175,14.285714285714285,39.555416666666666,1,"Value tier 2/2: recent, repeat"
16171,2011-10-11 14:51:00,1.0,73.2,24.0,3.0,0.0,0.0,60.0,73.2,73.2,0.0,,0,"Value tier 1/2: less recent, occasional"
16172,2011-09-05 13:22:00,5.0,1140.21,787.0,52.0,0.0,0.0,96.0,1140.21,228.042,0.0,36.513888888888886,1,"Value tier 2/2: recent, repeat"
16173,2011-11-24 10:53:00,6.0,1418.32,575.0,70.0,1.0,11.75,16.0,1406.57,236.38666666666666,14.285714285714285,16.5625,1,"Value tier 2/2: recent, repeat"
16174,2011-08-05 13:26:00,3.0,1009.5500000000001,651.0,19.0,0.0,0.0,127.0,1009.5500000000001,336.5166666666667,0.0,12.584375,0,"Value tier 1/2: less recent, occasional"
16175,2011-09-06 14:32:00,4.0,1037.59,533.0,45.0,0.0,0.0,95.0,1037.59,259.3975,0.0,48.66527777777778,0,"Value tier 1/2: less recent, occasional"
16177,2011-10-20 12:57:00,1.0,331.95,95.0,15.0,0.0,0.0,51.0,331.95,331.95,0.0,,0,"Value tier 1/2: less recent, occasional"
16178,2011-07-24 16:05:00,1.0,197.9,94.0,8.0,0.0,0.0,139.0,197.9,197.9,0.0,,0,"Value tier 1/2: less recent, occasional"
16179,2011-10-10 09:41:00,1.0,215.83,99.0,11.0,0.0,0.0,61.0,215.83,215.83,0.0,,0,"Value tier 1/2: less recent, occasional"
16180,2011-08-31 16:28:00,8.0,10254.18,5867.0,90.0,2.0,36.7,101.0,10217.48,1281.7725,20.0,21.75049603174603,1,"Value tier 2/2: recent, repeat"
16181,2011-09-27 13:38:00,1.0,305.54,152.0,11.0,0.0,0.0,74.0,305.54,305.54,0.0,,0,"Value tier 1/2: less recent, occasional"
16182,2011-09-28 13:23:00,4.0,6617.65,3791.0,17.0,0.0,0.0,73.0,6617.65,1654.4125,0.0,74.04444444444444,1,"Value tier 2/2: recent, repeat"
16183,2011-10-03 14:59:00,1.0,338.71000000000004,113.0,15.0,0.0,0.0,68.0,338.71000000000004,338.71000000000004,0.0,,0,"Value tier 1/2: less recent, occasional"
16184,2011-10-06 17:43:00,6.0,1158.79,561.0,26.0,1.0,3.25,65.0,1155.54,193.13166666666666,14.285714285714285,29.434722222222224,1,"Value tier 2/2: recent, repeat"
16185,2011-11-23 09:41:00,2.0,529.41,260.0,31.0,0.0,0.0,17.0,529.41,264.705,0.0,215.90416666666667,0,"Value tier 1/2: less recent, occasional"
16186,2011-11-17 12:43:00,12.0,4006.94,3020.0,87.0,1.0,15.0,23.0,3991.94,333.9116666666667,7.6923076923076925,31.810795454545453,1,"Value tier 2/2: recent, repeat"
16187,2011-11-08 09:50:00,15.0,6911.4400000000005,5048.0,160.0,2.0,70.2,32.0,6841.240000000001,460.7626666666667,11.76470588235294,18.06031746031746,1,"Value tier 2/2: recent, repeat"
16188,2011-10-26 12:19:00,4.0,981.86,782.0,65.0,0.0,0.0,45.0,981.86,245.465,0.0,66.03587962962963,1,"Value tier 2/2: recent, repeat"
16189,2011-11-24 11:47:00,2.0,215.48,134.0,9.0,0.0,0.0,16.0,215.48,107.74,0.0,69.85138888888889,0,"Value tier 1/2: less recent, occasional"
16190,2011-10-30 15:59:00,1.0,215.08,88.0,6.0,0.0,0.0,41.0,215.08,215.08,0.0,,0,"Value tier 1/2: less recent, occasional"
16191,2011-12-07 11:26:00,13.0,5180.52,3351.0,65.0,11.0,263.95,3.0,4916.570000000001,398.5015384615385,45.83333333333333,29.829166666666666,1,"Value tier 2/2: recent, repeat"
16193,2011-04-17 11:45:00,1.0,314.45,219.0,19.0,0.0,0.0,237.0,314.45,314.45,0.0,,0,"Value tier 1/2: less recent, occasional"
16198,2011-09-25 14:58:00,1.0,400.68100000000004,129.0,15.0,0.0,0.0,76.0,400.68100000000004,400.68100000000004,0.0,,0,"Value tier 1/2: less recent, occasional"
16200,2011-12-05 14:40:00,2.0,1068.8700000000001,516.0,149.0,0.0,0.0,5.0,1068.8700000000001,534.4350000000001,0.0,159.95347222222222,1,"Value tier 2/2: recent, repeat"
16201,2011-12-06 16:02:00,4.0,1863.47,1286.0,74.0,1.0,41.95,4.0,1821.52,465.8675,20.0,35.40625,1,"Value tier 2/2: recent, repeat"
16202,2010-12-14 10:43:00,1.0,365.27,191.0,18.0,0.0,0.0,361.0,365.27,365.27,0.0,,0,"Value tier 1/2: less recent, occasional"
16203,2011-10-12 12:31:00,4.0,592.9,262.0,27.0,1.0,3.75,59.0,589.15,148.225,20.0,104.62314814814816,0,"Value tier 1/2: less recent, occasional"
16204,2011-11-16 13:40:00,1.0,384.18,218.0,45.0,0.0,0.0,24.0,384.18,384.18,0.0,,0,"Value tier 1/2: less recent, occasional"
16205,2011-11-09 09:32:00,4.0,751.03,512.0,72.0,0.0,0.0,31.0,751.03,187.7575,0.0,49.63865740740741,1,"Value tier 2/2: recent, repeat"
16206,2011-10-16 10:41:00,4.0,537.0600000000001,272.0,52.0,0.0,0.0,55.0,537.0600000000001,134.26500000000001,0.0,90.99398148148147,0,"Value tier 1/2: less recent, occasional"
16207,2011-11-14 13:51:00,1.0,394.38,140.0,19.0,0.0,0.0,26.0,394.38,394.38,0.0,,0,"Value tier 1/2: less recent, occasional"
16208,2011-10-26 11:36:00,2.0,664.26,333.0,61.0,0.0,0.0,45.0,664.26,332.13,0.0,244.91597222222222,0,"Value tier 1/2: less recent, occasional"
16209,2011-09-12 11:58:00,5.0,2262.62,1179.0,37.0,0.0,0.0,89.0,2262.62,452.524,0.0,39.49565972222222,1,"Value tier 2/2: recent, repeat"
16210,2011-12-08 12:36:00,17.0,21076.3,7558.0,73.0,0.0,0.0,2.0,21076.3,1239.7823529411764,0.0,23.250390625,1,"Value tier 2/2: recent, repeat"
16211,2011-09-12 12:11:00,1.0,547.02,154.0,23.0,1.0,4.25,89.0,542.77,547.02,50.0,,0,"Value tier 1/2: less recent, occasional"
16212,2011-11-20 13:00:00,2.0,690.34,244.0,40.0,1.0,9.15,20.0,681.19,345.17,33.33333333333333,264.00625,0,"Value tier 1/2: less recent, occasional"
16213,2011-09-22 10:03:00,1.0,159.0,48.0,6.0,0.0,0.0,79.0,159.0,159.0,0.0,,0,"Value tier 1/2: less recent, occasional"
16214,2011-06-22 11:30:00,3.0,1062.75,420.0,36.0,0.0,0.0,171.0,1062.75,354.25,0.0,49.460763888888884,0,"Value tier 1/2: less recent, occasional"
16215,2011-09-20 10:18:00,1.0,242.35,104.0,14.0,0.0,0.0,81.0,242.35,242.35,0.0,,0,"Value tier 1/2: less recent, occasional"
16216,2011-03-17 15:34:00,1.0,914.9300000000001,254.0,37.0,0.0,0.0,268.0,914.9300000000001,914.9300000000001,0.0,,0,"Value tier 1/2: less recent, occasional"
16217,2011-04-18 13:31:00,2.0,304.25,91.0,13.0,1.0,37.8,236.0,266.45,152.125,33.33333333333333,46.91875,0,"Value tier 1/2: less recent, occasional"
16218,2011-11-10 09:59:00,7.0,3084.68,2088.0,56.0,1.0,29.81,30.0,3054.87,440.6685714285714,12.5,57.322916666666664,1,"Value tier 2/2: recent, repeat"
16221,2011-11-03 11:43:00,3.0,860.86,714.0,90.0,0.0,0.0,37.0,860.86,286.9533333333333,0.0,165.46875,0,"Value tier 1/2: less recent, occasional"
16222,2011-01-25 13:38:00,1.0,773.5500000000001,325.0,120.0,0.0,0.0,319.0,773.5500000000001,773.5500000000001,0.0,,0,"Value tier 1/2: less recent, occasional"
16224,2011-10-13 17:51:00,4.0,1295.3,1116.0,90.0,0.0,0.0,58.0,1295.3,323.825,0.0,64.08125,1,"Value tier 2/2: recent, repeat"
16225,2011-10-26 08:30:00,5.0,1096.32,493.0,109.0,0.0,0.0,45.0,1096.32,219.26399999999998,0.0,58.210590277777776,1,"Value tier 2/2: recent, repeat"
16226,2011-05-20 14:41:00,3.0,255.12,192.0,6.0,0.0,0.0,204.0,255.12,85.04,0.0,16.03576388888889,0,"Value tier 1/2: less recent, occasional"
16227,2011-04-28 13:33:00,1.0,314.22,90.0,6.0,1.0,5.9,226.0,308.32000000000005,314.22,50.0,,0,"Value tier 1/2: less recent, occasional"
16229,2011-09-13 17:16:00,2.0,1010.6,318.0,46.0,0.0,0.0,88.0,1010.6,505.3,0.0,125.29027777777777,0,"Value tier 1/2: less recent, occasional"
16230,2011-06-03 10:06:00,2.0,542.03,365.0,32.0,0.0,0.0,190.0,542.03,271.015,0.0,30.7875,0,"Value tier 1/2: less recent, occasional"
16232,2011-10-27 12:16:00,4.0,990.88,550.0,24.0,1.0,7.6499999999999995,44.0,983.23,247.72,20.0,57.30810185185186,1,"Value tier 2/2: recent, repeat"
16233,2011-09-29 17:27:00,3.0,536.6800000000001,174.0,22.0,2.0,114.54999999999998,72.0,422.1300000000001,178.89333333333335,40.0,147.59583333333333,0,"Value tier 1/2: less recent, occasional"
16235,2011-10-30 10:56:00,4.0,857.31,329.0,41.0,1.0,8.9,41.0,848.41,214.3275,20.0,97.26712962962962,1,"Value tier 2/2: recent, repeat"
16236,2011-09-22 14:10:00,1.0,432.2,184.0,20.0,0.0,0.0,79.0,432.2,432.2,0.0,,0,"Value tier 1/2: less recent, occasional"
16239,2011-10-14 08:29:00,2.0,414.2,228.0,18.0,1.0,41.300000000000004,57.0,372.9,207.1,33.33333333333333,132.95763888888888,0,"Value tier 1/2: less recent, occasional"
16240,2011-11-15 14:30:00,2.0,3718.8,1641.0,126.0,3.0,24.990000000000002,25.0,3693.8100000000004,1859.4,60.0,53.03194444444444,1,"Value tier 2/2: recent, repeat"
16241,2011-11-30 11:08:00,13.0,2590.31,1443.0,347.0,0.0,0.0,10.0,2590.31,199.2546153846154,0.0,30.00023148148148,1,"Value tier 2/2: recent, repeat"
16242,2011-12-01 15:12:00,7.0,3579.86,1969.0,184.0,1.0,4.95,9.0,3574.9100000000003,511.40857142857146,12.5,44.82037037037037,1,"Value tier 2/2: recent, repeat"
16243,2011-11-06 12:32:00,2.0,409.1,110.0,49.0,0.0,0.0,34.0,409.1,204.55,0.0,21.01597222222222,0,"Value tier 1/2: less recent, occasional"
16244,2011-05-12 10:18:00,2.0,1522.75,855.0,88.0,0.0,0.0,212.0,1522.75,761.375,0.0,160.9423611111111,0,"Value tier 1/2: less recent, occasional"
16245,2011-11-16 10:14:00,3.0,1413.66,1014.0,80.0,2.0,61.300000000000004,24.0,1352.3600000000001,471.22,40.0,116.51527777777777,1,"Value tier 2/2: recent, repeat"
16247,2011-06-22 14:23:00,1.0,114.56,182.0,16.0,0.0,0.0,171.0,114.56,114.56,0.0,,0,"Value tier 1/2: less recent, occasional"
16248,2011-10-09 11:32:00,1.0,152.94,78.0,7.0,0.0,0.0,62.0,152.94,152.94,0.0,,0,"Value tier 1/2: less recent, occasional"
16249,2011-10-18 10:07:00,5.0,1800.07,950.0,67.0,0.0,0.0,53.0,1800.07,360.014,0.0,46.71128472222222,1,"Value tier 2/2: recent, repeat"
16250,2011-03-23 15:07:00,2.0,389.44,208.0,22.0,0.0,0.0,262.0,389.44,194.72,0.0,112.21388888888889,0,"Value tier 1/2: less recent, occasional"
16253,2011-10-04 09:09:00,2.0,3683.86,3233.0,114.0,0.0,0.0,67.0,3683.86,1841.93,0.0,188.81666666666666,1,"Value tier 2/2: recent, repeat"
16255,2011-11-23 12:40:00,8.0,2619.91,1767.0,146.0,2.0,10.61,17.0,2609.2999999999997,327.48875,20.0,49.8467261904762,1,"Value tier 2/2: recent, repeat"
16256,2011-03-18 12:18:00,1.0,752.4300000000001,581.0,13.0,1.0,19.8,267.0,732.6300000000001,752.4300000000001,50.0,,0,"Value tier 1/2: less recent, occasional"
16257,2011-06-16 10:11:00,1.0,21.95,1.0,1.0,0.0,0.0,177.0,21.95,21.95,0.0,,0,"Value tier 1/2: less recent, occasional"
16258,2011-10-25 13:30:00,5.0,5203.51,2994.0,111.0,0.0,0.0,46.0,5203.51,1040.702,0.0,43.4890625,1,"Value tier 2/2: recent, repeat"
16260,2011-10-20 09:40:00,1.0,1035.45,311.0,18.0,0.0,0.0,51.0,1035.45,1035.45,0.0,,0,"Value tier 1/2: less recent, occasional"
16261,2011-11-22 17:23:00,4.0,728.54,301.0,98.0,0.0,0.0,18.0,728.54,182.135,0.0,76.30972222222222,1,"Value tier 2/2: recent, repeat"
16265,2011-11-30 16:41:00,9.0,5347.0,2644.0,163.0,2.0,23.85,10.0,5323.15,594.1111111111111,18.181818181818183,44.407986111111114,1,"Value tier 2/2: recent, repeat"
16266,2011-09-27 12:08:00,7.0,861.89,398.0,44.0,0.0,0.0,74.0,861.89,123.12714285714286,0.0,22.147916666666664,1,"Value tier 2/2: recent, repeat"
16268,2011-09-29 18:30:00,2.0,617.65,532.0,44.0,0.0,0.0,72.0,617.65,308.825,0.0,0.0,0,"Value tier 1/2: less recent, occasional"
16270,2010-12-21 14:26:00,1.0,1141.24,688.0,54.0,0.0,0.0,354.0,1141.24,1141.24,0.0,,0,"Value tier 1/2: less recent, occasional"
16271,2011-11-24 12:12:00,4.0,1389.64,1023.0,88.0,1.0,5.95,16.0,1383.69,347.41,20.0,114.27222222222223,1,"Value tier 2/2: recent, repeat"
16272,2011-08-15 10:54:00,1.0,411.7,224.0,25.0,0.0,0.0,117.0,411.7,411.7,0.0,,0,"Value tier 1/2: less recent, occasional"
16274,2010-12-01 15:35:00,1.0,331.55,151.0,63.0,0.0,0.0,374.0,331.55,331.55,0.0,,0,"Value tier 1/2: less recent, occasional"
16275,2011-05-27 12:41:00,1.0,559.87,336.0,33.0,0.0,0.0,197.0,559.87,559.87,0.0,,0,"Value tier 1/2: less recent, occasional"
16276,2011-06-16 09:34:00,1.0,810.6000000000001,420.0,6.0,0.0,0.0,177.0,810.6000000000001,810.6000000000001,0.0,,0,"Value tier 1/2: less recent, occasional"
16278,2011-08-31 17:12:00,1.0,566.38,114.0,23.0,2.0,28.55,101.0,537.83,566.38,66.66666666666666,,0,"Value tier 1/2: less recent, occasional"
16279,2011-11-18 15:00:00,3.0,1502.78,1046.0,102.0,1.0,12.9,22.0,1489.8799999999999,500.9266666666667,25.0,77.56597222222223,1,"Value tier 2/2: recent, repeat"
16281,2011-09-28 14:57:00,1.0,2062.06,934.0,17.0,0.0,0.0,73.0,2062.06,2062.06,0.0,,0,"Value tier 1/2: less recent, occasional"
16282,2011-01-04 11:42:00,1.0,168.3,114.0,11.0,0.0,0.0,340.0,168.3,168.3,0.0,,0,"Value tier 1/2: less recent, occasional"
16283,2011-12-04 12:08:00,5.0,1569.11,1234.0,116.0,2.0,39.300000000000004,6.0,1529.81,313.822,28.57142857142857,50.73454861111111,1,"Value tier 2/2: recent, repeat"
16284,2011-11-08 16:12:00,2.0,812.68,535.0,87.0,0.0,0.0,32.0,812.68,406.34,0.0,19.095833333333335,0,"Value tier 1/2: less recent, occasional"
16287,2011-06-23 09:08:00,1.0,142.5,298.0,8.0,0.0,0.0,170.0,142.5,142.5,0.0,,0,"Value tier 1/2: less recent, occasional"
16292,2011-08-10 12:24:00,1.0,302.25,191.0,17.0,1.0,21.349999999999998,122.0,280.9,302.25,50.0,,0,"Value tier 1/2: less recent, occasional"
16293,2011-11-18 09:58:00,10.0,2248.9900000000002,982.0,102.0,2.0,12.25,22.0,2236.7400000000002,224.89900000000003,16.666666666666664,38.42098765432099,1,"Value tier 2/2: recent, repeat"
16295,2011-11-30 08:17:00,4.0,1328.55,841.0,70.0,0.0,0.0,10.0,1328.55,332.1375,0.0,18.299074074074074,1,"Value tier 2/2: recent, repeat"
16297,2011-03-16 08:29:00,1.0,301.9,206.0,20.0,2.0,23.349999999999998,269.0,278.54999999999995,301.9,66.66666666666666,,0,"Value tier 1/2: less recent, occasional"
16298,2011-11-17 11:59:00,3.0,598.2,198.0,22.0,0.0,0.0,23.0,598.2,199.4,0.0,82.03923611111111,0,"Value tier 1/2: less recent, occasional"
16302,2011-08-05 09:44:00,1.0,233.22,158.0,11.0,1.0,20.4,127.0,212.82,233.22,50.0,,0,"Value tier 1/2: less recent, occasional"
16303,2011-11-14 10:49:00,3.0,5360.63,2659.0,119.0,1.0,54.8,26.0,5305.83,1786.8766666666668,25.0,153.928125,1,"Value tier 2/2: recent, repeat"
16305,2011-07-24 12:18:00,1.0,361.21999999999997,256.0,22.0,0.0,0.0,139.0,361.21999999999997,361.21999999999997,0.0,,0,"Value tier 1/2: less recent, occasional"
16306,2011-05-10 12:12:00,6.0,632.27,487.0,36.0,3.0,30.0,214.0,602.27,105.37833333333333,33.33333333333333,30.774166666666666,0,"Value tier 1/2: less recent, occasional"
16308,2011-11-02 11:24:00,4.0,2560.0,8000.0,1.0,0.0,0.0,38.0,2560.0,640.0,0.0,74.61990740740741,1,"Value tier 2/2: recent, repeat"
16309,2011-08-25 15:35:00,2.0,706.57,467.0,39.0,1.0,19.9,107.0,686.6700000000001,353.285,33.33333333333333,134.15902777777777,0,"Value tier 1/2: less recent, occasional"
16311,2011-11-22 08:54:00,2.0,616.26,394.0,35.0,0.0,0.0,18.0,616.26,308.13,0.0,31.820138888888888,0,"Value tier 1/2: less recent, occasional"
16313,2011-12-06 13:02:00,2.0,274.15000000000003,165.0,16.0,0.0,0.0,4.0,274.15000000000003,137.07500000000002,0.0,46.165277777777774,0,"Value tier 1/2: less recent, occasional"
16315,2011-01-13 11:57:00,1.0,226.37,75.0,14.0,0.0,0.0,331.0,226.37,226.37,0.0,,0,"Value tier 1/2: less recent, occasional"
16316,2011-10-06 13:48:00,8.0,2938.91,1484.0,120.0,4.0,183.35,65.0,2755.56,367.36375,33.33333333333333,41.99623015873016,1,"Value tier 2/2: recent, repeat"
16317,2011-08-12 12:46:00,3.0,1341.65,890.0,64.0,0.0,0.0,120.0,1341.65,447.2166666666667,0.0,88.96388888888889,0,"Value tier 1/2: less recent, occasional"
16318,2011-11-04 13:05:00,1.0,328.15,199.0,19.0,0.0,0.0,36.0,328.15,328.15,0.0,,0,"Value tier 1/2: less recent, occasional"
16319,2011-05-06 11:27:00,1.0,404.40000000000003,72.0,3.0,0.0,0.0,218.0,404.40000000000003,404.40000000000003,0.0,,0,"Value tier 1/2: less recent, occasional"
16320,2011-06-20 15:25:00,2.0,1038.46,732.0,56.0,0.0,0.0,173.0,1038.46,519.23,0.0,40.99583333333333,0,"Value tier 1/2: less recent, occasional"
16321,2011-09-28 14:55:00,5.0,373.65000000000003,135.0,7.0,2.0,142.95,73.0,230.70000000000005,74.73,28.57142857142857,62.77847222222222,0,"Value tier 1/2: less recent, occasional"
16322,2011-12-08 15:41:00,2.0,326.75,231.0,28.0,0.0,0.0,2.0,326.75,163.375,0.0,35.047222222222224,1,"Value tier 2/2: recent, repeat"
16323,2011-05-27 14:48:00,1.0,207.50000000000003,50.0,1.0,0.0,0.0,197.0,207.50000000000003,207.50000000000003,0.0,,0,"Value tier 1/2: less recent, occasional"
16324,2011-08-03 12:58:00,3.0,408.59000000000003,270.0,100.0,0.0,0.0,129.0,408.59000000000003,136.1966666666667,0.0,24.469444444444445,0,"Value tier 1/2: less recent, occasional"
16325,2011-10-24 08:48:00,3.0,594.24,194.0,14.0,2.0,83.7,47.0,510.54,198.08,40.0,99.4888888888889,0,"Value tier 1/2: less recent, occasional"
16326,2011-12-04 10:11:00,14.0,3039.2200000000003,682.0,158.0,1.0,25.0,6.0,3014.2200000000003,217.08714285714288,6.666666666666667,25.301816239316242,1,"Value tier 2/2: recent, repeat"
16327,2011-11-25 13:23:00,6.0,3789.67,2524.0,141.0,0.0,0.0,15.0,3789.67,631.6116666666667,0.0,71.00555555555556,1,"Value tier 2/2: recent, repeat"
16330,2011-11-22 12:24:00,3.0,251.91,147.0,39.0,1.0,9.7,18.0,242.21,83.97,25.0,47.40138888888889,0,"Value tier 1/2: less recent, occasional"
16332,2011-11-11 14:22:00,7.0,1582.8,797.0,125.0,1.0,10.0,29.0,1572.8,226.1142857142857,12.5,46.16736111111111,1,"Value tier 2/2: recent, repeat"
16333,2011-12-02 12:19:00,22.0,26626.8,32184.0,9.0,0.0,0.0,8.0,26626.8,1210.3090909090909,0.0,14.383895502645503,1,"Value tier 2/2: recent, repeat"
16337,2011-11-03 10:03:00,1.0,151.05,87.0,10.0,0.0,0.0,37.0,151.05,151.05,0.0,,0,"Value tier 1/2: less recent, occasional"
16338,2011-07-05 13:56:00,1.0,214.79999999999998,94.0,11.0,0.0,0.0,158.0,214.79999999999998,214.79999999999998,0.0,,0,"Value tier 1/2: less recent, occasional"
16339,2011-02-28 13:41:00,1.0,94.05,21.0,17.0,0.0,0.0,285.0,94.05,94.05,0.0,,0,"Value tier 1/2: less recent, occasional"
16340,2011-08-24 14:53:00,1.0,534.31,486.0,124.0,0.0,0.0,108.0,534.31,534.31,0.0,,0,"Value tier 1/2: less recent, occasional"
16341,2011-11-15 09:12:00,4.0,1971.87,1398.0,60.0,2.0,12.489999999999998,25.0,1959.3799999999999,492.9675,33.33333333333333,58.9425925925926,1,"Value tier 2/2: recent, repeat"
16342,2011-09-25 14:36:00,4.0,322.41,157.0,10.0,0.0,0.0,76.0,322.41,80.6025,0.0,34.72824074074074,0,"Value tier 1/2: less recent, occasional"
16343,2011-11-23 17:45:00,2.0,328.58,175.0,29.0,0.0,0.0,17.0,328.58,164.29,0.0,0.001388888888888889,0,"Value tier 1/2: less recent, occasional"
16344,2011-07-04 15:50:00,1.0,101.10000000000001,18.0,1.0,0.0,0.0,159.0,101.10000000000001,101.10000000000001,0.0,,0,"Value tier 1/2: less recent, occasional"
16345,2011-10-26 16:03:00,1.0,565.46,288.0,35.0,0.0,0.0,45.0,565.46,565.46,0.0,,0,"Value tier 1/2: less recent, occasional"
16347,2011-11-28 13:14:00,2.0,847.45,341.0,61.0,0.0,0.0,12.0,847.45,423.725,0.0,25.009027777777778,1,"Value tier 2/2: recent, repeat"
16348,2011-11-07 15:44:00,7.0,1413.31,799.0,156.0,0.0,0.0,33.0,1413.31,201.90142857142857,0.0,34.66608796296296,1,"Value tier 2/2: recent, repeat"
16349,2011-02-22 12:40:00,1.0,53.5,9.0,9.0,0.0,0.0,291.0,53.5,53.5,0.0,,0,"Value tier 1/2: less recent, occasional"
16350,2011-11-18 15:53:00,4.0,1116.47,545.0,40.0,1.0,16.0,22.0,1100.47,279.1175,20.0,104.08541666666667,1,"Value tier 2/2: recent, repeat"
16351,2011-01-11 10:26:00,1.0,153.9,90.0,8.0,0.0,0.0,333.0,153.9,153.9,0.0,,0,"Value tier 1/2: less recent, occasional"
16352,2011-11-22 10:32:00,2.0,494.44,300.0,28.0,0.0,0.0,18.0,494.44,247.22,0.0,20.075,0,"Value tier 1/2: less recent, occasional"
16353,2011-12-06 12:23:00,23.0,6675.71,2006.0,51.0,0.0,0.0,4.0,6675.71,290.24826086956523,0.0,16.636805555555554,1,"Value tier 2/2: recent, repeat"
16354,2011-10-07 14:28:00,2.0,395.8,150.0,38.0,0.0,0.0,64.0,395.8,197.9,0.0,9.916666666666666,0,"Value tier 1/2: less recent, occasional"
16356,2011-05-26 11:51:00,3.0,211.77,93.0,20.0,1.0,1.45,198.0,210.32000000000002,70.59,25.0,39.986111111111114,0,"Value tier 1/2: less recent, occasional"
16357,2011-11-06 16:04:00,3.0,658.88,246.0,31.0,0.0,0.0,34.0,658.88,219.62666666666667,0.0,90.11423611111111,0,"Value tier 1/2: less recent, occasional"
16358,2011-12-08 15:09:00,4.0,2027.5,1302.0,82.0,1.0,2.55,2.0,2024.95,506.875,20.0,61.00092592592592,1,"Value tier 2/2: recent, repeat"
16359,2011-12-02 17:04:00,9.0,1750.92,1183.0,39.0,3.0,290.55,8.0,1460.3700000000001,194.54666666666668,25.0,40.53255208333333,1,"Value tier 2/2: recent, repeat"
16360,2011-12-05 12:16:00,6.0,3450.41,2110.0,365.0,2.0,100.83999999999997,5.0,3349.5699999999997,575.0683333333333,25.0,16.786944444444444,1,"Value tier 2/2: recent, repeat"
16361,2011-11-30 12:32:00,4.0,891.21,418.0,87.0,0.0,0.0,10.0,891.21,222.8025,0.0,20.657175925925927,1,"Value tier 2/2: recent, repeat"
16362,2011-11-07 13:01:00,5.0,709.99,340.0,58.0,4.0,82.69999999999999,33.0,627.29,141.998,44.44444444444444,14.731597222222224,1,"Value tier 2/2: recent, repeat"
16363,2011-10-17 14:14:00,1.0,109.36000000000001,52.0,5.0,0.0,0.0,54.0,109.36000000000001,109.36000000000001,0.0,,0,"Value tier 1/2: less recent, occasional"
16364,2011-11-28 11:27:00,2.0,705.79,279.0,48.0,0.0,0.0,12.0,705.79,352.895,0.0,125.86944444444444,0,"Value tier 1/2: less recent, occasional"
16365,2011-11-22 11:24:00,9.0,1540.42,504.0,45.0,0.0,0.0,18.0,1540.42,171.1577777777778,0.0,43.71918402777778,1,"Value tier 2/2: recent, repeat"
16366,2011-11-21 08:19:00,1.0,327.3,256.0,18.0,0.0,0.0,19.0,327.3,327.3,0.0,,0,"Value tier 1/2: less recent, occasional"
16367,2011-11-02 13:13:00,2.0,800.67,643.0,123.0,0.0,0.0,38.0,800.67,400.335,0.0,325.05,0,"Value tier 1/2: less recent, occasional"
16368,2011-12-07 13:12:00,2.0,479.91,251.0,58.0,0.0,0.0,3.0,479.91,239.955,0.0,25.919444444444444,1,"Value tier 2/2: recent, repeat"
16369,2011-11-21 16:25:00,3.0,1543.33,1026.0,90.0,0.0,0.0,19.0,1543.33,514.4433333333333,0.0,89.14097222222222,1,"Value tier 2/2: recent, repeat"
16370,2011-09-18 15:55:00,4.0,1301.91,640.0,143.0,0.0,0.0,83.0,1301.91,325.4775,0.0,47.65625,0,"Value tier 1/2: less recent, occasional"
16372,2011-11-06 13:08:00,2.0,355.73,158.0,86.0,0.0,0.0,34.0,355.73,177.865,0.0,0.0125,0,"Value tier 1/2: less recent, occasional"
16374,2011-10-04 15:21:00,2.0,458.78000000000003,236.0,100.0,0.0,0.0,67.0,458.78000000000003,229.39000000000001,0.0,196.06597222222223,0,"Value tier 1/2: less recent, occasional"
16376,2011-12-01 11:38:00,2.0,974.96,691.0,104.0,1.0,9.49,9.0,965.47,487.48,33.33333333333333,8.785416666666666,1,"Value tier 2/2: recent, repeat"
16377,2011-03-17 15:41:00,1.0,676.2,1500.0,5.0,0.0,0.0,268.0,676.2,676.2,0.0,,0,"Value tier 1/2: less recent, occasional"
16378,2011-04-06 15:07:00,3.0,362.95,267.0,22.0,0.0,0.0,248.0,362.95,120.98333333333333,0.0,31.55034722222222,0,"Value tier 1/2: less recent, occasional"
16379,2011-12-05 15:38:00,4.0,2157.4,1410.0,87.0,1.0,25.5,5.0,2131.9,539.35,20.0,24.751157407407405,1,"Value tier 2/2: recent, repeat"
16380,2011-10-09 15:40:00,1.0,1743.1499999999999,1428.0,28.0,0.0,0.0,62.0,1743.1499999999999,1743.1499999999999,0.0,,0,"Value tier 1/2: less recent, occasional"
16383,2011-09-26 12:45:00,2.0,643.76,467.0,80.0,0.0,0.0,75.0,643.76,321.88,0.0,193.98958333333334,0,"Value tier 1/2: less recent, occasional"
16384,2011-09-11 11:19:00,2.0,584.5,260.0,33.0,0.0,0.0,90.0,584.5,292.25,0.0,174.04583333333332,0,"Value tier 1/2: less recent, occasional"
16385,2011-10-10 13:12:00,3.0,554.86,258.0,52.0,0.0,0.0,61.0,554.86,184.95333333333335,0.0,153.00555555555556,0,"Value tier 1/2: less recent, occasional"
16386,2011-11-11 12:28:00,2.0,302.57,205.0,76.0,0.0,0.0,29.0,302.57,151.285,0.0,225.00625,0,"Value tier 1/2: less recent, occasional"
16387,2011-01-21 11:34:00,1.0,94.36,44.0,4.0,0.0,0.0,323.0,94.36,94.36,0.0,,0,"Value tier 1/2: less recent, occasional"
16389,2011-10-17 14:41:00,4.0,1382.07,1242.0,33.0,1.0,19.799999999999997,54.0,1362.27,345.5175,20.0,76.65138888888889,1,"Value tier 2/2: recent, repeat"
16392,2011-03-15 12:11:00,1.0,217.89,201.0,41.0,0.0,0.0,270.0,217.89,217.89,0.0,,0,"Value tier 1/2: less recent, occasional"
16393,2011-12-07 12:51:00,13.0,3040.96,1573.0,120.0,7.0,105.15999999999998,3.0,2935.8,233.92000000000002,35.0,30.582233796296297,1,"Value tier 2/2: recent, repeat"
16394,2011-10-14 09:48:00,5.0,1555.34,2604.0,61.0,4.0,143.28000000000003,57.0,1412.06,311.068,44.44444444444444,58.23784722222222,1,"Value tier 2/2: recent, repeat"
16395,2011-10-10 12:50:00,5.0,1482.06,1472.0,150.0,0.0,0.0,61.0,1482.06,296.412,0.0,67.50694444444444,1,"Value tier 2/2: recent, repeat"
16398,2011-07-08 15:16:00,2.0,1705.8,758.0,75.0,2.0,74.65,155.0,1631.1499999999999,852.9,50.0,99.23472222222222,0,"Value tier 1/2: less recent, occasional"
16399,2011-11-20 16:12:00,2.0,406.21999999999997,245.0,67.0,0.0,0.0,20.0,406.21999999999997,203.10999999999999,0.0,216.1013888888889,0,"Value tier 1/2: less recent, occasional"
16400,2011-09-06 12:27:00,1.0,303.93,172.0,28.0,0.0,0.0,95.0,303.93,303.93,0.0,,0,"Value tier 1/2: less recent, occasional"
16401,2011-12-08 18:15:00,12.0,4098.32,3882.0,66.0,7.0,35.129999999999995,2.0,4063.1899999999996,341.52666666666664,36.84210526315789,29.66407828282828,1,"Value tier 2/2: recent, repeat"
16402,2011-03-20 12:25:00,2.0,293.45,146.0,55.0,0.0,0.0,265.0,293.45,146.725,0.0,104.94652777777777,0,"Value tier 1/2: less recent, occasional"
16403,2011-01-31 13:39:00,1.0,177.5,114.0,10.0,1.0,16.45,313.0,161.05,177.5,50.0,,0,"Value tier 1/2: less recent, occasional"
16404,2011-09-30 14:55:00,1.0,443.05,157.0,23.0,0.0,0.0,71.0,443.05,443.05,0.0,,0,"Value tier 1/2: less recent, occasional"
16405,2011-02-10 15:24:00,2.0,167.25,187.0,3.0,0.0,0.0,303.0,167.25,83.625,0.0,7.927777777777778,0,"Value tier 1/2: less recent, occasional"
16406,2011-11-21 11:57:00,1.0,154.35,116.0,54.0,0.0,0.0,19.0,154.35,154.35,0.0,,0,"Value tier 1/2: less recent, occasional"
16407,2011-11-27 11:05:00,10.0,2079.68,1093.0,99.0,0.0,0.0,13.0,2079.68,207.968,0.0,33.31967592592593,1,"Value tier 2/2: recent, repeat"
16409,2011-11-03 16:45:00,5.0,2022.98,1304.0,145.0,0.0,0.0,37.0,2022.98,404.596,0.0,70.26979166666666,1,"Value tier 2/2: recent, repeat"
16411,2011-11-20 13:23:00,2.0,211.7,131.0,41.0,0.0,0.0,20.0,211.7,105.85,0.0,349.99791666666664,0,"Value tier 1/2: less recent, occasional"
16412,2011-10-17 12:35:00,1.0,135.99,63.0,25.0,0.0,0.0,54.0,135.99,135.99,0.0,,0,"Value tier 1/2: less recent, occasional"
16413,2011-10-14 12:08:00,1.0,262.2,148.0,30.0,0.0,0.0,57.0,262.2,262.2,0.0,,0,"Value tier 1/2: less recent, occasional"
16414,2011-11-18 09:42:00,2.0,126.25,27.0,5.0,0.0,0.0,22.0,126.25,63.125,0.0,258.84375,0,"Value tier 1/2: less recent, occasional"
16415,2011-10-26 13:35:00,1.0,200.27,178.0,45.0,0.0,0.0,45.0,200.27,200.27,0.0,,0,"Value tier 1/2: less recent, occasional"
16416,2011-11-13 12:50:00,3.0,1051.4,672.0,59.0,1.0,20.0,27.0,1031.4,350.4666666666667,25.0,14.984375,1,"Value tier 2/2: recent, repeat"
16418,2011-10-26 12:39:00,3.0,631.12,280.0,76.0,0.0,0.0,45.0,631.12,210.37333333333333,0.0,90.91145833333333,0,"Value tier 1/2: less recent, occasional"
16419,2011-08-19 12:33:00,6.0,958.71,428.0,36.0,1.0,12.75,113.0,945.96,159.785,14.285714285714285,39.80111111111111,1,"Value tier 2/2: recent, repeat"
16422,2011-11-22 14:00:00,51.0,34684.4,33704.0,68.0,9.0,373.4,18.0,34311.0,680.086274509804,15.0,7.038680555555556,1,"Value tier 2/2: recent, repeat"
16423,2011-11-15 09:21:00,1.0,346.12,230.0,18.0,0.0,0.0,25.0,346.12,346.12,0.0,,0,"Value tier 1/2: less recent, occasional"
16424,2011-06-01 13:40:00,1.0,133.56,88.0,5.0,1.0,51.0,192.0,82.56,133.56,50.0,,0,"Value tier 1/2: less recent, occasional"
16425,2011-02-10 14:30:00,1.0,302.7,199.0,21.0,0.0,0.0,303.0,302.7,302.7,0.0,,0,"Value tier 1/2: less recent, occasional"
16426,2011-12-07 14:01:00,10.0,1863.76,1215.0,211.0,0.0,0.0,3.0,1863.76,186.376,0.0,30.436419753086422,1,"Value tier 2/2: recent, repeat"
16427,2011-03-21 17:10:00,2.0,241.06,156.0,8.0,0.0,0.0,264.0,241.06,120.53,0.0,21.07777777777778,0,"Value tier 1/2: less recent, occasional"
16429,2011-08-25 13:54:00,1.0,284.55,9.0,2.0,0.0,0.0,107.0,284.55,284.55,0.0,,0,"Value tier 1/2: less recent, occasional"
16430,2011-10-13 14:47:00,1.0,300.85,103.0,6.0,0.0,0.0,58.0,300.85,300.85,0.0,,0,"Value tier 1/2: less recent, occasional"
16431,2011-05-10 14:09:00,3.0,623.28,442.0,51.0,0.0,0.0,214.0,623.28,207.76,0.0,42.002430555555556,0,"Value tier 1/2: less recent, occasional"
16432,2011-10-06 13:59:00,1.0,287.4,276.0,8.0,0.0,0.0,65.0,287.4,287.4,0.0,,0,"Value tier 1/2: less recent, occasional"
16433,2011-11-11 14:09:00,1.0,184.26,106.0,17.0,0.0,0.0,29.0,184.26,184.26,0.0,,0,"Value tier 1/2: less recent, occasional"
16434,2011-11-10 14:28:00,7.0,1511.8,760.0,88.0,0.0,0.0,30.0,1511.8,215.97142857142856,0.0,45.01516203703704,1,"Value tier 2/2: recent, repeat"
16438,2011-12-04 10:51:00,5.0,798.35,463.0,74.0,0.0,0.0,6.0,798.35,159.67000000000002,0.0,19.22222222222222,1,"Value tier 2/2: recent, repeat"
16440,2011-12-02 12:02:00,5.0,3640.67,2018.0,186.0,0.0,0.0,8.0,3640.67,728.134,0.0,51.746006944444446,1,"Value tier 2/2: recent, repeat"
16441,2011-10-03 17:48:00,2.0,381.2,173.0,22.0,0.0,0.0,68.0,381.2,190.6,0.0,224.0090277777778,0,"Value tier 1/2: less recent, occasional"
16442,2011-12-08 11:43:00,3.0,609.3,443.0,161.0,0.0,0.0,2.0,609.3,203.1,0.0,179.51979166666666,1,"Value tier 2/2: recent, repeat"
16444,2011-10-24 13:50:00,4.0,654.67,407.0,68.0,1.0,8.95,47.0,645.7199999999999,163.6675,20.0,72.68888888888888,0,"Value tier 1/2: less recent, occasional"
16445,2011-11-06 12:32:00,1.0,230.51,111.0,62.0,0.0,0.0,34.0,230.51,230.51,0.0,,0,"Value tier 1/2: less recent, occasional"
16446,2011-12-09 09:15:00,2.0,168472.5,80997.0,3.0,1.0,168469.6,1.0,2.8999999999941792,84236.25,33.33333333333333,204.97430555555556,1,"Value tier 2/2: recent, repeat"
16447,2011-07-27 12:45:00,1.0,255.91,221.0,34.0,0.0,0.0,136.0,255.91,255.91,0.0,,0,"Value tier 1/2: less recent, occasional"
16448,2011-05-25 16:28:00,1.0,182.99,76.0,19.0,0.0,0.0,199.0,182.99,182.99,0.0,,0,"Value tier 1/2: less recent, occasional"
16449,2011-05-26 10:25:00,2.0,707.69,367.0,40.0,1.0,33.0,198.0,674.69,353.845,33.33333333333333,82.92361111111111,0,"Value tier 1/2: less recent, occasional"
16450,2011-07-13 11:47:00,1.0,311.92,200.0,11.0,0.0,0.0,150.0,311.92,311.92,0.0,,0,"Value tier 1/2: less recent, occasional"
16451,2011-09-13 09:17:00,1.0,266.97,120.0,14.0,0.0,0.0,88.0,266.97,266.97,0.0,,0,"Value tier 1/2: less recent, occasional"
16454,2011-10-06 16:57:00,1.0,5.9,2.0,1.0,0.0,0.0,65.0,5.9,5.9,0.0,,0,"Value tier 1/2: less recent, occasional"
16455,2011-10-07 12:17:00,7.0,1841.18,988.0,69.0,0.0,0.0,64.0,1841.18,263.0257142857143,0.0,51.30243055555556,1,"Value tier 2/2: recent, repeat"
16456,2011-09-01 13:50:00,5.0,2158.18,1147.0,80.0,0.0,0.0,100.0,2158.18,431.63599999999997,0.0,68.49635416666666,1,"Value tier 2/2: recent, repeat"
16457,2011-05-05 13:19:00,1.0,208.36,140.0,9.0,0.0,0.0,219.0,208.36,208.36,0.0,,0,"Value tier 1/2: less recent, occasional"
16458,2011-12-07 09:34:00,18.0,3482.7400000000002,2154.0,52.0,0.0,0.0,3.0,3482.7400000000002,193.48555555555558,0.0,21.053227124183007,1,"Value tier 2/2: recent, repeat"
16460,2011-11-11 13:46:00,3.0,811.23,876.0,128.0,0.0,0.0,29.0,811.23,270.41,0.0,26.57326388888889,0,"Value tier 1/2: less recent, occasional"
16461,2011-06-15 12:07:00,1.0,142.92,48.0,31.0,0.0,0.0,178.0,142.92,142.92,0.0,,0,"Value tier 1/2: less recent, occasional"
16462,2011-09-27 10:24:00,3.0,136.0,16.0,1.0,1.0,34.0,74.0,102.0,45.333333333333336,25.0,105.0298611111111,0,"Value tier 1/2: less recent, occasional"
16463,2011-11-18 14:01:00,4.0,1422.4,1163.0,74.0,3.0,38.7,22.0,1383.7,355.6,42.857142857142854,60.989814814814814,1,"Value tier 2/2: recent, repeat"
16464,2011-11-20 12:11:00,3.0,1298.66,952.0,152.0,0.0,0.0,20.0,1298.66,432.8866666666667,0.0,61.46458333333334,1,"Value tier 2/2: recent, repeat"
16466,2011-11-06 11:35:00,7.0,1595.96,785.0,103.0,0.0,0.0,34.0,1595.96,227.99428571428572,0.0,43.1662037037037,1,"Value tier 2/2: recent, repeat"
16468,2011-09-26 14:13:00,1.0,74.9,31.0,2.0,0.0,0.0,75.0,74.9,74.9,0.0,,0,"Value tier 1/2: less recent, occasional"
16469,2011-11-16 12:25:00,4.0,625.42,260.0,148.0,0.0,0.0,24.0,625.42,156.355,0.0,74.3226851851852,1,"Value tier 2/2: recent, repeat"
16470,2011-10-19 12:11:00,4.0,752.77,522.0,120.0,1.0,4.95,52.0,747.8199999999999,188.1925,20.0,102.33749999999999,0,"Value tier 1/2: less recent, occasional"
16471,2011-03-10 09:41:00,1.0,223.95000000000002,141.0,13.0,0.0,0.0,275.0,223.95000000000002,223.95000000000002,0.0,,0,"Value tier 1/2: less recent, occasional"
16473,2011-06-28 09:10:00,3.0,316.11,196.0,18.0,1.0,1.25,165.0,314.86,105.37,25.0,85.96354166666666,0,"Value tier 1/2: less recent, occasional"
16474,2011-12-02 13:02:00,7.0,1810.49,907.0,236.0,4.0,60.03,8.0,1750.46,258.64142857142855,36.36363636363637,22.987384259259258,1,"Value tier 2/2: recent, repeat"
16475,2011-09-12 14:37:00,4.0,544.3,319.0,23.0,0.0,0.0,89.0,544.3,136.075,0.0,61.73564814814815,0,"Value tier 1/2: less recent, occasional"
16477,2011-10-07 09:44:00,7.0,2494.46,1415.0,111.0,0.0,0.0,64.0,2494.46,356.3514285714286,0.0,51.312037037037044,1,"Value tier 2/2: recent, repeat"
16478,2011-11-14 15:51:00,3.0,331.0,224.0,15.0,0.0,0.0,26.0,331.0,110.33333333333333,0.0,20.07951388888889,0,"Value tier 1/2: less recent, occasional"
16479,2011-11-29 13:40:00,2.0,300.83,102.0,35.0,0.0,0.0,11.0,300.83,150.415,0.0,0.025,0,"Value tier 1/2: less recent, occasional"
16480,2011-09-25 11:40:00,1.0,769.29,455.0,51.0,0.0,0.0,76.0,769.29,769.29,0.0,,0,"Value tier 1/2: less recent, occasional"
16482,2011-11-24 12:33:00,1.0,220.62,346.0,18.0,0.0,0.0,16.0,220.62,220.62,0.0,,0,"Value tier 1/2: less recent, occasional"
16483,2011-05-31 13:08:00,1.0,139.35,44.0,19.0,0.0,0.0,193.0,139.35,139.35,0.0,,0,"Value tier 1/2: less recent, occasional"
16484,2011-06-19 12:06:00,2.0,404.3,200.0,25.0,1.0,24.900000000000002,174.0,379.40000000000003,202.15,33.33333333333333,17.060416666666665,0,"Value tier 1/2: less recent, occasional"
16485,2011-09-23 15:50:00,1.0,363.65,235.0,41.0,0.0,0.0,78.0,363.65,363.65,0.0,,0,"Value tier 1/2: less recent, occasional"
16488,2011-11-06 13:42:00,3.0,498.8,728.0,28.0,1.0,6.6,34.0,492.2,166.26666666666668,25.0,57.540277777777774,0,"Value tier 1/2: less recent, occasional"
16491,2011-10-24 10:18:00,1.0,731.5,478.0,39.0,0.0,0.0,47.0,731.5,731.5,0.0,,0,"Value tier 1/2: less recent, occasional"
16493,2011-09-21 11:10:00,4.0,1351.63,1164.0,40.0,2.0,21.97,80.0,1329.66,337.9075,33.33333333333333,83.37361111111112,1,"Value tier 2/2: recent, repeat"
16494,2011-02-16 12:49:00,1.0,826.53,675.0,47.0,0.0,0.0,297.0,826.53,826.53,0.0,,0,"Value tier 1/2: less recent, occasional"
16495,2011-12-06 13:20:00,3.0,648.26,328.0,78.0,0.0,0.0,4.0,648.26,216.08666666666667,0.0,136.43125,1,"Value tier 2/2: recent, repeat"
16496,2011-12-01 10:31:00,3.0,1599.52,1111.0,92.0,1.0,37.3,9.0,1562.22,533.1733333333333,25.0,154.0170138888889,1,"Value tier 2/2: recent, repeat"
16497,2011-10-21 10:55:00,6.0,2965.69,1396.0,128.0,0.0,0.0,50.0,2965.69,494.2816666666667,0.0,56.77986111111111,1,"Value tier 2/2: recent, repeat"
16498,2011-07-01 15:07:00,2.0,100.97,45.0,15.0,1.0,14.850000000000001,162.0,86.12,50.485,33.33333333333333,0.8020833333333334,0,"Value tier 1/2: less recent, occasional"
16499,2010-12-14 13:31:00,2.0,365.45,127.0,18.0,3.0,46.35,361.0,319.09999999999997,182.725,60.0,4.127777777777778,0,"Value tier 1/2: less recent, occasional"
16500,2011-12-05 12:04:00,6.0,400.86,123.0,8.0,0.0,0.0,5.0,400.86,66.81,0.0,65.21333333333334,1,"Value tier 2/2: recent, repeat"
16503,2011-08-25 11:46:00,4.0,1431.93,569.0,71.0,1.0,10.5,107.0,1421.43,357.9825,20.0,84.63796296296296,0,"Value tier 1/2: less recent, occasional"
16504,2011-11-14 15:18:00,1.0,465.88,510.0,76.0,0.0,0.0,26.0,465.88,465.88,0.0,,0,"Value tier 1/2: less recent, occasional"
16505,2011-11-08 12:14:00,1.0,777.6,576.0,4.0,0.0,0.0,32.0,777.6,777.6,0.0,,0,"Value tier 1/2: less recent, occasional"
16506,2011-11-20 12:17:00,2.0,90.30000000000001,42.0,3.0,0.0,0.0,20.0,90.30000000000001,45.150000000000006,0.0,20.852083333333333,0,"Value tier 1/2: less recent, occasional"
16509,2011-02-16 09:25:00,1.0,363.7,64.0,13.0,0.0,0.0,297.0,363.7,363.7,0.0,,0,"Value tier 1/2: less recent, occasional"
16510,2010-12-02 13:39:00,1.0,248.1,92.0,13.0,0.0,0.0,373.0,248.1,248.1,0.0,,0,"Value tier 1/2: less recent, occasional"
16511,2011-11-18 10:41:00,3.0,916.33,401.0,134.0,0.0,0.0,22.0,916.33,305.4433333333333,0.0,122.48506944444443,1,"Value tier 2/2: recent, repeat"
16513,2011-12-05 10:18:00,4.0,874.59,407.0,33.0,0.0,0.0,5.0,874.59,218.6475,0.0,12.935648148148148,1,"Value tier 2/2: recent, repeat"
16515,2011-10-18 13:10:00,5.0,1624.14,826.0,89.0,0.0,0.0,53.0,1624.14,324.82800000000003,0.0,64.75017361111111,1,"Value tier 2/2: recent, repeat"
16516,2011-11-09 14:59:00,1.0,101.69999999999999,58.0,6.0,0.0,0.0,31.0,101.69999999999999,101.69999999999999,0.0,,0,"Value tier 1/2: less recent, occasional"
16517,2011-03-07 13:50:00,1.0,162.7,96.0,17.0,0.0,0.0,278.0,162.7,162.7,0.0,,0,"Value tier 1/2: less recent, occasional"
16518,2011-10-09 15:04:00,2.0,484.32,327.0,36.0,1.0,3.4,62.0,480.92,242.16,33.33333333333333,222.9361111111111,0,"Value tier 1/2: less recent, occasional"
16519,2011-11-14 15:41:00,2.0,212.98,53.0,12.0,0.0,0.0,26.0,212.98,106.49,0.0,340.06458333333336,0,"Value tier 1/2: less recent, occasional"
16520,2011-06-06 13:24:00,3.0,1046.57,558.0,129.0,1.0,9.95,187.0,1036.62,348.8566666666666,25.0,89.50555555555556,0,"Value tier 1/2: less recent, occasional"
16523,2011-12-08 09:06:00,21.0,9418.470000000001,4265.0,151.0,7.0,122.79999999999998,2.0,9295.670000000002,448.4985714285715,25.0,15.69375,1,"Value tier 2/2: recent, repeat"
16525,2011-12-07 15:07:00,26.0,13027.45,7397.0,75.0,3.0,1131.88,3.0,11895.57,501.0557692307693,10.344827586206897,14.565999999999999,1,"Value tier 2/2: recent, repeat"
16526,2011-06-21 12:02:00,1.0,290.36,106.0,15.0,0.0,0.0,172.0,290.36,290.36,0.0,,0,"Value tier 1/2: less recent, occasional"
16527,2011-09-19 16:21:00,1.0,228.06,106.0,14.0,0.0,0.0,82.0,228.06,228.06,0.0,,0,"Value tier 1/2: less recent, occasional"
16528,2011-12-06 12:45:00,1.0,244.41,171.0,17.0,0.0,0.0,4.0,244.41,244.41,0.0,,0,"Value tier 1/2: less recent, occasional"
16529,2011-06-02 17:23:00,1.0,455.25,198.0,30.0,0.0,0.0,191.0,455.25,455.25,0.0,,0,"Value tier 1/2: less recent, occasional"
16531,2011-11-17 16:29:00,7.0,1244.59,915.0,68.0,0.0,0.0,23.0,1244.59,177.79857142857142,0.0,56.355324074074076,1,"Value tier 2/2: recent, repeat"
16532,2011-11-22 11:08:00,3.0,6748.8,2016.0,2.0,0.0,0.0,18.0,6748.8,2249.6,0.0,160.46909722222222,1,"Value tier 2/2: recent, repeat"
16533,2011-11-20 13:08:00,3.0,1082.81,611.0,112.0,2.0,68.62,20.0,1014.1899999999999,360.93666666666667,40.0,24.458680555555556,1,"Value tier 2/2: recent, repeat"
16535,2011-12-04 15:18:00,1.0,593.75,356.0,31.0,0.0,0.0,6.0,593.75,593.75,0.0,,0,"Value tier 1/2: less recent, occasional"
16536,2011-08-21 15:54:00,1.0,548.12,250.0,49.0,1.0,9.95,111.0,538.17,548.12,50.0,,0,"Value tier 1/2: less recent, occasional"
16539,2011-12-07 08:41:00,4.0,1388.81,477.0,36.0,0.0,0.0,3.0,1388.81,347.2025,0.0,123.56967592592594,1,"Value tier 2/2: recent, repeat"
16542,2011-10-17 10:47:00,1.0,119.62,46.0,5.0,0.0,0.0,54.0,119.62,119.62,0.0,,0,"Value tier 1/2: less recent, occasional"
16545,2011-06-28 10:37:00,1.0,339.3,78.0,3.0,0.0,0.0,165.0,339.3,339.3,0.0,,0,"Value tier 1/2: less recent, occasional"
16546,2011-02-22 11:20:00,2.0,787.15,549.0,25.0,1.0,883.08,291.0,-95.93000000000006,393.575,33.33333333333333,81.96736111111112,0,"Value tier 1/2: less recent, occasional"
16549,2011-11-29 15:06:00,10.0,4034.9,2294.0,445.0,0.0,0.0,11.0,4034.9,403.49,0.0,36.00486111111111,1,"Value tier 2/2: recent, repeat"
16550,2011-08-23 11:12:00,5.0,2298.97,1540.0,162.0,4.0,32.72,109.0,2266.25,459.794,44.44444444444444,64.97204861111112,1,"Value tier 2/2: recent, repeat"
16551,2011-09-05 09:38:00,3.0,922.12,970.0,26.0,0.0,0.0,96.0,922.12,307.37333333333333,0.0,120.48402777777778,0,"Value tier 1/2: less recent, occasional"
16552,2011-04-11 10:04:00,2.0,379.73,219.0,17.0,0.0,0.0,243.0,379.73,189.865,0.0,130.89444444444445,0,"Value tier 1/2: less recent, occasional"
16553,2011-06-29 15:42:00,12.0,5719.82,4600.0,62.0,2.0,55.25,164.0,5664.57,476.65166666666664,14.285714285714285,17.915656565656565,1,"Value tier 2/2: recent, repeat"
16554,2011-10-28 14:51:00,3.0,837.1,402.0,51.0,4.0,195.54999999999998,43.0,641.5500000000001,279.03333333333336,57.14285714285714,144.54513888888889,0,"Value tier 1/2: less recent, occasional"
16555,2011-11-04 14:31:00,2.0,285.89,175.0,15.0,0.0,0.0,36.0,285.89,142.945,0.0,74.0826388888889,0,"Value tier 1/2: less recent, occasional"
16556,2011-10-04 11:36:00,7.0,3313.79,1890.0,144.0,0.0,0.0,67.0,3313.79,473.3985714285714,0.0,48.98657407407408,1,"Value tier 2/2: recent, repeat"
16557,2011-11-15 14:04:00,2.0,281.85,111.0,11.0,0.0,0.0,25.0,281.85,140.925,0.0,113.025,0,"Value tier 1/2: less recent, occasional"
16558,2011-12-09 10:20:00,20.0,8338.49,5377.0,264.0,4.0,81.45,1.0,8257.039999999999,416.92449999999997,16.666666666666664,19.259466374269007,1,"Value tier 2/2: recent, repeat"
16560,2011-11-13 10:35:00,2.0,841.41,500.0,52.0,1.0,24.900000000000002,27.0,816.51,420.705,33.33333333333333,331.8326388888889,0,"Value tier 1/2: less recent, occasional"
16561,2011-12-04 11:50:00,2.0,511.12,244.0,29.0,0.0,0.0,6.0,511.12,255.56,0.0,54.08125,1,"Value tier 2/2: recent, repeat"
16563,2011-10-17 11:51:00,1.0,1077.74,486.0,19.0,0.0,0.0,54.0,1077.74,1077.74,0.0,,0,"Value tier 1/2: less recent, occasional"
16565,2010-12-10 15:21:00,1.0,173.7,46.0,3.0,0.0,0.0,365.0,173.7,173.7,0.0,,0,"Value tier 1/2: less recent, occasional"
16566,2011-11-24 16:34:00,5.0,614.66,362.0,14.0,1.0,0.65,16.0,614.01,122.93199999999999,16.666666666666664,69.31336805555556,1,"Value tier 2/2: recent, repeat"
16567,2011-05-29 13:57:00,2.0,865.6,996.0,34.0,0.0,0.0,195.0,865.6,432.8,0.0,142.18472222222223,0,"Value tier 1/2: less recent, occasional"
16569,2011-12-06 15:32:00,1.0,124.2,93.0,5.0,0.0,0.0,4.0,124.2,124.2,0.0,,0,"Value tier 1/2: less recent, occasional"
16570,2011-11-24 17:02:00,10.0,3738.4,2112.0,68.0,5.0,115.44999999999999,16.0,3622.9500000000003,373.84000000000003,33.33333333333333,32.91859567901234,1,"Value tier 2/2: recent, repeat"
16571,2011-11-13 11:46:00,3.0,1421.69,1239.0,73.0,2.0,136.46999999999997,27.0,1285.22,473.8966666666667,40.0,127.54340277777777,1,"Value tier 2/2: recent, repeat"
16572,2011-08-04 16:34:00,3.0,1009.6,532.0,40.0,1.0,9.9,128.0,999.7,336.53333333333336,25.0,74.09375,0,"Value tier 1/2: less recent, occasional"
16573,2011-09-16 09:13:00,2.0,663.61,360.0,40.0,2.0,15.2,85.0,648.41,331.805,50.0,205.74930555555557,0,"Value tier 1/2: less recent, occasional"
16574,2011-09-29 13:39:00,1.0,451.44,416.0,28.0,0.0,0.0,72.0,451.44,451.44,0.0,,0,"Value tier 1/2: less recent, occasional"
16581,2011-06-10 10:05:00,1.0,105.84,134.0,9.0,1.0,35.400000000000006,183.0,70.44,105.84,50.0,,0,"Value tier 1/2: less recent, occasional"
16582,2011-08-18 17:02:00,1.0,313.62,164.0,6.0,0.0,0.0,114.0,313.62,313.62,0.0,,0,"Value tier 1/2: less recent, occasional"
16583,2010-12-01 12:03:00,1.0,233.45,111.0,14.0,0.0,0.0,374.0,233.45,233.45,0.0,,0,"Value tier 1/2: less recent, occasional"
16584,2011-09-20 13:45:00,2.0,936.08,646.0,25.0,1.0,28.049999999999997,81.0,908.0300000000001,468.04,33.33333333333333,174.02152777777778,0,"Value tier 1/2: less recent, occasional"
16586,2011-04-05 09:32:00,1.0,463.95,95.0,8.0,0.0,0.0,249.0,463.95,463.95,0.0,,0,"Value tier 1/2: less recent, occasional"
16587,2011-04-21 15:51:00,1.0,225.15,71.0,13.0,0.0,0.0,233.0,225.15,225.15,0.0,,0,"Value tier 1/2: less recent, occasional"
16589,2011-09-29 14:50:00,3.0,459.24,368.0,31.0,0.0,0.0,72.0,459.24,153.08,0.0,45.027430555555554,0,"Value tier 1/2: less recent, occasional"
16591,2011-10-02 10:43:00,1.0,213.5,41.0,10.0,0.0,0.0,69.0,213.5,213.5,0.0,,0,"Value tier 1/2: less recent, occasional"
16592,2011-12-05 13:49:00,16.0,4113.68,2927.0,142.0,3.0,40.4,5.0,4073.28,257.105,15.789473684210526,18.876388888888886,1,"Value tier 2/2: recent, repeat"
16593,2011-10-20 12:41:00,3.0,330.03,116.0,24.0,0.0,0.0,51.0,330.03,110.00999999999999,0.0,138.51041666666669,0,"Value tier 1/2: less recent, occasional"
16594,2011-09-25 14:08:00,1.0,181.09,64.0,53.0,0.0,0.0,76.0,181.09,181.09,0.0,,0,"Value tier 1/2: less recent, occasional"
16595,2011-10-09 13:15:00,1.0,360.16,335.0,83.0,0.0,0.0,62.0,360.16,360.16,0.0,,0,"Value tier 1/2: less recent, occasional"
16596,2011-11-24 10:02:00,2.0,250.15,97.0,12.0,0.0,0.0,16.0,250.15,125.075,0.0,350.7388888888889,0,"Value tier 1/2: less recent, occasional"
16597,2011-12-05 15:44:00,1.0,90.04,184.0,7.0,0.0,0.0,5.0,90.04,90.04,0.0,,0,"Value tier 1/2: less recent, occasional"
16598,2011-02-27 11:42:00,1.0,145.04999999999998,73.0,10.0,1.0,4.35,286.0,140.7,145.04999999999998,50.0,,0,"Value tier 1/2: less recent, occasional"
16600,2011-12-05 16:00:00,6.0,813.52,1145.0,50.0,0.0,0.0,5.0,813.52,135.58666666666667,0.0,66.83152777777778,1,"Value tier 2/2: recent, repeat"
16601,2011-10-30 11:09:00,1.0,241.53,130.0,28.0,0.0,0.0,41.0,241.53,241.53,0.0,,0,"Value tier 1/2: less recent, occasional"
16602,2011-11-03 15:54:00,1.0,528.08,336.0,29.0,1.0,33.35,37.0,494.73,528.08,50.0,,0,"Value tier 1/2: less recent, occasional"
16603,2011-09-26 10:06:00,2.0,482.47,480.0,34.0,0.0,0.0,75.0,482.47,241.235,0.0,16.877777777777776,0,"Value tier 1/2: less recent, occasional"
16607,2011-11-22 10:24:00,14.0,3347.71,2859.0,140.0,2.0,309.04,18.0,3038.67,239.12214285714285,12.5,26.236271367521365,1,"Value tier 2/2: recent, repeat"
16609,2011-11-24 13:32:00,7.0,5493.46,2420.0,155.0,2.0,42.5,16.0,5450.96,784.78,22.22222222222222,39.523263888888884,1,"Value tier 2/2: recent, repeat"
16610,2011-05-04 13:13:00,1.0,75.66,66.0,6.0,0.0,0.0,220.0,75.66,75.66,0.0,,0,"Value tier 1/2: less recent, occasional"
16611,2011-06-06 15:46:00,1.0,129.49,47.0,9.0,1.0,8.5,187.0,120.99000000000001,129.49,50.0,,0,"Value tier 1/2: less recent, occasional"
16612,2011-11-07 07:38:00,4.0,1187.66,506.0,48.0,0.0,0.0,33.0,1187.66,296.915,0.0,92.95833333333333,1,"Value tier 2/2: recent, repeat"
16613,2011-09-30 15:52:00,1.0,618.59,293.0,30.0,0.0,0.0,71.0,618.59,618.59,0.0,,0,"Value tier 1/2: less recent, occasional"
16614,2011-06-10 11:36:00,1.0,506.19,223.0,26.0,0.0,0.0,183.0,506.19,506.19,0.0,,0,"Value tier 1/2: less recent, occasional"
16616,2011-11-24 16:31:00,2.0,500.42,370.0,31.0,0.0,0.0,16.0,500.42,250.21,0.0,142.1201388888889,0,"Value tier 1/2: less recent, occasional"
16617,2011-04-18 10:35:00,1.0,151.85,91.0,5.0,0.0,0.0,236.0,151.85,151.85,0.0,,0,"Value tier 1/2: less recent, occasional"
16618,2011-11-08 13:52:00,5.0,2647.59,1363.0,79.0,1.0,16.95,32.0,2630.6400000000003,529.518,16.666666666666664,72.7703125,1,"Value tier 2/2: recent, repeat"
16619,2011-03-21 08:18:00,1.0,226.21,133.0,14.0,1.0,21.8,264.0,204.41,226.21,50.0,,0,"Value tier 1/2: less recent, occasional"
16620,2011-12-06 12:19:00,2.0,178.96,88.0,9.0,0.0,0.0,4.0,178.96,89.48,0.0,257.0708333333333,0,"Value tier 1/2: less recent, occasional"
16621,2011-10-19 11:38:00,4.0,813.48,302.0,22.0,0.0,0.0,52.0,813.48,203.37,0.0,75.33472222222223,0,"Value tier 1/2: less recent, occasional"
16623,2011-04-08 10:09:00,1.0,129.45,39.0,5.0,0.0,0.0,246.0,129.45,129.45,0.0,,0,"Value tier 1/2: less recent, occasional"
16624,2011-09-20 12:39:00,2.0,810.5699999999999,488.0,44.0,0.0,0.0,81.0,810.5699999999999,405.28499999999997,0.0,116.92986111111111,0,"Value tier 1/2: less recent, occasional"
16625,2011-03-10 12:50:00,1.0,333.08,164.0,23.0,0.0,0.0,275.0,333.08,333.08,0.0,,0,"Value tier 1/2: less recent, occasional"
16626,2011-12-09 11:56:00,17.0,4413.1,2690.0,86.0,3.0,33.449999999999996,1.0,4379.650000000001,259.59411764705885,15.0,16.623654513888887,1,"Value tier 2/2: recent, repeat"
16627,2011-09-21 14:38:00,1.0,322.8,162.0,20.0,0.0,0.0,80.0,322.8,322.8,0.0,,0,"Value tier 1/2: less recent, occasional"
16628,2011-11-10 12:45:00,5.0,2188.05,1205.0,79.0,1.0,5.01,30.0,2183.04,437.61,16.666666666666664,51.28993055555556,1,"Value tier 2/2: recent, repeat"
16629,2011-09-27 10:34:00,2.0,408.63,489.0,58.0,0.0,0.0,74.0,408.63,204.315,0.0,22.76527777777778,0,"Value tier 1/2: less recent, occasional"
16633,2011-11-22 13:41:00,6.0,2883.1,1138.0,115.0,1.0,4.95,18.0,2878.15,480.51666666666665,14.285714285714285,43.39236111111111,1,"Value tier 2/2: recent, repeat"
16634,2011-05-01 12:09:00,2.0,217.9,82.0,9.0,0.0,0.0,223.0,217.9,108.95,0.0,149.76944444444445,0,"Value tier 1/2: less recent, occasional"
16637,2011-11-07 13:17:00,4.0,1154.47,927.0,66.0,1.0,29.879999999999995,33.0,1124.5900000000001,288.6175,20.0,64.37430555555555,1,"Value tier 2/2: recent, repeat"
16638,2011-11-17 11:09:00,10.0,1680.72,1255.0,92.0,1.0,4.25,23.0,1676.47,168.072,9.090909090909092,38.448302469135804,1,"Value tier 2/2: recent, repeat"
16639,2011-11-08 13:20:00,3.0,1257.51,510.0,48.0,1.0,88.13000000000001,32.0,1169.3799999999999,419.17,25.0,102.0795138888889,1,"Value tier 2/2: recent, repeat"
16641,2011-08-26 12:49:00,1.0,231.10000000000002,256.0,12.0,0.0,0.0,106.0,231.10000000000002,231.10000000000002,0.0,,0,"Value tier 1/2: less recent, occasional"
16642,2011-12-05 11:31:00,2.0,688.33,479.0,32.0,1.0,8.5,5.0,679.83,344.165,33.33333333333333,202.95555555555555,1,"Value tier 2/2: recent, repeat"
16643,2011-04-08 08:24:00,1.0,487.51,269.0,27.0,0.0,0.0,246.0,487.51,487.51,0.0,,0,"Value tier 1/2: less recent, occasional"
16644,2011-06-15 12:39:00,2.0,833.78,826.0,62.0,0.0,0.0,178.0,833.78,416.89,0.0,34.99027777777778,0,"Value tier 1/2: less recent, occasional"
16647,2011-06-23 11:47:00,2.0,214.06,146.0,12.0,0.0,0.0,170.0,214.06,107.03,0.0,35.09444444444444,0,"Value tier 1/2: less recent, occasional"
16648,2011-10-28 08:58:00,1.0,290.65999999999997,281.0,19.0,1.0,19.8,43.0,270.85999999999996,290.65999999999997,50.0,,0,"Value tier 1/2: less recent, occasional"
16650,2011-09-29 09:51:00,1.0,518.42,372.0,24.0,0.0,0.0,72.0,518.42,518.42,0.0,,0,"Value tier 1/2: less recent, occasional"
16652,2011-10-12 09:38:00,7.0,6773.97,3283.0,74.0,4.0,119.71000000000001,59.0,6654.26,967.71,36.36363636363637,35.808449074074076,1,"Value tier 2/2: recent, repeat"
16653,2011-11-23 14:51:00,2.0,1212.66,733.0,67.0,1.0,45.74000000000001,17.0,1166.92,606.33,33.33333333333333,55.050694444444446,1,"Value tier 2/2: recent, repeat"
16654,2011-07-21 15:23:00,4.0,601.27,282.0,29.0,1.0,6.3,142.0,594.97,150.3175,20.0,75.66990740740741,0,"Value tier 1/2: less recent, occasional"
16655,2011-11-22 11:25:00,6.0,3789.52,2363.0,208.0,0.0,0.0,18.0,3789.52,631.5866666666667,0.0,62.80958333333333,1,"Value tier 2/2: recent, repeat"
16656,2011-11-17 14:43:00,15.0,8625.8,8894.0,14.0,6.0,57.559999999999995,23.0,8568.24,575.0533333333333,28.57142857142857,24.438492063492067,1,"Value tier 2/2: recent, repeat"
16657,2011-11-30 11:48:00,4.0,874.43,1130.0,158.0,0.0,0.0,10.0,874.43,218.6075,0.0,81.66342592592592,1,"Value tier 2/2: recent, repeat"
16658,2010-12-06 13:47:00,1.0,123.24,40.0,8.0,0.0,0.0,369.0,123.24,123.24,0.0,,0,"Value tier 1/2: less recent, occasional"
16659,2011-06-03 15:03:00,1.0,39.12,72.0,2.0,0.0,0.0,190.0,39.12,39.12,0.0,,0,"Value tier 1/2: less recent, occasional"
16660,2011-11-23 14:53:00,4.0,1267.6499999999999,571.0,16.0,1.0,457.2,17.0,810.4499999999998,316.91249999999997,20.0,101.02986111111112,1,"Value tier 2/2: recent, repeat"
16665,2010-12-12 14:03:00,1.0,135.39999999999998,59.0,9.0,0.0,0.0,363.0,135.39999999999998,135.39999999999998,0.0,,0,"Value tier 1/2: less recent, occasional"
16666,2011-11-20 14:01:00,1.0,118.98,233.0,32.0,0.0,0.0,20.0,118.98,118.98,0.0,,0,"Value tier 1/2: less recent, occasional"
16667,2011-10-02 15:26:00,2.0,567.1800000000001,236.0,52.0,0.0,0.0,69.0,567.1800000000001,283.59000000000003,0.0,216.10347222222222,0,"Value tier 1/2: less recent, occasional"
16668,2011-11-24 17:43:00,6.0,306.71999999999997,318.0,9.0,0.0,0.0,16.0,306.71999999999997,51.12,0.0,53.84125,1,"Value tier 2/2: recent, repeat"
16669,2011-11-16 12:26:00,2.0,1344.48,871.0,140.0,0.0,0.0,24.0,1344.48,672.24,0.0,54.925694444444446,1,"Value tier 2/2: recent, repeat"
16670,2011-11-23 09:34:00,11.0,4095.9,2556.0,179.0,6.0,73.44000000000001,17.0,4022.46,372.3545454545455,35.294117647058826,34.19611111111111,1,"Value tier 2/2: recent, repeat"
16671,2011-11-11 13:40:00,3.0,1692.27,875.0,3.0,0.0,0.0,29.0,1692.27,564.09,0.0,68.04861111111111,1,"Value tier 2/2: recent, repeat"
16672,2011-12-07 16:29:00,20.0,8134.9400000000005,2832.0,22.0,2.0,15.25,3.0,8119.6900000000005,406.747,9.090909090909092,13.90840643274854,1,"Value tier 2/2: recent, repeat"
16674,2011-10-16 11:31:00,2.0,304.24,181.0,89.0,0.0,0.0,55.0,304.24,152.12,0.0,43.897222222222226,0,"Value tier 1/2: less recent, occasional"
16676,2011-11-06 12:01:00,4.0,1592.1200000000001,636.0,75.0,1.0,33.4,34.0,1558.72,398.03000000000003,20.0,101.31967592592594,1,"Value tier 2/2: recent, repeat"
16678,2011-12-07 12:17:00,12.0,3109.99,2397.0,92.0,3.0,84.75,3.0,3025.24,259.1658333333333,20.0,25.465467171717172,1,"Value tier 2/2: recent, repeat"
16679,2010-12-08 13:51:00,1.0,129.75,29.0,3.0,0.0,0.0,367.0,129.75,129.75,0.0,,0,"Value tier 1/2: less recent, occasional"
16680,2011-10-27 17:35:00,1.0,183.7,94.0,10.0,0.0,0.0,44.0,183.7,183.7,0.0,,0,"Value tier 1/2: less recent, occasional"
16681,2011-09-28 11:11:00,6.0,1770.34,1407.0,18.0,0.0,0.0,73.0,1770.34,295.0566666666667,0.0,36.178472222222226,1,"Value tier 2/2: recent, repeat"
16682,2011-12-05 12:13:00,5.0,1028.0,1040.0,15.0,0.0,0.0,5.0,1028.0,205.6,0.0,45.762326388888894,1,"Value tier 2/2: recent, repeat"
16684,2011-12-05 14:06:00,28.0,66653.56,50255.0,119.0,2.0,733.44,5.0,65920.12,2380.4842857142858,6.666666666666667,13.105761316872428,1,"Value tier 2/2: recent, repeat"
16685,2011-10-09 13:58:00,2.0,324.24,396.0,60.0,0.0,0.0,62.0,324.24,162.12,0.0,0.009722222222222222,0,"Value tier 1/2: less recent, occasional"
16686,2011-10-23 13:49:00,7.0,2959.88,1977.0,406.0,2.0,19.35,48.0,2940.53,422.84000000000003,22.22222222222222,51.327314814814805,1,"Value tier 2/2: recent, repeat"
16688,2011-12-08 15:24:00,4.0,1260.86,804.0,52.0,0.0,0.0,2.0,1260.86,315.215,0.0,19.708564814814817,1,"Value tier 2/2: recent, repeat"
16689,2011-09-25 11:39:00,2.0,422.59999999999997,330.0,12.0,1.0,67.5,76.0,355.09999999999997,211.29999999999998,33.33333333333333,6.923611111111111,0,"Value tier 1/2: less recent, occasional"
16690,2011-09-28 15:02:00,2.0,225.57999999999998,138.0,10.0,1.0,16.95,73.0,208.63,112.78999999999999,33.33333333333333,129.17291666666668,0,"Value tier 1/2: less recent, occasional"
16692,2011-03-28 14:46:00,2.0,1126.0,151.0,1.0,0.0,0.0,257.0,1126.0,563.0,0.0,32.96180555555556,0,"Value tier 1/2: less recent, occasional"
16693,2011-10-02 11:10:00,2.0,477.86,203.0,58.0,0.0,0.0,69.0,477.86,238.93,0.0,203.00277777777777,0,"Value tier 1/2: less recent, occasional"
16696,2011-07-27 14:23:00,4.0,657.9000000000001,146.0,7.0,0.0,0.0,136.0,657.9000000000001,164.47500000000002,0.0,37.65347222222223,0,"Value tier 1/2: less recent, occasional"
16697,2011-04-12 17:12:00,1.0,112.75,27.0,20.0,0.0,0.0,242.0,112.75,112.75,0.0,,0,"Value tier 1/2: less recent, occasional"
16698,2011-04-27 10:52:00,2.0,1998.0,840.0,4.0,0.0,0.0,227.0,1998.0,999.0,0.0,26.888194444444444,0,"Value tier 1/2: less recent, occasional"
16700,2011-12-01 11:00:00,13.0,5076.55,4024.0,159.0,4.0,36.55,9.0,5040.0,390.50384615384615,23.52941176470588,29.814004629629625,1,"Value tier 2/2: recent, repeat"
16701,2011-12-01 11:10:00,13.0,5398.3,6393.0,99.0,5.0,248.02999999999997,9.0,5150.27,415.25384615384615,27.77777777777778,29.41429398148148,1,"Value tier 2/2: recent, repeat"
16705,2011-12-09 12:08:00,20.0,14034.99,5476.0,133.0,9.0,88.86,1.0,13946.13,701.7495,31.03448275862069,18.844919590643276,1,"Value tier 2/2: recent, repeat"
16706,2011-11-02 13:50:00,3.0,531.35,249.0,108.0,0.0,0.0,38.0,531.35,177.11666666666667,0.0,38.45729166666667,0,"Value tier 1/2: less recent, occasional"
16708,2011-10-25 12:20:00,1.0,656.63,285.0,27.0,0.0,0.0,46.0,656.63,656.63,0.0,,0,"Value tier 1/2: less recent, occasional"
16709,2011-09-16 10:56:00,5.0,3029.87,851.0,64.0,0.0,0.0,85.0,3029.87,605.9739999999999,0.0,49.25017361111111,1,"Value tier 2/2: recent, repeat"
16710,2011-11-20 14:50:00,10.0,2467.99,1823.0,268.0,0.0,0.0,20.0,2467.99,246.79899999999998,0.0,38.78526234567901,1,"Value tier 2/2: recent, repeat"
16711,2011-12-06 16:32:00,5.0,1651.03,833.0,18.0,0.0,0.0,4.0,1651.03,330.206,0.0,88.53975694444445,1,"Value tier 2/2: recent, repeat"
16712,2011-11-30 13:48:00,11.0,3603.66,1727.0,258.0,0.0,0.0,10.0,3603.66,327.6054545454545,0.0,26.69451388888889,1,"Value tier 2/2: recent, repeat"
16713,2011-11-21 12:36:00,15.0,6910.78,4271.0,338.0,6.0,82.9,19.0,6827.88,460.71866666666665,28.57142857142857,24.855902777777775,1,"Value tier 2/2: recent, repeat"
16714,2011-01-26 13:46:00,2.0,1114.06,588.0,76.0,1.0,250.0,318.0,864.06,557.03,33.33333333333333,0.004166666666666667,0,"Value tier 1/2: less recent, occasional"
16715,2011-09-22 18:15:00,1.0,301.71999999999997,642.0,19.0,0.0,0.0,79.0,301.71999999999997,301.71999999999997,0.0,,0,"Value tier 1/2: less recent, occasional"
16716,2011-03-18 10:03:00,2.0,901.2,120.0,1.0,1.0,581.4,267.0,319.80000000000007,450.6,33.33333333333333,44.769444444444446,0,"Value tier 1/2: less recent, occasional"
16717,2011-11-16 12:16:00,6.0,3843.08,1860.0,176.0,3.0,580.02,24.0,3263.06,640.5133333333333,33.33333333333333,68.56222222222223,1,"Value tier 2/2: recent, repeat"
16718,2010-12-05 13:03:00,1.0,606.0500000000001,407.0,41.0,0.0,0.0,370.0,606.0500000000001,606.0500000000001,0.0,,0,"Value tier 1/2: less recent, occasional"
16719,2011-11-25 09:27:00,7.0,1770.22,1175.0,107.0,1.0,16.5,15.0,1753.72,252.88857142857142,12.5,58.98159722222223,1,"Value tier 2/2: recent, repeat"
16720,2011-11-13 16:22:00,1.0,152.95,180.0,25.0,0.0,0.0,27.0,152.95,152.95,0.0,,0,"Value tier 1/2: less recent, occasional"
16721,2011-03-22 16:08:00,1.0,292.47,172.0,37.0,0.0,0.0,263.0,292.47,292.47,0.0,,0,"Value tier 1/2: less recent, occasional"
16722,2011-11-22 13:28:00,13.0,4730.81,5001.0,96.0,3.0,19.6,18.0,4711.21,363.90846153846155,18.75,29.25167824074074,1,"Value tier 2/2: recent, repeat"
16723,2011-09-09 13:01:00,2.0,576.4,398.0,37.0,0.0,0.0,92.0,576.4,288.2,0.0,16.0625,0,"Value tier 1/2: less recent, occasional"
16725,2011-02-10 16:52:00,6.0,756.82,287.0,109.0,1.0,5.95,303.0,750.87,126.13666666666667,14.285714285714285,13.806944444444445,0,"Value tier 1/2: less recent, occasional"
16726,2011-11-13 14:53:00,5.0,1358.74,945.0,121.0,0.0,0.0,27.0,1358.74,271.748,0.0,83.76475694444444,1,"Value tier 2/2: recent, repeat"
16727,2010-12-10 13:48:00,1.0,256.32,167.0,41.0,0.0,0.0,365.0,256.32,256.32,0.0,,0,"Value tier 1/2: less recent, occasional"
16728,2011-10-24 14:36:00,4.0,1048.28,671.0,218.0,0.0,0.0,47.0,1048.28,262.07,0.0,72.68240740740741,1,"Value tier 2/2: recent, repeat"
16729,2011-11-01 14:29:00,21.0,7202.01,5718.0,233.0,5.0,156.6,39.0,7045.41,342.95285714285717,19.230769230769234,10.150243055555555,1,"Value tier 2/2: recent, repeat"
16730,2011-10-18 14:11:00,3.0,743.11,994.0,75.0,1.0,40.32,53.0,702.79,247.70333333333335,25.0,133.50347222222223,0,"Value tier 1/2: less recent, occasional"
16732,2011-11-08 09:54:00,1.0,603.75,317.0,28.0,0.0,0.0,32.0,603.75,603.75,0.0,,0,"Value tier 1/2: less recent, occasional"
16734,2011-10-18 13:44:00,3.0,646.76,345.0,44.0,0.0,0.0,53.0,646.76,215.58666666666667,0.0,30.97361111111111,0,"Value tier 1/2: less recent, occasional"
16735,2011-09-22 11:49:00,5.0,2247.41,1532.0,88.0,2.0,31.349999999999998,79.0,2216.06,449.48199999999997,28.57142857142857,63.988888888888894,1,"Value tier 2/2: recent, repeat"
16737,2011-10-17 13:03:00,1.0,417.59999999999997,288.0,1.0,0.0,0.0,54.0,417.59999999999997,417.59999999999997,0.0,,0,"Value tier 1/2: less recent, occasional"
16738,2011-02-15 09:46:00,1.0,3.75,3.0,1.0,0.0,0.0,298.0,3.75,3.75,0.0,,0,"Value tier 1/2: less recent, occasional"
16739,2011-06-16 09:17:00,1.0,323.0,172.0,13.0,1.0,10.45,177.0,312.55,323.0,50.0,,0,"Value tier 1/2: less recent, occasional"
16743,2011-11-10 13:13:00,7.0,2213.13,2035.0,89.0,1.0,46.25,30.0,2166.88,316.1614285714286,12.5,54.84004629629629,1,"Value tier 2/2: recent, repeat"
16744,2011-11-28 13:06:00,7.0,1291.91,798.0,198.0,0.0,0.0,12.0,1291.91,184.55857142857144,0.0,26.985300925925927,1,"Value tier 2/2: recent, repeat"
16745,2011-09-14 11:58:00,17.0,7180.7,6719.0,148.0,1.0,23.6,87.0,7157.099999999999,422.3941176470588,5.555555555555555,14.063671874999999,1,"Value tier 2/2: recent, repeat"
16746,2011-12-05 12:33:00,18.0,6680.11,4660.0,234.0,1.0,3.3499999999999996,5.0,6676.759999999999,371.1172222222222,5.263157894736842,20.825571895424837,1,"Value tier 2/2: recent, repeat"
16747,2011-11-02 11:37:00,2.0,836.06,583.0,34.0,2.0,9.099999999999998,38.0,826.9599999999999,418.03,50.0,30.054861111111112,0,"Value tier 1/2: less recent, occasional"
16748,2011-11-22 10:17:00,5.0,1515.9,880.0,42.0,0.0,0.0,18.0,1515.9,303.18,0.0,79.21302083333333,1,"Value tier 2/2: recent, repeat"
16750,2011-10-26 12:48:00,5.0,623.93,214.0,74.0,0.0,0.0,45.0,623.93,124.78599999999999,0.0,46.95746527777778,1,"Value tier 2/2: recent, repeat"
16751,2011-11-09 10:48:00,1.0,1764.72,1031.0,24.0,0.0,0.0,31.0,1764.72,1764.72,0.0,,0,"Value tier 1/2: less recent, occasional"
16752,2010-12-02 12:18:00,1.0,207.5,54.0,9.0,0.0,0.0,373.0,207.5,207.5,0.0,,0,"Value tier 1/2: less recent, occasional"
16753,2011-10-12 13:14:00,1.0,223.92000000000002,189.0,34.0,0.0,0.0,59.0,223.92000000000002,223.92000000000002,0.0,,0,"Value tier 1/2: less recent, occasional"
16754,2010-12-02 17:38:00,1.0,2002.4,4280.0,2.0,0.0,0.0,373.0,2002.4,2002.4,0.0,,0,"Value tier 1/2: less recent, occasional"
16755,2011-08-17 13:21:00,3.0,1475.43,1058.0,133.0,2.0,12.2,115.0,1463.23,491.81,40.0,100.55347222222223,0,"Value tier 1/2: less recent, occasional"
16756,2011-05-09 09:33:00,1.0,239.4,106.0,13.0,0.0,0.0,215.0,239.4,239.4,0.0,,0,"Value tier 1/2: less recent, occasional"
16757,2011-01-25 11:59:00,1.0,106.83000000000001,81.0,7.0,0.0,0.0,319.0,106.83000000000001,106.83000000000001,0.0,,0,"Value tier 1/2: less recent, occasional"
16758,2011-10-05 14:47:00,1.0,369.34000000000003,203.0,22.0,0.0,0.0,66.0,369.34000000000003,369.34000000000003,0.0,,0,"Value tier 1/2: less recent, occasional"
16759,2011-12-02 12:42:00,3.0,789.79,609.0,40.0,1.0,16.95,8.0,772.8399999999999,263.2633333333333,25.0,11.575000000000001,1,"Value tier 2/2: recent, repeat"
16761,2011-09-04 11:15:00,1.0,316.62,341.0,13.0,0.0,0.0,97.0,316.62,316.62,0.0,,0,"Value tier 1/2: less recent, occasional"
16762,2011-11-20 11:43:00,3.0,1207.24,480.0,51.0,0.0,0.0,20.0,1207.24,402.41333333333336,0.0,62.47604166666667,1,"Value tier 2/2: recent, repeat"
16763,2011-05-25 11:52:00,1.0,611.85,319.0,23.0,1.0,16.95,199.0,594.9,611.85,50.0,,0,"Value tier 1/2: less recent, occasional"
16764,2011-12-06 11:41:00,13.0,2790.9500000000003,1253.0,209.0,5.0,41.00000000000001,4.0,2749.9500000000003,214.68846153846155,27.77777777777778,11.64722222222222,1,"Value tier 2/2: recent, repeat"
16765,2011-02-18 15:41:00,1.0,34.0,4.0,1.0,0.0,0.0,295.0,34.0,34.0,0.0,,0,"Value tier 1/2: less recent, occasional"
16766,2011-03-11 15:22:00,2.0,1145.6,536.0,17.0,0.0,0.0,274.0,1145.6,572.8,0.0,0.075,0,"Value tier 1/2: less recent, occasional"
16767,2011-11-09 09:42:00,11.0,5575.56,4423.0,148.0,0.0,0.0,31.0,5575.56,506.86909090909097,0.0,28.58361111111111,1,"Value tier 2/2: recent, repeat"
16768,2011-10-23 10:38:00,3.0,478.09000000000003,196.0,47.0,2.0,20.05,48.0,458.04,159.36333333333334,40.0,112.00451388888888,0,"Value tier 1/2: less recent, occasional"
16769,2011-03-24 13:41:00,1.0,361.54,80.0,33.0,0.0,0.0,261.0,361.54,361.54,0.0,,0,"Value tier 1/2: less recent, occasional"
16770,2011-10-13 12:21:00,5.0,757.1,456.0,116.0,1.0,25.200000000000003,58.0,731.9,151.42000000000002,16.666666666666664,78.71388888888889,1,"Value tier 2/2: recent, repeat"
16771,2011-11-06 13:28:00,5.0,2230.61,1475.0,199.0,0.0,0.0,34.0,2230.61,446.122,0.0,76.24496527777778,1,"Value tier 2/2: recent, repeat"
16773,2011-10-13 14:37:00,1.0,171.59,171.0,23.0,0.0,0.0,58.0,171.59,171.59,0.0,,0,"Value tier 1/2: less recent, occasional"
16774,2011-10-03 12:41:00,4.0,661.52,322.0,36.0,1.0,6.6,68.0,654.92,165.38,20.0,36.99907407407407,0,"Value tier 1/2: less recent, occasional"
16775,2011-11-29 15:22:00,11.0,1691.51,439.0,84.0,0.0,0.0,11.0,1691.51,153.77363636363637,0.0,35.70048611111111,1,"Value tier 2/2: recent, repeat"
16776,2011-10-10 13:04:00,1.0,371.54,254.0,61.0,0.0,0.0,61.0,371.54,371.54,0.0,,0,"Value tier 1/2: less recent, occasional"
16777,2011-09-20 13:41:00,2.0,222.62,62.0,45.0,0.0,0.0,81.0,222.62,111.31,0.0,176.96319444444444,0,"Value tier 1/2: less recent, occasional"
16778,2011-09-26 13:48:00,2.0,245.94,194.0,16.0,0.0,0.0,75.0,245.94,122.97,0.0,199.93541666666667,0,"Value tier 1/2: less recent, occasional"
16779,2011-12-07 14:54:00,22.0,10611.720000000001,5301.0,161.0,6.0,175.67000000000002,3.0,10436.050000000001,482.35090909090917,21.428571428571427,17.34318783068783,1,"Value tier 2/2: recent, repeat"
16780,2011-08-31 16:09:00,2.0,422.24,270.0,51.0,0.0,0.0,101.0,422.24,211.12,0.0,158.94097222222223,0,"Value tier 1/2: less recent, occasional"
16781,2010-12-02 14:26:00,1.0,311.25,113.0,17.0,1.0,16.599999999999998,373.0,294.65,311.25,50.0,,0,"Value tier 1/2: less recent, occasional"
16782,2011-11-29 13:20:00,13.0,2267.9500000000003,705.0,103.0,6.0,37.65,11.0,2230.3,174.45769230769233,31.57894736842105,29.589814814814815,1,"Value tier 2/2: recent, repeat"
16784,2011-11-20 12:20:00,1.0,107.6,24.0,3.0,0.0,0.0,20.0,107.6,107.6,0.0,,0,"Value tier 1/2: less recent, occasional"
16788,2011-08-08 14:53:00,2.0,592.74,303.0,137.0,0.0,0.0,124.0,592.74,296.37,0.0,131.075,0,"Value tier 1/2: less recent, occasional"
16789,2011-12-01 15:12:00,1.0,80.8,32.0,5.0,0.0,0.0,9.0,80.8,80.8,0.0,,0,"Value tier 1/2: less recent, occasional"
16790,2011-12-06 11:53:00,6.0,1545.6200000000001,898.0,88.0,2.0,25.5,4.0,1520.1200000000001,257.60333333333335,25.0,6.804166666666667,1,"Value tier 2/2: recent, repeat"
16791,2011-11-10 19:12:00,7.0,1693.03,756.0,217.0,1.0,15.5,30.0,1677.53,241.86142857142858,12.5,50.52430555555555,1,"Value tier 2/2: recent, repeat"
16792,2011-03-02 14:41:00,2.0,110.38000000000001,44.0,11.0,0.0,0.0,283.0,110.38000000000001,55.190000000000005,0.0,0.001388888888888889,0,"Value tier 1/2: less recent, occasional"
16793,2011-10-13 15:08:00,1.0,243.84,146.0,16.0,0.0,0.0,58.0,243.84,243.84,0.0,,0,"Value tier 1/2: less recent, occasional"
16794,2011-12-08 17:54:00,10.0,1194.48,922.0,141.0,2.0,21.2,2.0,1173.28,119.44800000000001,16.666666666666664,19.905787037037037,1,"Value tier 2/2: recent, repeat"
16795,2010-12-09 14:08:00,1.0,414.88,239.0,64.0,0.0,0.0,366.0,414.88,414.88,0.0,,0,"Value tier 1/2: less recent, occasional"
16796,2011-09-11 14:01:00,1.0,305.62,186.0,18.0,0.0,0.0,90.0,305.62,305.62,0.0,,0,"Value tier 1/2: less recent, occasional"
16800,2011-11-28 14:06:00,1.0,1162.65,524.0,148.0,0.0,0.0,12.0,1162.65,1162.65,0.0,,0,"Value tier 1/2: less recent, occasional"
16801,2011-06-29 15:33:00,4.0,1594.23,493.0,72.0,1.0,751.9000000000001,164.0,842.3299999999999,398.5575,20.0,36.68912037037037,0,"Value tier 1/2: less recent, occasional"
16803,2011-10-05 14:28:00,1.0,332.3,245.0,24.0,0.0,0.0,66.0,332.3,332.3,0.0,,0,"Value tier 1/2: less recent, occasional"
16804,2011-11-16 16:43:00,3.0,536.99,246.0,59.0,0.0,0.0,24.0,536.99,178.99666666666667,0.0,123.51909722222221,0,"Value tier 1/2: less recent, occasional"
16805,2011-06-19 11:23:00,2.0,460.59,539.0,94.0,0.0,0.0,174.0,460.59,230.295,0.0,186.90833333333333,0,"Value tier 1/2: less recent, occasional"
16806,2011-08-28 15:27:00,4.0,736.21,355.0,67.0,0.0,0.0,104.0,736.21,184.0525,0.0,45.270370370370365,0,"Value tier 1/2: less recent, occasional"
16807,2011-07-20 12:00:00,3.0,1121.59,778.0,57.0,0.0,0.0,143.0,1121.59,373.8633333333333,0.0,64.04652777777778,0,"Value tier 1/2: less recent, occasional"
16808,2011-09-01 19:34:00,2.0,288.42,196.0,21.0,0.0,0.0,100.0,288.42,144.21,0.0,175.02013888888888,0,"Value tier 1/2: less recent, occasional"
16809,2011-11-16 15:45:00,5.0,914.69,652.0,79.0,1.0,1.95,24.0,912.74,182.93800000000002,16.666666666666664,59.75434027777778,1,"Value tier 2/2: recent, repeat"
16810,2011-05-31 15:32:00,1.0,309.54,114.0,15.0,1.0,33.9,193.0,275.64000000000004,309.54,50.0,,0,"Value tier 1/2: less recent, occasional"
16811,2011-12-05 11:39:00,2.0,547.07,477.0,26.0,0.0,0.0,5.0,547.07,273.535,0.0,12.76388888888889,1,"Value tier 2/2: recent, repeat"
16812,2010-12-14 12:35:00,1.0,479.35,81.0,15.0,0.0,0.0,361.0,479.35,479.35,0.0,,0,"Value tier 1/2: less recent, occasional"
16813,2011-12-01 14:03:00,10.0,1652.18,1501.0,248.0,0.0,0.0,9.0,1652.18,165.21800000000002,0.0,21.780478395061728,1,"Value tier 2/2: recent, repeat"
16814,2011-11-25 13:27:00,21.0,6406.8,2691.0,121.0,1.0,8.5,15.0,6398.3,305.0857142857143,4.545454545454546,17.753541666666667,1,"Value tier 2/2: recent, repeat"
16816,2011-08-28 14:16:00,4.0,417.06,274.0,28.0,0.0,0.0,104.0,417.06,104.265,0.0,84.96180555555556,0,"Value tier 1/2: less recent, occasional"
16817,2011-12-07 11:03:00,9.0,1604.75,822.0,73.0,4.0,157.8,3.0,1446.95,178.30555555555554,30.76923076923077,45.73298611111111,1,"Value tier 2/2: recent, repeat"
16818,2011-11-29 10:41:00,11.0,3349.57,2164.0,172.0,2.0,31.599999999999998,11.0,3317.9700000000003,304.50636363636363,15.384615384615385,19.495763888888888,1,"Value tier 2/2: recent, repeat"
16820,2011-09-05 12:06:00,1.0,497.61,307.0,26.0,0.0,0.0,96.0,497.61,497.61,0.0,,0,"Value tier 1/2: less recent, occasional"
16823,2011-04-26 15:00:00,1.0,358.38,136.0,34.0,0.0,0.0,228.0,358.38,358.38,0.0,,0,"Value tier 1/2: less recent, occasional"
16824,2011-11-24 12:38:00,2.0,460.64,236.0,23.0,0.0,0.0,16.0,460.64,230.32,0.0,148.9597222222222,0,"Value tier 1/2: less recent, occasional"
16825,2011-11-01 11:51:00,2.0,775.1800000000001,566.0,27.0,0.0,0.0,39.0,775.1800000000001,387.59000000000003,0.0,147.08819444444444,0,"Value tier 1/2: less recent, occasional"
16826,2011-10-19 14:05:00,1.0,341.7,158.0,22.0,0.0,0.0,52.0,341.7,341.7,0.0,,0,"Value tier 1/2: less recent, occasional"
16828,2011-08-19 13:24:00,1.0,113.5,58.0,7.0,0.0,0.0,113.0,113.5,113.5,0.0,,0,"Value tier 1/2: less recent, occasional"
16829,2011-07-06 10:48:00,1.0,197.22,99.0,11.0,0.0,0.0,157.0,197.22,197.22,0.0,,0,"Value tier 1/2: less recent, occasional"
16830,2011-11-01 11:35:00,1.0,325.91,264.0,23.0,0.0,0.0,39.0,325.91,325.91,0.0,,0,"Value tier 1/2: less recent, occasional"
16832,2011-06-08 15:36:00,3.0,199.15,33.0,11.0,0.0,0.0,185.0,199.15,66.38333333333334,0.0,16.529166666666665,0,"Value tier 1/2: less recent, occasional"
16833,2011-12-08 14:39:00,4.0,1106.53,440.0,46.0,0.0,0.0,2.0,1106.53,276.6325,0.0,111.02245370370372,1,"Value tier 2/2: recent, repeat"
16834,2011-04-26 09:37:00,1.0,413.46,358.0,24.0,0.0,0.0,228.0,413.46,413.46,0.0,,0,"Value tier 1/2: less recent, occasional"
16835,2011-08-03 13:50:00,2.0,180.85,61.0,10.0,0.0,0.0,129.0,180.85,90.425,0.0,244.85763888888889,0,"Value tier 1/2: less recent, occasional"
16836,2011-10-31 10:05:00,2.0,251.87,165.0,11.0,0.0,0.0,40.0,251.87,125.935,0.0,76.89375,0,"Value tier 1/2: less recent, occasional"
16837,2011-11-08 14:27:00,11.0,3170.98,1563.0,123.0,1.0,3.25,32.0,3167.73,288.2709090909091,8.333333333333332,21.423541666666665,1,"Value tier 2/2: recent, repeat"
16838,2011-05-26 13:13:00,2.0,588.85,185.0,24.0,1.0,5.95,198.0,582.9,294.425,33.33333333333333,90.925,0,"Value tier 1/2: less recent, occasional"
16839,2011-12-01 09:03:00,34.0,16594.35,8975.0,114.0,5.0,1232.07,9.0,15362.279999999999,488.06911764705876,12.82051282051282,10.936616161616161,1,"Value tier 2/2: recent, repeat"
16841,2011-11-03 11:51:00,6.0,1869.82,2250.0,101.0,1.0,95.2,37.0,1774.62,311.63666666666666,14.285714285714285,50.193194444444444,1,"Value tier 2/2: recent, repeat"
16842,2011-08-31 10:42:00,3.0,1264.19,693.0,45.0,1.0,3.75,101.0,1260.44,421.3966666666667,25.0,100.91354166666666,0,"Value tier 1/2: less recent, occasional"
16843,2011-10-28 09:06:00,16.0,10196.57,10159.0,226.0,1.0,12.75,43.0,10183.82,637.285625,5.88235294117647,18.980370370370373,1,"Value tier 2/2: recent, repeat"
16846,2011-10-20 13:55:00,1.0,214.32,135.0,11.0,0.0,0.0,51.0,214.32,214.32,0.0,,0,"Value tier 1/2: less recent, occasional"
16847,2011-10-27 13:29:00,1.0,193.44,78.0,12.0,0.0,0.0,44.0,193.44,193.44,0.0,,0,"Value tier 1/2: less recent, occasional"
16848,2011-10-18 08:42:00,1.0,281.42,182.0,14.0,0.0,0.0,53.0,281.42,281.42,0.0,,0,"Value tier 1/2: less recent, occasional"
16849,2011-06-06 09:16:00,1.0,124.57,33.0,8.0,0.0,0.0,187.0,124.57,124.57,0.0,,0,"Value tier 1/2: less recent, occasional"
16850,2011-01-10 11:09:00,1.0,332.41,249.0,19.0,0.0,0.0,334.0,332.41,332.41,0.0,,0,"Value tier 1/2: less recent, occasional"
16851,2011-12-05 13:32:00,3.0,342.45,271.0,17.0,0.0,0.0,5.0,342.45,114.14999999999999,0.0,23.57777777777778,1,"Value tier 2/2: recent, repeat"
16852,2011-11-29 13:22:00,2.0,144.91000000000003,56.0,9.0,0.0,0.0,11.0,144.91000000000003,72.45500000000001,0.0,165.89791666666667,0,"Value tier 1/2: less recent, occasional"
16855,2011-11-16 12:03:00,2.0,328.4,164.0,19.0,0.0,0.0,24.0,328.4,164.2,0.0,19.81388888888889,0,"Value tier 1/2: less recent, occasional"
16856,2011-11-25 08:59:00,1.0,35.400000000000006,12.0,2.0,0.0,0.0,15.0,35.400000000000006,35.400000000000006,0.0,,0,"Value tier 1/2: less recent, occasional"
16858,2010-12-06 09:52:00,1.0,375.69000000000005,91.0,9.0,1.0,29.8,369.0,345.89000000000004,375.69000000000005,50.0,,0,"Value tier 1/2: less recent, occasional"
16859,2011-07-18 12:19:00,2.0,747.81,827.0,50.0,3.0,274.67,145.0,473.13999999999993,373.905,60.0,116.94444444444444,0,"Value tier 1/2: less recent, occasional"
16861,2011-10-11 09:05:00,2.0,173.76,140.0,6.0,1.0,17.700000000000003,60.0,156.06,86.88,33.33333333333333,98.72708333333334,0,"Value tier 1/2: less recent, occasional"
16863,2011-11-08 15:26:00,2.0,502.8,409.0,25.0,2.0,21.45,32.0,481.35,251.4,50.0,335.26944444444445,0,"Value tier 1/2: less recent, occasional"
16866,2011-07-22 10:06:00,3.0,207.73999999999998,60.0,10.0,0.0,0.0,141.0,207.73999999999998,69.24666666666666,0.0,10.448611111111111,0,"Value tier 1/2: less recent, occasional"
16869,2011-11-17 12:02:00,4.0,817.12,583.0,113.0,1.0,19.8,23.0,797.32,204.28,20.0,50.98634259259259,1,"Value tier 2/2: recent, repeat"
16871,2011-11-17 19:27:00,6.0,2812.34,1253.0,131.0,1.0,50.849999999999994,23.0,2761.4900000000002,468.72333333333336,14.285714285714285,49.67444444444444,1,"Value tier 2/2: recent, repeat"
16872,2011-09-23 16:05:00,3.0,680.02,600.0,5.0,0.0,0.0,78.0,680.02,226.67333333333332,0.0,53.532291666666666,0,"Value tier 1/2: less recent, occasional"
16873,2011-12-05 12:05:00,6.0,7123.62,3840.0,179.0,4.0,57.31,5.0,7066.3099999999995,1187.27,40.0,71.96944444444445,1,"Value tier 2/2: recent, repeat"
16875,2011-10-03 13:39:00,5.0,2095.53,1069.0,93.0,4.0,72.06,68.0,2023.4700000000003,419.10600000000005,44.44444444444444,68.03159722222222,1,"Value tier 2/2: recent, repeat"
16877,2011-11-27 13:47:00,6.0,846.62,458.0,111.0,0.0,0.0,13.0,846.62,141.10333333333332,0.0,39.179722222222225,1,"Value tier 2/2: recent, repeat"
16878,2011-09-16 17:39:00,1.0,13.3,12.0,3.0,1.0,13.3,85.0,0.0,13.3,50.0,,0,"Value tier 1/2: less recent, occasional"
16880,2011-11-09 11:33:00,7.0,1491.43,746.0,121.0,0.0,0.0,31.0,1491.43,213.0614285714286,0.0,26.46388888888889,1,"Value tier 2/2: recent, repeat"
16881,2011-10-04 10:33:00,1.0,432.0,600.0,1.0,0.0,0.0,67.0,432.0,432.0,0.0,,0,"Value tier 1/2: less recent, occasional"
16882,2011-10-04 10:42:00,3.0,705.12,424.0,39.0,0.0,0.0,67.0,705.12,235.04,0.0,125.35381944444444,0,"Value tier 1/2: less recent, occasional"
16883,2011-06-05 12:51:00,2.0,272.48,103.0,33.0,0.0,0.0,188.0,272.48,136.24,0.0,184.09583333333333,0,"Value tier 1/2: less recent, occasional"
16884,2011-11-02 11:52:00,2.0,429.84000000000003,320.0,26.0,0.0,0.0,38.0,429.84000000000003,214.92000000000002,0.0,0.06666666666666667,0,"Value tier 1/2: less recent, occasional"
16885,2011-11-24 13:40:00,3.0,450.41,178.0,82.0,0.0,0.0,16.0,450.41,150.13666666666668,0.0,170.92256944444443,0,"Value tier 1/2: less recent, occasional"
16887,2011-11-04 14:07:00,1.0,192.32999999999998,156.0,35.0,0.0,0.0,36.0,192.32999999999998,192.32999999999998,0.0,,0,"Value tier 1/2: less recent, occasional"
16889,2011-05-29 11:05:00,3.0,1578.67,925.0,112.0,0.0,0.0,195.0,1578.67,526.2233333333334,0.0,71.00625,0,"Value tier 1/2: less recent, occasional"
16891,2011-12-08 11:15:00,5.0,742.43,265.0,166.0,0.0,0.0,2.0,742.43,148.486,0.0,92.49652777777779,1,"Value tier 2/2: recent, repeat"
16892,2011-12-08 13:18:00,5.0,518.19,236.0,87.0,2.0,28.7,2.0,489.49000000000007,103.638,28.57142857142857,45.51788194444444,1,"Value tier 2/2: recent, repeat"
16893,2010-12-08 12:06:00,1.0,145.93,62.0,44.0,0.0,0.0,367.0,145.93,145.93,0.0,,0,"Value tier 1/2: less recent, occasional"
16895,2011-10-06 12:15:00,1.0,202.27,91.0,57.0,0.0,0.0,65.0,202.27,202.27,0.0,,0,"Value tier 1/2: less recent, occasional"
16897,2011-02-13 15:02:00,2.0,289.78,73.0,37.0,1.0,76.75,300.0,213.02999999999997,144.89,33.33333333333333,14.131944444444445,0,"Value tier 1/2: less recent, occasional"
16898,2011-11-13 15:44:00,3.0,501.03,412.0,150.0,1.0,64.35,27.0,436.67999999999995,167.01,25.0,171.06979166666667,0,"Value tier 1/2: less recent, occasional"
16899,2011-12-02 12:03:00,6.0,1271.06,520.0,80.0,0.0,0.0,8.0,1271.06,211.84333333333333,0.0,70.59055555555555,1,"Value tier 2/2: recent, repeat"
16900,2011-11-23 10:32:00,3.0,882.16,832.0,77.0,1.0,12.959999999999999,17.0,869.1999999999999,294.05333333333334,25.0,23.442708333333332,1,"Value tier 2/2: recent, repeat"
16902,2011-08-15 14:17:00,1.0,1706.88,629.0,43.0,0.0,0.0,117.0,1706.88,1706.88,0.0,,0,"Value tier 1/2: less recent, occasional"
16903,2011-11-10 15:32:00,1.0,363.2,247.0,50.0,0.0,0.0,30.0,363.2,363.2,0.0,,0,"Value tier 1/2: less recent, occasional"
16904,2011-12-05 13:10:00,15.0,3634.95,1973.0,385.0,0.0,0.0,5.0,3634.95,242.32999999999998,0.0,25.92762896825397,1,"Value tier 2/2: recent, repeat"
16905,2011-12-04 14:01:00,7.0,3037.6,1381.0,117.0,1.0,16.95,6.0,3020.65,433.9428571428571,12.5,61.02291666666667,1,"Value tier 2/2: recent, repeat"
16906,2011-09-19 11:49:00,4.0,559.59,263.0,74.0,0.0,0.0,82.0,559.59,139.8975,0.0,55.657175925925934,0,"Value tier 1/2: less recent, occasional"
16907,2011-11-10 18:04:00,5.0,928.76,286.0,89.0,0.0,0.0,30.0,928.76,185.752,0.0,84.01249999999999,1,"Value tier 2/2: recent, repeat"
16909,2011-09-28 16:45:00,1.0,379.14,436.0,18.0,1.0,15.0,73.0,364.14,379.14,50.0,,0,"Value tier 1/2: less recent, occasional"
16910,2011-12-05 12:51:00,8.0,1508.96,884.0,318.0,0.0,0.0,5.0,1508.96,188.62,0.0,12.4203373015873,1,"Value tier 2/2: recent, repeat"
16912,2011-11-11 12:18:00,11.0,2555.58,1025.0,88.0,3.0,39.65,29.0,2515.93,232.32545454545453,21.428571428571427,29.485833333333336,1,"Value tier 2/2: recent, repeat"
16913,2011-02-22 12:56:00,1.0,113.44,82.0,8.0,0.0,0.0,291.0,113.44,113.44,0.0,,0,"Value tier 1/2: less recent, occasional"
16914,2011-11-03 15:27:00,1.0,183.76,112.0,25.0,0.0,0.0,37.0,183.76,183.76,0.0,,0,"Value tier 1/2: less recent, occasional"
16915,2011-11-30 16:39:00,6.0,621.6800000000001,132.0,46.0,0.0,0.0,10.0,621.6800000000001,103.61333333333334,0.0,54.856527777777785,1,"Value tier 2/2: recent, repeat"
16916,2011-11-16 12:08:00,2.0,562.41,431.0,129.0,0.0,0.0,24.0,562.41,281.205,0.0,348.95416666666665,0,"Value tier 1/2: less recent, occasional"
16917,2011-03-08 11:55:00,1.0,391.52,232.0,9.0,0.0,0.0,277.0,391.52,391.52,0.0,,0,"Value tier 1/2: less recent, occasional"
16918,2011-10-21 12:50:00,6.0,1068.82,721.0,97.0,1.0,25.479999999999997,50.0,1043.34,178.13666666666666,14.285714285714285,53.560138888888886,1,"Value tier 2/2: recent, repeat"
16919,2011-07-06 13:35:00,11.0,2592.25,1403.0,141.0,0.0,0.0,157.0,2592.25,235.6590909090909,0.0,21.20298611111111,1,"Value tier 2/2: recent, repeat"
16921,2011-10-09 16:22:00,1.0,154.18,154.0,50.0,0.0,0.0,62.0,154.18,154.18,0.0,,0,"Value tier 1/2: less recent, occasional"
16923,2011-11-27 13:00:00,19.0,7069.08,3344.0,313.0,7.0,580.78,13.0,6488.3,372.0568421052632,26.923076923076923,19.44884259259259,1,"Value tier 2/2: recent, repeat"
16924,2011-11-18 12:53:00,3.0,829.89,467.0,69.0,1.0,107.25,22.0,722.64,276.63,25.0,31.499652777777776,1,"Value tier 2/2: recent, repeat"
16926,2010-12-03 13:42:00,1.0,230.25,35.0,14.0,0.0,0.0,372.0,230.25,230.25,0.0,,0,"Value tier 1/2: less recent, occasional"
16927,2011-08-16 11:10:00,3.0,543.05,993.0,5.0,0.0,0.0,116.0,543.05,181.01666666666665,0.0,122.98368055555555,0,"Value tier 1/2: less recent, occasional"
16928,2011-09-20 15:10:00,17.0,2806.75,2091.0,68.0,2.0,66.1,81.0,2740.65,165.10294117647058,10.526315789473683,18.312022569444444,1,"Value tier 2/2: recent, repeat"
16929,2011-12-06 08:37:00,7.0,1295.39,929.0,51.0,0.0,0.0,4.0,1295.39,185.0557142857143,0.0,25.305324074074075,1,"Value tier 2/2: recent, repeat"
16930,2011-11-13 16:13:00,3.0,378.89,339.0,47.0,0.0,0.0,27.0,378.89,126.29666666666667,0.0,21.0375,0,"Value tier 1/2: less recent, occasional"
16931,2011-12-04 13:15:00,21.0,4554.87,3134.0,448.0,0.0,0.0,6.0,4554.87,216.89857142857142,0.0,18.203298611111112,1,"Value tier 2/2: recent, repeat"
16932,2011-10-17 14:12:00,1.0,150.23000000000002,82.0,44.0,0.0,0.0,54.0,150.23000000000002,150.23000000000002,0.0,,0,"Value tier 1/2: less recent, occasional"
16933,2011-12-08 12:54:00,2.0,563.23,288.0,42.0,3.0,33.15,2.0,530.08,281.615,60.0,237.97291666666666,1,"Value tier 2/2: recent, repeat"
16934,2011-10-16 12:40:00,2.0,931.03,397.0,59.0,0.0,0.0,55.0,931.03,465.515,0.0,0.010416666666666666,0,"Value tier 1/2: less recent, occasional"
16936,2011-11-14 11:04:00,1.0,261.9,171.0,56.0,0.0,0.0,26.0,261.9,261.9,0.0,,0,"Value tier 1/2: less recent, occasional"
16938,2011-12-01 10:20:00,4.0,2711.6800000000003,2533.0,212.0,1.0,833.2500000000001,9.0,1878.4300000000003,677.9200000000001,20.0,100.01064814814815,1,"Value tier 2/2: recent, repeat"
16940,2011-10-18 13:15:00,3.0,3049.88,2169.0,226.0,0.0,0.0,53.0,3049.88,1016.6266666666667,0.0,118.51666666666667,1,"Value tier 2/2: recent, repeat"
16942,2011-11-27 12:40:00,9.0,1904.99,805.0,159.0,1.0,26.479999999999997,13.0,1878.51,211.66555555555556,10.0,26.878559027777776,1,"Value tier 2/2: recent, repeat"
16943,2011-05-12 11:57:00,3.0,816.73,145.0,23.0,0.0,0.0,212.0,816.73,272.24333333333334,0.0,53.45729166666666,0,"Value tier 1/2: less recent, occasional"
16945,2011-11-18 11:39:00,19.0,4345.5,2725.0,137.0,0.0,0.0,22.0,4345.5,228.71052631578948,0.0,18.707947530864196,1,"Value tier 2/2: recent, repeat"
16947,2011-04-18 09:38:00,1.0,406.48,312.0,21.0,0.0,0.0,236.0,406.48,406.48,0.0,,0,"Value tier 1/2: less recent, occasional"
16948,2011-07-24 12:46:00,3.0,435.02,1614.0,15.0,0.0,0.0,139.0,435.02,145.00666666666666,0.0,93.5375,0,"Value tier 1/2: less recent, occasional"
16949,2011-12-06 11:07:00,6.0,1286.27,791.0,57.0,1.0,125.0,4.0,1161.27,214.37833333333333,14.285714285714285,62.591111111111104,1,"Value tier 2/2: recent, repeat"
16950,2011-10-14 09:06:00,3.0,1178.56,644.0,39.0,0.0,0.0,57.0,1178.56,392.8533333333333,0.0,155.3701388888889,0,"Value tier 1/2: less recent, occasional"
16951,2011-07-28 12:05:00,3.0,1277.75,1318.0,73.0,1.0,15.0,135.0,1262.75,425.9166666666667,25.0,84.93993055555556,0,"Value tier 1/2: less recent, occasional"
16952,2011-08-22 13:03:00,2.0,167.61,92.0,16.0,0.0,0.0,110.0,167.61,83.805,0.0,0.003472222222222222,0,"Value tier 1/2: less recent, occasional"
16953,2011-11-09 15:54:00,1.0,20.8,10.0,1.0,0.0,0.0,31.0,20.8,20.8,0.0,,0,"Value tier 1/2: less recent, occasional"
16954,2011-12-09 09:46:00,9.0,2085.08,1054.0,40.0,0.0,0.0,1.0,2085.08,231.67555555555555,0.0,44.87022569444444,1,"Value tier 2/2: recent, repeat"
16955,2011-06-08 10:36:00,4.0,518.67,266.0,18.0,1.0,25.0,185.0,493.66999999999996,129.6675,20.0,62.95949074074074,0,"Value tier 1/2: less recent, occasional"
16956,2011-11-22 08:56:00,1.0,308.74,114.0,16.0,1.0,16.4,18.0,292.34000000000003,308.74,50.0,,0,"Value tier 1/2: less recent, occasional"
16957,2011-04-14 13:56:00,2.0,416.64,172.0,15.0,0.0,0.0,240.0,416.64,208.32,0.0,42.18819444444444,0,"Value tier 1/2: less recent, occasional"
16959,2011-09-13 15:03:00,1.0,117.35000000000001,49.0,7.0,0.0,0.0,88.0,117.35000000000001,117.35000000000001,0.0,,0,"Value tier 1/2: less recent, occasional"
16960,2011-11-01 11:35:00,3.0,505.1,301.0,91.0,0.0,0.0,39.0,505.1,168.36666666666667,0.0,106.99340277777779,0,"Value tier 1/2: less recent, occasional"
16961,2011-08-15 13:46:00,1.0,234.17,125.0,14.0,0.0,0.0,117.0,234.17,234.17,0.0,,0,"Value tier 1/2: less recent, occasional"
16963,2011-06-05 13:48:00,1.0,110.55000000000001,35.0,7.0,0.0,0.0,188.0,110.55000000000001,110.55000000000001,0.0,,0,"Value tier 1/2: less recent, occasional"
16965,2011-04-27 12:08:00,1.0,192.07,243.0,25.0,0.0,0.0,227.0,192.07,192.07,0.0,,0,"Value tier 1/2: less recent, occasional"
16966,2011-12-01 13:40:00,7.0,2154.97,1981.0,8.0,2.0,6.0,9.0,2148.97,307.8528571428571,22.22222222222222,38.66238425925926,1,"Value tier 2/2: recent, repeat"
16967,2011-06-03 14:24:00,1.0,319.02,333.0,21.0,0.0,0.0,190.0,319.02,319.02,0.0,,0,"Value tier 1/2: less recent, occasional"
16968,2011-12-05 15:02:00,2.0,439.43,326.0,31.0,0.0,0.0,5.0,439.43,219.715,0.0,103.17430555555555,1,"Value tier 2/2: recent, repeat"
16969,2011-10-31 13:12:00,3.0,650.41,816.0,42.0,0.0,0.0,40.0,650.41,216.8033333333333,0.0,76.02152777777778,0,"Value tier 1/2: less recent, occasional"
16971,2011-11-01 15:06:00,1.0,357.21,72.0,40.0,0.0,0.0,39.0,357.21,357.21,0.0,,0,"Value tier 1/2: less recent, occasional"
16976,2011-03-17 16:33:00,1.0,251.51999999999998,88.0,2.0,0.0,0.0,268.0,251.51999999999998,251.51999999999998,0.0,,0,"Value tier 1/2: less recent, occasional"
16978,2011-09-23 12:50:00,1.0,344.33,166.0,39.0,0.0,0.0,78.0,344.33,344.33,0.0,,0,"Value tier 1/2: less recent, occasional"
16979,2011-12-06 12:21:00,6.0,1852.0,865.0,64.0,2.0,42.95,4.0,1809.05,308.6666666666667,25.0,58.82513888888889,1,"Value tier 2/2: recent, repeat"
16980,2011-03-29 16:36:00,2.0,1028.46,739.0,71.0,0.0,0.0,256.0,1028.46,514.23,0.0,36.15138888888889,0,"Value tier 1/2: less recent, occasional"
16982,2011-10-10 12:28:00,1.0,384.06,182.0,22.0,0.0,0.0,61.0,384.06,384.06,0.0,,0,"Value tier 1/2: less recent, occasional"
16983,2011-11-27 12:10:00,7.0,1905.87,1335.0,112.0,1.0,11.049999999999999,13.0,1894.82,272.26714285714286,12.5,59.49722222222223,1,"Value tier 2/2: recent, repeat"
16984,2011-09-12 13:43:00,2.0,4459.52,2380.0,354.0,3.0,88.93,89.0,4370.59,2229.76,60.0,41.8375,1,"Value tier 2/2: recent, repeat"
16985,2011-11-22 13:33:00,10.0,5464.12,1832.0,62.0,1.0,2.5,18.0,5461.62,546.412,9.090909090909092,37.90239197530864,1,"Value tier 2/2: recent, repeat"
16986,2011-11-10 11:55:00,2.0,1873.2,1040.0,3.0,0.0,0.0,30.0,1873.2,936.6,0.0,0.8354166666666667,1,"Value tier 2/2: recent, repeat"
16987,2011-12-06 17:26:00,7.0,1616.8,401.0,74.0,0.0,0.0,4.0,1616.8,230.97142857142856,0.0,33.677199074074075,1,"Value tier 2/2: recent, repeat"
16988,2011-12-04 16:02:00,1.0,126.12,43.0,7.0,0.0,0.0,6.0,126.12,126.12,0.0,,0,"Value tier 1/2: less recent, occasional"
16989,2011-12-02 16:39:00,6.0,1133.25,1233.0,7.0,0.0,0.0,8.0,1133.25,188.875,0.0,28.66222222222222,1,"Value tier 2/2: recent, repeat"
16990,2011-05-05 08:30:00,1.0,179.0,100.0,1.0,0.0,0.0,219.0,179.0,179.0,0.0,,0,"Value tier 1/2: less recent, occasional"
16992,2011-11-29 11:50:00,5.0,1614.31,860.0,84.0,1.0,12.45,11.0,1601.86,322.86199999999997,16.666666666666664,68.51267361111111,1,"Value tier 2/2: recent, repeat"
16996,2011-11-09 16:43:00,6.0,1456.96,544.0,13.0,3.0,29.500000000000004,31.0,1427.46,242.82666666666668,33.33333333333333,64.62791666666666,1,"Value tier 2/2: recent, repeat"
16997,2011-02-24 17:28:00,3.0,702.0,360.0,7.0,0.0,0.0,289.0,702.0,234.0,0.0,18.61701388888889,0,"Value tier 1/2: less recent, occasional"
16998,2011-07-13 09:44:00,4.0,295.0,76.0,1.0,1.0,7.5,150.0,287.5,73.75,20.0,51.5837962962963,0,"Value tier 1/2: less recent, occasional"
16999,2011-11-16 13:53:00,2.0,484.82,294.0,21.0,0.0,0.0,24.0,484.82,242.41,0.0,50.923611111111114,0,"Value tier 1/2: less recent, occasional"
17001,2011-12-09 09:38:00,11.0,3989.57,2164.0,75.0,0.0,0.0,1.0,3989.57,362.6881818181818,0.0,35.80020833333333,1,"Value tier 2/2: recent, repeat"
17002,2011-09-15 12:40:00,3.0,1493.73,679.0,41.0,1.0,5.95,86.0,1487.78,497.91,25.0,102.51875,0,"Value tier 1/2: less recent, occasional"
17004,2011-10-24 14:25:00,2.0,1312.1399999999999,771.0,38.0,0.0,0.0,47.0,1312.1399999999999,656.0699999999999,0.0,46.08958333333333,0,"Value tier 1/2: less recent, occasional"
17006,2011-12-05 12:09:00,4.0,781.78,272.0,37.0,0.0,0.0,5.0,781.78,195.445,0.0,23.665277777777778,1,"Value tier 2/2: recent, repeat"
17007,2011-10-20 10:47:00,6.0,889.9300000000001,597.0,50.0,1.0,12.5,51.0,877.4300000000001,148.3216666666667,14.285714285714285,61.37361111111111,1,"Value tier 2/2: recent, repeat"
17010,2011-11-21 14:49:00,1.0,195.36,118.0,11.0,1.0,9.9,19.0,185.46,195.36,50.0,,0,"Value tier 1/2: less recent, occasional"
17011,2011-11-09 13:30:00,1.0,270.9,186.0,15.0,0.0,0.0,31.0,270.9,270.9,0.0,,0,"Value tier 1/2: less recent, occasional"
17014,2011-12-01 14:09:00,3.0,583.4300000000001,243.0,63.0,1.0,20.75,9.0,562.6800000000001,194.4766666666667,25.0,29.053125,1,"Value tier 2/2: recent, repeat"
17015,2011-11-11 10:45:00,3.0,1838.6100000000001,1978.0,182.0,0.0,0.0,29.0,1838.6100000000001,612.87,0.0,78.44652777777777,1,"Value tier 2/2: recent, repeat"
17017,2011-12-07 09:32:00,20.0,8694.26,6673.0,88.0,7.0,120.15,3.0,8574.11,434.713,25.925925925925924,19.47203947368421,1,"Value tier 2/2: recent, repeat"
17018,2011-10-30 11:42:00,2.0,920.1,176.0,15.0,0.0,0.0,41.0,920.1,460.05,0.0,285.1222222222222,0,"Value tier 1/2: less recent, occasional"
17019,2011-11-28 13:06:00,4.0,1258.08,820.0,166.0,0.0,0.0,12.0,1258.08,314.52,0.0,119.0025462962963,1,"Value tier 2/2: recent, repeat"
17022,2011-11-08 17:09:00,1.0,71.0,108.0,7.0,0.0,0.0,32.0,71.0,71.0,0.0,,0,"Value tier 1/2: less recent, occasional"
17024,2011-10-25 13:47:00,3.0,95.85,69.0,2.0,0.0,0.0,46.0,95.85,31.95,0.0,56.08888888888889,0,"Value tier 1/2: less recent, occasional"
17025,2011-10-10 09:06:00,3.0,357.77,235.0,8.0,0.0,0.0,61.0,357.77,119.25666666666666,0.0,156.36145833333333,0,"Value tier 1/2: less recent, occasional"
17026,2011-06-07 14:28:00,2.0,154.82999999999998,97.0,4.0,0.0,0.0,186.0,154.82999999999998,77.41499999999999,0.0,184.0701388888889,0,"Value tier 1/2: less recent, occasional"
17027,2011-09-22 12:24:00,6.0,877.5600000000001,416.0,110.0,1.0,41.7,79.0,835.86,146.26000000000002,14.285714285714285,47.78402777777777,1,"Value tier 2/2: recent, repeat"
17029,2011-08-21 11:06:00,2.0,716.0,400.0,1.0,0.0,0.0,111.0,716.0,358.0,0.0,126.00625,0,"Value tier 1/2: less recent, occasional"
17030,2011-10-07 08:49:00,1.0,146.87,146.0,11.0,0.0,0.0,64.0,146.87,146.87,0.0,,0,"Value tier 1/2: less recent, occasional"
17031,2011-11-28 10:23:00,2.0,380.35,235.0,19.0,0.0,0.0,12.0,380.35,190.175,0.0,143.03125,0,"Value tier 1/2: less recent, occasional"
17033,2011-09-14 14:34:00,3.0,1030.14,750.0,24.0,0.0,0.0,87.0,1030.14,343.38000000000005,0.0,136.52534722222222,0,"Value tier 1/2: less recent, occasional"
17034,2011-11-23 15:14:00,3.0,745.52,410.0,28.0,1.0,10.950000000000001,17.0,734.5699999999999,248.50666666666666,25.0,135.60555555555555,1,"Value tier 2/2: recent, repeat"
17035,2011-04-08 11:23:00,2.0,433.53000000000003,229.0,27.0,1.0,45.2,246.0,388.33000000000004,216.76500000000001,33.33333333333333,65.95555555555555,0,"Value tier 1/2: less recent, occasional"
17037,2011-09-13 12:49:00,1.0,1267.32,656.0,75.0,1.0,14.100000000000001,88.0,1253.22,1267.32,50.0,,0,"Value tier 1/2: less recent, occasional"
17038,2011-11-09 13:50:00,1.0,112.4,28.0,22.0,0.0,0.0,31.0,112.4,112.4,0.0,,0,"Value tier 1/2: less recent, occasional"
17040,2011-07-25 10:19:00,1.0,449.73,181.0,15.0,0.0,0.0,138.0,449.73,449.73,0.0,,0,"Value tier 1/2: less recent, occasional"
17041,2011-11-13 11:21:00,3.0,1071.49,927.0,59.0,1.0,15.8,27.0,1055.69,357.16333333333336,25.0,166.9923611111111,1,"Value tier 2/2: recent, repeat"
17042,2011-12-07 12:26:00,5.0,1036.58,990.0,74.0,0.0,0.0,3.0,1036.58,207.31599999999997,0.0,61.22447916666667,1,"Value tier 2/2: recent, repeat"
17043,2011-11-07 15:33:00,4.0,1735.18,998.0,100.0,0.0,0.0,33.0,1735.18,433.795,0.0,78.00925925925925,1,"Value tier 2/2: recent, repeat"
17044,2011-11-14 14:28:00,1.0,948.48,504.0,6.0,2.0,51.05,26.0,897.4300000000001,948.48,66.66666666666666,,0,"Value tier 1/2: less recent, occasional"
17045,2011-08-18 17:09:00,3.0,339.44,106.0,20.0,0.0,0.0,114.0,339.44,113.14666666666666,0.0,67.10451388888889,0,"Value tier 1/2: less recent, occasional"
17046,2011-07-05 14:24:00,1.0,642.02,510.0,22.0,0.0,0.0,158.0,642.02,642.02,0.0,,0,"Value tier 1/2: less recent, occasional"
17047,2011-09-15 13:27:00,3.0,1100.9,533.0,59.0,0.0,0.0,86.0,1100.9,366.9666666666667,0.0,59.92951388888889,0,"Value tier 1/2: less recent, occasional"
17048,2011-08-14 11:49:00,3.0,925.35,485.0,41.0,3.0,61.03,118.0,864.32,308.45,50.0,106.89513888888888,0,"Value tier 1/2: less recent, occasional"
17049,2011-12-07 10:48:00,9.0,5655.03,2673.0,201.0,2.0,65.2,3.0,5589.83,628.3366666666666,18.181818181818183,34.13671875,1,"Value tier 2/2: recent, repeat"
17050,2011-09-04 13:48:00,6.0,3185.64,1595.0,169.0,0.0,0.0,97.0,3185.64,530.9399999999999,0.0,40.60930555555556,1,"Value tier 2/2: recent, repeat"
17051,2011-05-29 14:13:00,1.0,240.89000000000001,179.0,40.0,0.0,0.0,195.0,240.89000000000001,240.89000000000001,0.0,,0,"Value tier 1/2: less recent, occasional"
17052,2011-11-11 14:50:00,1.0,399.09,251.0,72.0,0.0,0.0,29.0,399.09,399.09,0.0,,0,"Value tier 1/2: less recent, occasional"
17053,2011-08-01 10:23:00,1.0,498.48,122.0,13.0,1.0,2.1,131.0,496.38,498.48,50.0,,0,"Value tier 1/2: less recent, occasional"
17054,2011-11-11 12:56:00,5.0,1356.33,804.0,64.0,1.0,2.5,29.0,1353.83,271.26599999999996,16.666666666666664,54.246875,1,"Value tier 2/2: recent, repeat"
17058,2011-09-19 10:13:00,3.0,1179.89,592.0,51.0,0.0,0.0,82.0,1179.89,393.2966666666667,0.0,79.01909722222223,0,"Value tier 1/2: less recent, occasional"
17059,2011-11-10 12:27:00,5.0,3080.39,1850.0,292.0,0.0,0.0,30.0,3080.39,616.078,0.0,84.99861111111112,1,"Value tier 2/2: recent, repeat"
17060,2011-03-18 13:27:00,1.0,234.24,216.0,5.0,0.0,0.0,267.0,234.24,234.24,0.0,,0,"Value tier 1/2: less recent, occasional"
17061,2011-09-27 11:24:00,11.0,5232.2300000000005,1526.0,57.0,1.0,116.10000000000001,74.0,5116.13,475.65727272727275,8.333333333333332,15.891319444444445,1,"Value tier 2/2: recent, repeat"
17062,2011-01-30 11:01:00,4.0,528.29,406.0,51.0,1.0,3.9,314.0,524.39,132.0725,20.0,18.653240740740742,0,"Value tier 1/2: less recent, occasional"
17063,2011-11-18 16:19:00,7.0,1461.14,770.0,66.0,4.0,39.550000000000004,22.0,1421.5900000000001,208.73428571428573,36.36363636363637,44.68460648148149,1,"Value tier 2/2: recent, repeat"
17064,2011-10-12 10:18:00,3.0,855.45,316.0,53.0,0.0,0.0,59.0,855.45,285.15000000000003,0.0,134.3777777777778,0,"Value tier 1/2: less recent, occasional"
17068,2011-11-27 13:14:00,21.0,4545.89,2159.0,115.0,1.0,20.8,13.0,4525.09,216.47095238095238,4.545454545454546,17.798472222222223,1,"Value tier 2/2: recent, repeat"
17069,2011-11-11 17:13:00,9.0,2709.7000000000003,1506.0,111.0,4.0,54.480000000000004,29.0,2655.2200000000003,301.0777777777778,30.76923076923077,43.12708333333333,1,"Value tier 2/2: recent, repeat"
17070,2011-08-17 17:01:00,1.0,304.24,131.0,62.0,0.0,0.0,115.0,304.24,304.24,0.0,,0,"Value tier 1/2: less recent, occasional"
17071,2011-11-11 16:31:00,9.0,2429.03,1197.0,102.0,5.0,43.55,29.0,2385.48,269.89222222222224,35.714285714285715,35.16779513888889,1,"Value tier 2/2: recent, repeat"
17073,2011-11-22 11:47:00,4.0,1444.84,758.0,141.0,0.0,0.0,18.0,1444.84,361.21,0.0,30.627314814814813,1,"Value tier 2/2: recent, repeat"
17075,2011-11-22 11:58:00,4.0,834.12,292.0,62.0,1.0,20.35,18.0,813.77,208.53,20.0,99.98101851851852,1,"Value tier 2/2: recent, repeat"
17076,2011-11-03 17:53:00,3.0,841.0799999999999,295.0,17.0,0.0,0.0,37.0,841.0799999999999,280.35999999999996,0.0,164.16145833333334,0,"Value tier 1/2: less recent, occasional"
17078,2011-11-03 19:17:00,2.0,375.86,782.0,27.0,0.0,0.0,37.0,375.86,187.93,0.0,0.019444444444444445,0,"Value tier 1/2: less recent, occasional"
17079,2011-09-22 15:34:00,1.0,118.80000000000001,24.0,2.0,0.0,0.0,79.0,118.80000000000001,118.80000000000001,0.0,,0,"Value tier 1/2: less recent, occasional"
17080,2011-11-17 12:59:00,2.0,287.62,166.0,8.0,1.0,2.12,23.0,285.5,143.81,33.33333333333333,247.0375,0,"Value tier 1/2: less recent, occasional"
17081,2011-11-14 12:56:00,2.0,288.91,77.0,55.0,0.0,0.0,26.0,288.91,144.455,0.0,20.991666666666667,0,"Value tier 1/2: less recent, occasional"
17082,2011-11-06 15:17:00,2.0,2003.85,1049.0,75.0,0.0,0.0,34.0,2003.85,1001.925,0.0,285.0284722222222,1,"Value tier 2/2: recent, repeat"
17083,2011-08-22 15:43:00,3.0,1405.78,772.0,24.0,0.0,0.0,110.0,1405.78,468.5933333333333,0.0,97.08506944444444,0,"Value tier 1/2: less recent, occasional"
17084,2011-11-04 14:54:00,2.0,2747.9900000000002,1702.0,146.0,0.0,0.0,36.0,2747.9900000000002,1373.9950000000001,0.0,0.003472222222222222,1,"Value tier 2/2: recent, repeat"
17085,2011-08-08 14:15:00,5.0,1562.4,785.0,115.0,1.0,11.6,124.0,1550.8000000000002,312.48,16.666666666666664,59.76927083333334,1,"Value tier 2/2: recent, repeat"
17086,2011-12-02 13:54:00,6.0,2050.08,1859.0,76.0,0.0,0.0,8.0,2050.08,341.68,0.0,11.22111111111111,1,"Value tier 2/2: recent, repeat"
17088,2011-11-11 14:23:00,4.0,1991.01,868.0,96.0,0.0,0.0,29.0,1991.01,497.7525,0.0,75.0636574074074,1,"Value tier 2/2: recent, repeat"
17090,2011-12-05 13:44:00,7.0,1974.65,903.0,45.0,1.0,2.1,5.0,1972.5500000000002,282.09285714285716,12.5,58.3324074074074,1,"Value tier 2/2: recent, repeat"
17091,2011-12-07 10:43:00,9.0,3827.76,1746.0,119.0,1.0,24.95,3.0,3802.8100000000004,425.3066666666667,10.0,45.62916666666667,1,"Value tier 2/2: recent, repeat"
17092,2011-10-20 19:51:00,4.0,1774.03,1130.0,99.0,0.0,0.0,51.0,1774.03,443.5075,0.0,75.7361111111111,1,"Value tier 2/2: recent, repeat"
17094,2011-01-21 13:09:00,1.0,302.0,152.0,14.0,1.0,31.8,323.0,270.2,302.0,50.0,,0,"Value tier 1/2: less recent, occasional"
17095,2011-11-17 12:21:00,3.0,1324.16,618.0,69.0,2.0,27.8,23.0,1296.3600000000001,441.3866666666667,40.0,156.0263888888889,1,"Value tier 2/2: recent, repeat"
17096,2011-11-24 15:01:00,4.0,1022.13,339.0,46.0,3.0,29.449999999999996,16.0,992.68,255.5325,42.857142857142854,82.04074074074073,1,"Value tier 2/2: recent, repeat"
17097,2011-12-07 17:05:00,8.0,954.42,459.0,153.0,1.0,16.5,3.0,937.92,119.3025,11.11111111111111,51.870039682539684,1,"Value tier 2/2: recent, repeat"
17100,2011-11-21 16:36:00,2.0,971.74,800.0,65.0,0.0,0.0,19.0,971.74,485.87,0.0,0.0,0,"Value tier 1/2: less recent, occasional"
17101,2011-11-29 13:57:00,4.0,1621.73,815.0,28.0,0.0,0.0,11.0,1621.73,405.4325,0.0,55.98796296296296,1,"Value tier 2/2: recent, repeat"
17102,2011-03-23 10:08:00,1.0,25.5,2.0,1.0,0.0,0.0,262.0,25.5,25.5,0.0,,0,"Value tier 1/2: less recent, occasional"
17105,2011-07-03 15:53:00,2.0,665.78,693.0,80.0,0.0,0.0,160.0,665.78,332.89,0.0,147.04652777777778,0,"Value tier 1/2: less recent, occasional"
17107,2011-11-06 14:14:00,6.0,10797.48,4826.0,269.0,1.0,435.0,34.0,10362.48,1799.58,14.285714285714285,48.99125,1,"Value tier 2/2: recent, repeat"
17109,2011-11-10 16:59:00,6.0,881.29,588.0,107.0,2.0,15.36,30.0,865.93,146.88166666666666,25.0,40.61013888888889,1,"Value tier 2/2: recent, repeat"
17110,2011-06-27 12:58:00,1.0,163.29999999999998,50.0,12.0,0.0,0.0,166.0,163.29999999999998,163.29999999999998,0.0,,0,"Value tier 1/2: less recent, occasional"
17111,2011-10-23 15:59:00,1.0,231.61,282.0,29.0,0.0,0.0,48.0,231.61,231.61,0.0,,0,"Value tier 1/2: less recent, occasional"
17114,2011-12-04 12:17:00,8.0,801.12,215.0,85.0,2.0,61.4,6.0,739.72,100.14,20.0,47.003769841269836,1,"Value tier 2/2: recent, repeat"
17115,2011-12-01 14:30:00,3.0,837.5,372.0,33.0,2.0,30.599999999999998,9.0,806.9,279.1666666666667,40.0,112.49444444444444,1,"Value tier 2/2: recent, repeat"
17117,2011-02-24 13:54:00,1.0,116.19999999999999,68.0,9.0,0.0,0.0,289.0,116.19999999999999,116.19999999999999,0.0,,0,"Value tier 1/2: less recent, occasional"
17118,2011-01-26 12:19:00,1.0,157.02,154.0,10.0,0.0,0.0,318.0,157.02,157.02,0.0,,0,"Value tier 1/2: less recent, occasional"
17119,2011-12-06 14:40:00,2.0,606.91,334.0,35.0,1.0,13.3,4.0,593.61,303.455,33.33333333333333,56.15069444444445,1,"Value tier 2/2: recent, repeat"
17120,2011-04-20 15:21:00,1.0,307.46,120.0,18.0,0.0,0.0,234.0,307.46,307.46,0.0,,0,"Value tier 1/2: less recent, occasional"
17122,2011-08-12 14:33:00,1.0,138.32,80.0,7.0,0.0,0.0,120.0,138.32,138.32,0.0,,0,"Value tier 1/2: less recent, occasional"
17123,2011-07-01 10:47:00,1.0,345.29999999999995,246.0,9.0,0.0,0.0,162.0,345.29999999999995,345.29999999999995,0.0,,0,"Value tier 1/2: less recent, occasional"
17124,2011-06-07 14:02:00,1.0,294.24,129.0,31.0,0.0,0.0,186.0,294.24,294.24,0.0,,0,"Value tier 1/2: less recent, occasional"
17125,2011-10-20 14:41:00,1.0,230.5,281.0,34.0,0.0,0.0,51.0,230.5,230.5,0.0,,0,"Value tier 1/2: less recent, occasional"
17126,2011-07-10 13:52:00,5.0,989.45,780.0,187.0,2.0,12.899999999999999,153.0,976.5500000000001,197.89000000000001,28.57142857142857,52.52534722222222,0,"Value tier 1/2: less recent, occasional"
17128,2011-01-09 12:02:00,1.0,157.09,76.0,14.0,0.0,0.0,335.0,157.09,157.09,0.0,,0,"Value tier 1/2: less recent, occasional"
17131,2011-12-04 12:52:00,5.0,2463.17,983.0,78.0,0.0,0.0,6.0,2463.17,492.634,0.0,17.50173611111111,1,"Value tier 2/2: recent, repeat"
17133,2011-11-24 12:27:00,7.0,4892.240000000001,2730.0,13.0,0.0,0.0,16.0,4892.240000000001,698.8914285714287,0.0,41.824074074074076,1,"Value tier 2/2: recent, repeat"
17134,2011-08-25 09:53:00,2.0,413.2,98.0,21.0,0.0,0.0,107.0,413.2,206.6,0.0,157.91458333333333,0,"Value tier 1/2: less recent, occasional"
17135,2011-11-23 16:48:00,7.0,1139.73,1224.0,34.0,0.0,0.0,17.0,1139.73,162.81857142857143,0.0,59.21724537037037,1,"Value tier 2/2: recent, repeat"
17138,2011-03-09 11:54:00,1.0,380.5,126.0,24.0,0.0,0.0,276.0,380.5,380.5,0.0,,0,"Value tier 1/2: less recent, occasional"
17139,2011-11-24 10:12:00,12.0,10650.77,5176.0,309.0,3.0,82.89999999999999,16.0,10567.87,887.5641666666667,20.0,24.82070707070707,1,"Value tier 2/2: recent, repeat"
17140,2011-04-06 13:33:00,1.0,454.12,296.0,16.0,0.0,0.0,248.0,454.12,454.12,0.0,,0,"Value tier 1/2: less recent, occasional"
17142,2011-04-14 18:22:00,1.0,579.0,81.0,15.0,0.0,0.0,240.0,579.0,579.0,0.0,,0,"Value tier 1/2: less recent, occasional"
17144,2011-12-08 17:57:00,2.0,984.57,483.0,42.0,0.0,0.0,2.0,984.57,492.285,0.0,83.21319444444444,1,"Value tier 2/2: recent, repeat"
17146,2011-08-26 12:44:00,3.0,749.78,212.0,33.0,0.0,0.0,106.0,749.78,249.92666666666665,0.0,126.50833333333333,0,"Value tier 1/2: less recent, occasional"
17147,2011-11-17 12:32:00,4.0,1714.59,882.0,68.0,2.0,34.95,23.0,1679.6399999999999,428.6475,33.33333333333333,96.37407407407407,1,"Value tier 2/2: recent, repeat"
17148,2011-10-19 09:59:00,1.0,124.88,82.0,9.0,0.0,0.0,52.0,124.88,124.88,0.0,,0,"Value tier 1/2: less recent, occasional"
17152,2011-05-29 12:19:00,3.0,1689.5,517.0,9.0,1.0,186.0,195.0,1503.5,563.1666666666666,25.0,34.41631944444444,0,"Value tier 1/2: less recent, occasional"
17153,2011-11-15 13:42:00,1.0,213.78,104.0,14.0,0.0,0.0,25.0,213.78,213.78,0.0,,0,"Value tier 1/2: less recent, occasional"
17154,2011-09-25 13:42:00,1.0,329.34,490.0,23.0,0.0,0.0,76.0,329.34,329.34,0.0,,0,"Value tier 1/2: less recent, occasional"
17155,2011-11-22 12:38:00,2.0,251.70000000000002,242.0,19.0,0.0,0.0,18.0,251.70000000000002,125.85000000000001,0.0,160.09444444444443,0,"Value tier 1/2: less recent, occasional"
17157,2011-12-02 09:10:00,2.0,319.0,172.0,11.0,1.0,12.450000000000001,8.0,306.55,159.5,33.33333333333333,168.7513888888889,0,"Value tier 1/2: less recent, occasional"
17158,2011-11-07 15:15:00,3.0,1266.97,778.0,53.0,0.0,0.0,33.0,1266.97,422.3233333333333,0.0,164.04583333333335,1,"Value tier 2/2: recent, repeat"
17159,2011-11-18 10:52:00,3.0,1538.88,1111.0,96.0,1.0,4.15,22.0,1534.73,512.96,25.0,75.021875,1,"Value tier 2/2: recent, repeat"
17160,2011-11-08 14:05:00,6.0,3518.03,2856.0,111.0,0.0,0.0,32.0,3518.03,586.3383333333334,0.0,42.01736111111111,1,"Value tier 2/2: recent, repeat"
17162,2011-11-11 11:34:00,10.0,1715.46,1001.0,81.0,1.0,8.25,29.0,1707.21,171.546,9.090909090909092,30.773688271604936,1,"Value tier 2/2: recent, repeat"
17163,2011-11-18 08:57:00,2.0,293.1,66.0,3.0,0.0,0.0,22.0,293.1,146.55,0.0,56.71041666666667,0,"Value tier 1/2: less recent, occasional"
17164,2011-11-07 09:14:00,7.0,2467.35,1501.0,92.0,1.0,0.95,33.0,2466.4,352.4785714285714,12.5,40.13055555555555,1,"Value tier 2/2: recent, repeat"
17165,2011-02-28 16:39:00,1.0,158.68,100.0,10.0,0.0,0.0,285.0,158.68,158.68,0.0,,0,"Value tier 1/2: less recent, occasional"
17166,2011-11-01 09:46:00,2.0,206.34,78.0,11.0,1.0,16.85,39.0,189.49,103.17,33.33333333333333,165.0611111111111,0,"Value tier 1/2: less recent, occasional"
17169,2011-10-13 10:25:00,2.0,835.78,526.0,51.0,2.0,18.900000000000002,58.0,816.88,417.89,50.0,125.88125,0,"Value tier 1/2: less recent, occasional"
17171,2011-02-23 16:37:00,1.0,224.91,185.0,16.0,0.0,0.0,290.0,224.91,224.91,0.0,,0,"Value tier 1/2: less recent, occasional"
17172,2011-09-22 09:36:00,1.0,317.76,480.0,15.0,0.0,0.0,79.0,317.76,317.76,0.0,,0,"Value tier 1/2: less recent, occasional"
17173,2011-12-04 14:40:00,8.0,3766.6,1122.0,36.0,1.0,10.95,6.0,3755.65,470.825,11.11111111111111,17.995436507936507,1,"Value tier 2/2: recent, repeat"
17174,2011-05-06 11:47:00,1.0,59.9,41.0,4.0,0.0,0.0,218.0,59.9,59.9,0.0,,0,"Value tier 1/2: less recent, occasional"
17175,2011-10-26 15:31:00,4.0,1443.69,866.0,42.0,1.0,12.75,45.0,1430.94,360.9225,20.0,84.00810185185185,1,"Value tier 2/2: recent, repeat"
17176,2011-05-22 12:41:00,1.0,306.13,170.0,15.0,0.0,0.0,202.0,306.13,306.13,0.0,,0,"Value tier 1/2: less recent, occasional"
17179,2011-06-14 16:48:00,3.0,711.79,290.0,56.0,0.0,0.0,179.0,711.79,237.26333333333332,0.0,91.55,0,"Value tier 1/2: less recent, occasional"
17180,2011-10-14 15:46:00,4.0,783.97,670.0,91.0,2.0,15.649999999999999,57.0,768.32,195.9925,33.33333333333333,86.63449074074073,0,"Value tier 1/2: less recent, occasional"
17181,2011-10-13 14:48:00,2.0,239.92000000000002,241.0,23.0,0.0,0.0,58.0,239.92000000000002,119.96000000000001,0.0,316.09027777777777,0,"Value tier 1/2: less recent, occasional"
17183,2011-12-02 10:07:00,6.0,3347.31,1296.0,42.0,2.0,60.400000000000006,8.0,3286.91,557.885,25.0,19.555833333333332,1,"Value tier 2/2: recent, repeat"
17186,2011-10-24 10:20:00,2.0,144.0,200.0,1.0,0.0,0.0,47.0,144.0,72.0,0.0,13.894444444444444,0,"Value tier 1/2: less recent, occasional"
17187,2011-04-27 12:39:00,1.0,203.95,144.0,10.0,0.0,0.0,227.0,203.95,203.95,0.0,,0,"Value tier 1/2: less recent, occasional"
17188,2011-11-28 13:53:00,7.0,2474.23,1328.0,71.0,2.0,198.64999999999998,12.0,2275.58,353.4614285714286,22.22222222222222,58.50659722222222,1,"Value tier 2/2: recent, repeat"
17189,2011-08-25 19:39:00,2.0,383.75,226.0,52.0,0.0,0.0,107.0,383.75,191.875,0.0,253.09097222222223,0,"Value tier 1/2: less recent, occasional"
17190,2011-10-12 11:33:00,2.0,444.74,161.0,19.0,1.0,195.0,59.0,249.74,222.37,33.33333333333333,148.8361111111111,0,"Value tier 1/2: less recent, occasional"
17191,2011-11-11 16:58:00,7.0,2093.68,1166.0,163.0,0.0,0.0,29.0,2093.68,299.09714285714284,0.0,56.68310185185185,1,"Value tier 2/2: recent, repeat"
17193,2011-11-04 12:47:00,7.0,1699.3000000000002,1254.0,17.0,2.0,24.84,36.0,1674.4600000000003,242.7571428571429,22.22222222222222,23.51886574074074,1,"Value tier 2/2: recent, repeat"
17194,2010-12-14 12:06:00,1.0,226.78,112.0,25.0,0.0,0.0,361.0,226.78,226.78,0.0,,0,"Value tier 1/2: less recent, occasional"
17197,2011-11-10 10:32:00,1.0,1013.01,191.0,29.0,0.0,0.0,30.0,1013.01,1013.01,0.0,,0,"Value tier 1/2: less recent, occasional"
17198,2011-11-16 10:39:00,3.0,692.22,357.0,89.0,0.0,0.0,24.0,692.22,230.74,0.0,173.91145833333334,0,"Value tier 1/2: less recent, occasional"
17201,2011-10-17 11:55:00,1.0,289.78,231.0,38.0,0.0,0.0,54.0,289.78,289.78,0.0,,0,"Value tier 1/2: less recent, occasional"
17203,2011-11-04 12:27:00,6.0,3560.08,2846.0,116.0,0.0,0.0,36.0,3560.08,593.3466666666667,0.0,4.981944444444443,1,"Value tier 2/2: recent, repeat"
17204,2011-06-17 14:46:00,4.0,1564.56,646.0,44.0,5.0,211.65,176.0,1352.9099999999999,391.14,55.55555555555556,29.36203703703704,0,"Value tier 1/2: less recent, occasional"
17205,2011-10-17 12:46:00,1.0,384.08,884.0,13.0,0.0,0.0,54.0,384.08,384.08,0.0,,0,"Value tier 1/2: less recent, occasional"
17206,2011-10-17 13:25:00,1.0,204.24,76.0,7.0,0.0,0.0,54.0,204.24,204.24,0.0,,0,"Value tier 1/2: less recent, occasional"
17211,2011-11-13 12:03:00,8.0,2317.2200000000003,1323.0,150.0,1.0,17.55,27.0,2299.67,289.65250000000003,11.11111111111111,48.995932539682535,1,"Value tier 2/2: recent, repeat"
17212,2011-03-31 19:42:00,1.0,226.85,147.0,4.0,0.0,0.0,254.0,226.85,226.85,0.0,,0,"Value tier 1/2: less recent, occasional"
17213,2011-10-30 14:53:00,7.0,2781.23,1176.0,85.0,4.0,40.15,41.0,2741.08,397.31857142857143,36.36363636363637,54.34606481481481,1,"Value tier 2/2: recent, repeat"
17214,2011-10-10 13:17:00,6.0,1059.1200000000001,272.0,79.0,1.0,85.0,61.0,974.1200000000001,176.52,14.285714285714285,59.78375,1,"Value tier 2/2: recent, repeat"
17217,2011-04-19 17:19:00,1.0,113.5,24.0,9.0,0.0,0.0,235.0,113.5,113.5,0.0,,0,"Value tier 1/2: less recent, occasional"
17218,2011-12-05 13:52:00,10.0,1951.97,955.0,146.0,0.0,0.0,5.0,1951.97,195.197,0.0,40.437268518518515,1,"Value tier 2/2: recent, repeat"
17219,2011-11-08 11:25:00,1.0,114.23,89.0,24.0,0.0,0.0,32.0,114.23,114.23,0.0,,0,"Value tier 1/2: less recent, occasional"
17220,2011-11-15 13:47:00,14.0,3187.55,1897.0,303.0,0.0,0.0,25.0,3187.55,227.68214285714288,0.0,26.150267094017092,1,"Value tier 2/2: recent, repeat"
17221,2011-12-02 13:35:00,2.0,334.48,287.0,59.0,0.0,0.0,8.0,334.48,167.24,0.0,28.830555555555556,0,"Value tier 1/2: less recent, occasional"
17222,2011-10-05 13:58:00,1.0,328.65,122.0,27.0,0.0,0.0,66.0,328.65,328.65,0.0,,0,"Value tier 1/2: less recent, occasional"
17223,2011-02-02 15:57:00,2.0,381.89,109.0,42.0,0.0,0.0,311.0,381.89,190.945,0.0,58.075694444444444,0,"Value tier 1/2: less recent, occasional"
17226,2011-02-04 11:52:00,1.0,393.49,406.0,21.0,0.0,0.0,309.0,393.49,393.49,0.0,,0,"Value tier 1/2: less recent, occasional"
17227,2011-11-21 10:51:00,6.0,939.32,741.0,28.0,0.0,0.0,19.0,939.32,156.55333333333334,0.0,69.99652777777779,1,"Value tier 2/2: recent, repeat"
17228,2011-11-24 10:24:00,8.0,1906.09,1532.0,140.0,0.0,0.0,16.0,1906.09,238.26125,0.0,50.96666666666666,1,"Value tier 2/2: recent, repeat"
17229,2011-09-04 13:56:00,2.0,318.76,185.0,39.0,0.0,0.0,97.0,318.76,159.38,0.0,46.05416666666667,0,"Value tier 1/2: less recent, occasional"
17230,2011-03-20 16:12:00,8.0,3638.41,1651.0,51.0,3.0,171.74,265.0,3466.67,454.80125,27.27272727272727,13.600198412698413,1,"Value tier 2/2: recent, repeat"
17231,2011-11-27 15:18:00,10.0,3124.72,1724.0,292.0,4.0,46.5,13.0,3078.22,312.472,28.57142857142857,38.78256172839506,1,"Value tier 2/2: recent, repeat"
17232,2011-12-07 12:21:00,2.0,417.77,202.0,30.0,0.0,0.0,3.0,417.77,208.885,0.0,11.997916666666667,1,"Value tier 2/2: recent, repeat"
17233,2011-11-04 14:06:00,1.0,190.88,131.0,25.0,0.0,0.0,36.0,190.88,190.88,0.0,,0,"Value tier 1/2: less recent, occasional"
17234,2011-06-10 11:20:00,1.0,149.89000000000001,55.0,14.0,0.0,0.0,183.0,149.89000000000001,149.89000000000001,0.0,,0,"Value tier 1/2: less recent, occasional"
17235,2011-11-14 15:51:00,2.0,550.06,224.0,24.0,0.0,0.0,26.0,550.06,275.03,0.0,347.09236111111113,0,"Value tier 1/2: less recent, occasional"
17236,2011-11-27 12:00:00,6.0,916.13,474.0,88.0,0.0,0.0,13.0,916.13,152.68833333333333,0.0,70.00152777777778,1,"Value tier 2/2: recent, repeat"
17237,2011-11-28 15:02:00,2.0,314.69,105.0,18.0,0.0,0.0,12.0,314.69,157.345,0.0,11.088194444444444,0,"Value tier 1/2: less recent, occasional"
17238,2011-12-07 11:35:00,17.0,3719.1,1807.0,297.0,0.0,0.0,3.0,3719.1,218.7705882352941,0.0,23.053385416666668,1,"Value tier 2/2: recent, repeat"
17239,2011-01-31 09:41:00,1.0,382.5,150.0,15.0,1.0,2.55,313.0,379.95,382.5,50.0,,0,"Value tier 1/2: less recent, occasional"
17242,2011-08-23 14:55:00,2.0,1135.04,611.0,30.0,0.0,0.0,109.0,1135.04,567.52,0.0,72.07708333333333,0,"Value tier 1/2: less recent, occasional"
17243,2011-12-08 13:26:00,26.0,8531.65,3316.0,179.0,4.0,48.3,2.0,8483.35,328.1403846153846,13.333333333333334,14.725638888888888,1,"Value tier 2/2: recent, repeat"
17244,2011-10-17 15:19:00,1.0,954.9,616.0,31.0,0.0,0.0,54.0,954.9,954.9,0.0,,0,"Value tier 1/2: less recent, occasional"
17245,2011-05-19 10:43:00,1.0,171.45,75.0,9.0,0.0,0.0,205.0,171.45,171.45,0.0,,0,"Value tier 1/2: less recent, occasional"
17247,2011-11-24 15:21:00,1.0,280.09000000000003,105.0,53.0,0.0,0.0,16.0,280.09000000000003,280.09000000000003,0.0,,0,"Value tier 1/2: less recent, occasional"
17248,2011-08-11 13:34:00,1.0,318.65,213.0,68.0,0.0,0.0,121.0,318.65,318.65,0.0,,0,"Value tier 1/2: less recent, occasional"
17250,2011-12-06 12:15:00,2.0,381.97,167.0,55.0,0.0,0.0,4.0,381.97,190.985,0.0,257.8125,1,"Value tier 2/2: recent, repeat"
17251,2010-12-12 11:06:00,1.0,269.83,108.0,37.0,0.0,0.0,363.0,269.83,269.83,0.0,,0,"Value tier 1/2: less recent, occasional"
17252,2011-08-15 09:45:00,2.0,348.91,192.0,86.0,0.0,0.0,117.0,348.91,174.455,0.0,69.71111111111111,0,"Value tier 1/2: less recent, occasional"
17253,2011-11-21 12:59:00,1.0,178.26,43.0,18.0,0.0,0.0,19.0,178.26,178.26,0.0,,0,"Value tier 1/2: less recent, occasional"
17254,2011-12-05 12:46:00,2.0,271.19,251.0,100.0,0.0,0.0,5.0,271.19,135.595,0.0,10.942361111111111,0,"Value tier 1/2: less recent, occasional"
17255,2011-10-30 12:18:00,2.0,291.48,227.0,69.0,0.0,0.0,41.0,291.48,145.74,0.0,258.875,0,"Value tier 1/2: less recent, occasional"
17256,2011-08-24 13:30:00,2.0,240.0,141.0,12.0,0.0,0.0,108.0,240.0,120.0,0.0,204.9423611111111,0,"Value tier 1/2: less recent, occasional"
17259,2011-07-14 15:01:00,2.0,581.23,388.0,104.0,0.0,0.0,149.0,581.23,290.615,0.0,220.0875,0,"Value tier 1/2: less recent, occasional"
17262,2011-10-18 12:56:00,5.0,1253.3600000000001,367.0,9.0,0.0,0.0,53.0,1253.3600000000001,250.67200000000003,0.0,78.49409722222222,1,"Value tier 2/2: recent, repeat"
17263,2011-05-15 14:32:00,1.0,63.440000000000005,36.0,23.0,0.0,0.0,209.0,63.440000000000005,63.440000000000005,0.0,,0,"Value tier 1/2: less recent, occasional"
17265,2011-07-24 10:49:00,2.0,550.01,389.0,106.0,0.0,0.0,139.0,550.01,275.005,0.0,41.950694444444444,0,"Value tier 1/2: less recent, occasional"
17266,2011-12-07 14:12:00,3.0,296.58,153.0,60.0,0.0,0.0,3.0,296.58,98.86,0.0,72.546875,1,"Value tier 2/2: recent, repeat"
17267,2011-08-04 17:22:00,2.0,317.2,158.0,37.0,0.0,0.0,128.0,317.2,158.6,0.0,0.0020833333333333333,0,"Value tier 1/2: less recent, occasional"
17268,2011-08-24 10:06:00,4.0,763.64,844.0,3.0,0.0,0.0,108.0,763.64,190.91,0.0,45.95509259259259,0,"Value tier 1/2: less recent, occasional"
17272,2011-10-28 16:37:00,4.0,2148.63,1778.0,70.0,1.0,4.1,43.0,2144.53,537.1575,20.0,73.3962962962963,1,"Value tier 2/2: recent, repeat"
17274,2011-11-04 13:16:00,1.0,107.82,77.0,24.0,0.0,0.0,36.0,107.82,107.82,0.0,,0,"Value tier 1/2: less recent, occasional"
17277,2011-04-26 12:47:00,2.0,1065.3500000000001,430.0,67.0,0.0,0.0,228.0,1065.3500000000001,532.6750000000001,0.0,95.00694444444444,0,"Value tier 1/2: less recent, occasional"
17278,2011-04-12 13:10:00,1.0,246.04,179.0,15.0,0.0,0.0,242.0,246.04,246.04,0.0,,0,"Value tier 1/2: less recent, occasional"
17279,2011-10-13 11:58:00,1.0,187.82999999999998,48.0,8.0,0.0,0.0,58.0,187.82999999999998,187.82999999999998,0.0,,0,"Value tier 1/2: less recent, occasional"
17282,2011-08-01 14:29:00,3.0,1685.46,1866.0,79.0,0.0,0.0,131.0,1685.46,561.82,0.0,84.56006944444445,0,"Value tier 1/2: less recent, occasional"
17284,2011-10-10 14:38:00,6.0,1647.48,1362.0,229.0,1.0,10.9,61.0,1636.58,274.58,14.285714285714285,55.20097222222222,1,"Value tier 2/2: recent, repeat"
17286,2011-11-18 12:47:00,1.0,151.37,117.0,44.0,0.0,0.0,22.0,151.37,151.37,0.0,,0,"Value tier 1/2: less recent, occasional"
17287,2011-11-13 13:27:00,7.0,1049.06,556.0,88.0,0.0,0.0,27.0,1049.06,149.8657142857143,0.0,57.67418981481482,1,"Value tier 2/2: recent, repeat"
17288,2011-11-30 16:09:00,7.0,1417.63,1201.0,118.0,0.0,0.0,10.0,1417.63,202.51857142857145,0.0,58.18472222222223,1,"Value tier 2/2: recent, repeat"
17289,2011-11-08 12:01:00,3.0,931.02,513.0,86.0,1.0,8.25,32.0,922.77,310.34,25.0,74.46180555555556,1,"Value tier 2/2: recent, repeat"
17290,2011-12-06 12:38:00,2.0,513.01,397.0,92.0,0.0,0.0,4.0,513.01,256.505,0.0,12.864583333333334,1,"Value tier 2/2: recent, repeat"
17291,2011-02-04 13:04:00,1.0,550.8000000000001,72.0,1.0,0.0,0.0,309.0,550.8000000000001,550.8000000000001,0.0,,0,"Value tier 1/2: less recent, occasional"
17293,2011-12-01 14:37:00,9.0,1854.06,1135.0,93.0,0.0,0.0,9.0,1854.06,206.00666666666666,0.0,44.1234375,1,"Value tier 2/2: recent, repeat"
17295,2011-11-11 10:49:00,3.0,547.0,293.0,53.0,0.0,0.0,29.0,547.0,182.33333333333334,0.0,17.967708333333334,0,"Value tier 1/2: less recent, occasional"
17297,2011-11-22 14:43:00,1.0,128.18,65.0,49.0,0.0,0.0,18.0,128.18,128.18,0.0,,0,"Value tier 1/2: less recent, occasional"
17298,2011-08-30 16:43:00,2.0,498.42,387.0,30.0,0.0,0.0,102.0,498.42,249.21,0.0,23.181944444444444,0,"Value tier 1/2: less recent, occasional"
17299,2011-11-28 12:01:00,4.0,656.61,668.0,50.0,0.0,0.0,12.0,656.61,164.1525,0.0,53.943749999999994,1,"Value tier 2/2: recent, repeat"
17301,2011-11-18 13:43:00,1.0,163.24,137.0,59.0,0.0,0.0,22.0,163.24,163.24,0.0,,0,"Value tier 1/2: less recent, occasional"
17302,2011-11-25 09:36:00,5.0,1135.63,575.0,68.0,1.0,15.7,15.0,1119.93,227.12600000000003,16.666666666666664,72.74340277777777,1,"Value tier 2/2: recent, repeat"
17303,2010-12-13 13:32:00,1.0,250.04,144.0,53.0,0.0,0.0,362.0,250.04,250.04,0.0,,0,"Value tier 1/2: less recent, occasional"
17306,2011-11-29 12:14:00,19.0,8631.31,11491.0,13.0,2.0,30.580000000000002,11.0,8600.73,454.2794736842105,9.523809523809524,19.05246913580247,1,"Value tier 2/2: recent, repeat"
17309,2011-09-05 15:20:00,1.0,82.75,41.0,11.0,0.0,0.0,96.0,82.75,82.75,0.0,,0,"Value tier 1/2: less recent, occasional"
17311,2011-09-22 14:11:00,2.0,1384.85,1005.0,55.0,0.0,0.0,79.0,1384.85,692.425,0.0,238.13541666666666,0,"Value tier 1/2: less recent, occasional"
17312,2011-07-24 11:52:00,3.0,644.3,372.0,11.0,0.0,0.0,139.0,644.3,214.76666666666665,0.0,10.472222222222221,0,"Value tier 1/2: less recent, occasional"
17313,2011-11-08 15:45:00,1.0,2328.84,1402.0,24.0,1.0,40.71,32.0,2288.13,2328.84,50.0,,0,"Value tier 1/2: less recent, occasional"
17314,2011-11-15 09:41:00,8.0,2527.92,1896.0,120.0,3.0,13.159999999999998,25.0,2514.76,315.99,27.27272727272727,41.13253968253969,1,"Value tier 2/2: recent, repeat"
17315,2011-12-08 12:15:00,36.0,6241.15,3837.0,254.0,5.0,87.80000000000001,2.0,6153.349999999999,173.36527777777778,12.195121951219512,10.171249999999999,1,"Value tier 2/2: recent, repeat"
17317,2011-10-24 17:19:00,3.0,2600.34,1146.0,8.0,2.0,76.32000000000001,47.0,2524.02,866.7800000000001,40.0,21.59513888888889,1,"Value tier 2/2: recent, repeat"
17320,2011-08-31 13:31:00,3.0,1200.6200000000001,634.0,57.0,0.0,0.0,101.0,1200.6200000000001,400.2066666666667,0.0,133.95590277777777,0,"Value tier 1/2: less recent, occasional"
17321,2011-12-01 13:41:00,2.0,657.16,364.0,94.0,0.0,0.0,9.0,657.16,328.58,0.0,59.08819444444445,1,"Value tier 2/2: recent, repeat"
17323,2011-11-24 17:29:00,7.0,903.12,756.0,124.0,2.0,12.08,16.0,891.04,129.01714285714286,22.22222222222222,46.18645833333333,1,"Value tier 2/2: recent, repeat"
17324,2011-11-22 10:34:00,4.0,986.48,843.0,43.0,0.0,0.0,18.0,986.48,246.62,0.0,116.30300925925927,1,"Value tier 2/2: recent, repeat"
17325,2011-03-04 13:09:00,1.0,96.8,60.0,6.0,0.0,0.0,281.0,96.8,96.8,0.0,,0,"Value tier 1/2: less recent, occasional"
17329,2011-11-25 14:24:00,2.0,523.11,142.0,29.0,0.0,0.0,15.0,523.11,261.555,0.0,300.9548611111111,0,"Value tier 1/2: less recent, occasional"
17330,2011-11-17 08:56:00,2.0,363.9,120.0,5.0,0.0,0.0,23.0,363.9,181.95,0.0,44.895833333333336,0,"Value tier 1/2: less recent, occasional"
17331,2011-08-08 11:55:00,1.0,175.2,16.0,1.0,0.0,0.0,124.0,175.2,175.2,0.0,,0,"Value tier 1/2: less recent, occasional"
17333,2011-09-15 10:11:00,1.0,494.25,375.0,28.0,0.0,0.0,86.0,494.25,494.25,0.0,,0,"Value tier 1/2: less recent, occasional"
17334,2011-02-10 14:59:00,2.0,307.02,315.0,11.0,1.0,0.42,303.0,306.59999999999997,153.51,33.33333333333333,6.247222222222222,0,"Value tier 1/2: less recent, occasional"
17337,2011-07-11 14:55:00,4.0,1979.61,1246.0,420.0,3.0,83.55000000000001,152.0,1896.06,494.9025,42.857142857142854,52.969675925925934,0,"Value tier 1/2: less recent, occasional"
17338,2011-11-22 14:23:00,8.0,6484.75,3044.0,388.0,2.0,28.8,18.0,6455.95,810.59375,20.0,49.15138888888889,1,"Value tier 2/2: recent, repeat"
17339,2011-09-06 13:29:00,2.0,243.36,152.0,9.0,0.0,0.0,95.0,243.36,121.68,0.0,270.9479166666667,0,"Value tier 1/2: less recent, occasional"
17340,2011-11-10 10:45:00,11.0,12353.29,5967.0,229.0,4.0,194.99,30.0,12158.300000000001,1123.0263636363636,26.666666666666668,33.67840277777778,1,"Value tier 2/2: recent, repeat"
17341,2011-07-06 12:33:00,3.0,682.29,443.0,147.0,0.0,0.0,157.0,682.29,227.42999999999998,0.0,104.9954861111111,0,"Value tier 1/2: less recent, occasional"
17343,2010-12-19 15:07:00,1.0,193.64,56.0,17.0,0.0,0.0,356.0,193.64,193.64,0.0,,0,"Value tier 1/2: less recent, occasional"
17344,2011-10-24 12:56:00,1.0,157.62,65.0,31.0,0.0,0.0,47.0,157.62,157.62,0.0,,0,"Value tier 1/2: less recent, occasional"
17345,2011-11-24 15:03:00,4.0,519.6899999999999,341.0,70.0,0.0,0.0,16.0,519.6899999999999,129.92249999999999,0.0,60.36944444444445,1,"Value tier 2/2: recent, repeat"
17346,2011-12-06 12:18:00,15.0,2622.88,1617.0,299.0,1.0,64.98,4.0,2557.9,174.85866666666666,6.25,26.421825396825398,1,"Value tier 2/2: recent, repeat"
17347,2011-09-14 13:12:00,1.0,228.96,216.0,1.0,0.0,0.0,87.0,228.96,228.96,0.0,,0,"Value tier 1/2: less recent, occasional"
17348,2011-11-25 11:25:00,5.0,1156.6,1398.0,180.0,0.0,0.0,15.0,1156.6,231.32,0.0,70.75625000000001,1,"Value tier 2/2: recent, repeat"
17349,2011-06-13 14:29:00,1.0,98.25,102.0,8.0,0.0,0.0,180.0,98.25,98.25,0.0,,0,"Value tier 1/2: less recent, occasional"
17350,2011-12-01 15:47:00,4.0,1281.32,770.0,66.0,1.0,29.88,9.0,1251.4399999999998,320.33,20.0,14.329166666666666,1,"Value tier 2/2: recent, repeat"
17351,2011-11-03 18:45:00,3.0,587.15,113.0,22.0,0.0,0.0,37.0,587.15,195.71666666666667,0.0,118.55555555555554,0,"Value tier 1/2: less recent, occasional"
17353,2011-08-02 17:19:00,2.0,1740.0,1200.0,5.0,0.0,0.0,130.0,1740.0,870.0,0.0,25.043055555555554,0,"Value tier 1/2: less recent, occasional"
17354,2011-10-20 10:34:00,1.0,1393.06,1006.0,15.0,0.0,0.0,51.0,1393.06,1393.06,0.0,,0,"Value tier 1/2: less recent, occasional"
17356,2011-02-01 11:07:00,1.0,178.22,166.0,19.0,0.0,0.0,312.0,178.22,178.22,0.0,,0,"Value tier 1/2: less recent, occasional"
17357,2011-11-15 16:30:00,2.0,384.39,152.0,41.0,0.0,0.0,25.0,384.39,192.195,0.0,0.0006944444444444445,0,"Value tier 1/2: less recent, occasional"
17358,2011-02-09 16:57:00,2.0,360.81,190.0,55.0,0.0,0.0,304.0,360.81,180.405,0.0,52.111805555555556,0,"Value tier 1/2: less recent, occasional"
17359,2011-11-28 14:37:00,1.0,127.86,161.0,13.0,0.0,0.0,12.0,127.86,127.86,0.0,,0,"Value tier 1/2: less recent, occasional"
17360,2011-11-22 13:11:00,3.0,568.24,328.0,113.0,0.0,0.0,18.0,568.24,189.41333333333333,0.0,83.41736111111112,1,"Value tier 2/2: recent, repeat"
17361,2011-10-21 15:43:00,3.0,488.2,157.0,26.0,0.0,0.0,50.0,488.2,162.73333333333332,0.0,121.12083333333334,0,"Value tier 1/2: less recent, occasional"
17362,2011-04-14 14:43:00,2.0,312.23,191.0,30.0,0.0,0.0,240.0,312.23,156.115,0.0,70.17847222222223,0,"Value tier 1/2: less recent, occasional"
17364,2011-12-09 09:00:00,11.0,4462.68,2692.0,288.0,1.0,25.45,1.0,4437.2300000000005,405.69818181818187,8.333333333333332,33.066875,1,"Value tier 2/2: recent, repeat"
17365,2011-11-27 12:13:00,8.0,4762.32,4737.0,277.0,0.0,0.0,13.0,4762.32,595.29,0.0,45.71448412698413,1,"Value tier 2/2: recent, repeat"
17367,2011-04-15 14:21:00,1.0,167.55,149.0,33.0,0.0,0.0,239.0,167.55,167.55,0.0,,0,"Value tier 1/2: less recent, occasional"
17368,2011-11-16 15:26:00,8.0,1878.87,1377.0,93.0,1.0,563.15,24.0,1315.7199999999998,234.85875,11.11111111111111,44.877876984126985,1,"Value tier 2/2: recent, repeat"
17370,2011-09-28 10:14:00,4.0,446.18,540.0,31.0,0.0,0.0,73.0,446.18,111.545,0.0,32.31111111111111,0,"Value tier 1/2: less recent, occasional"
17371,2011-11-22 13:30:00,3.0,418.4,151.0,83.0,0.0,0.0,18.0,418.4,139.46666666666667,0.0,171.96180555555557,0,"Value tier 1/2: less recent, occasional"
17372,2011-10-30 11:37:00,8.0,1337.18,747.0,215.0,0.0,0.0,41.0,1337.18,167.1475,0.0,45.99771825396825,1,"Value tier 2/2: recent, repeat"
17373,2011-10-30 15:28:00,4.0,646.92,408.0,47.0,0.0,0.0,41.0,646.92,161.73,0.0,90.71805555555557,0,"Value tier 1/2: less recent, occasional"
17374,2011-05-05 09:05:00,2.0,495.77,85.0,24.0,0.0,0.0,219.0,495.77,247.885,0.0,62.84166666666667,0,"Value tier 1/2: less recent, occasional"
17375,2011-05-24 15:45:00,3.0,400.1,367.0,63.0,1.0,27.6,200.0,372.5,133.36666666666667,25.0,81.01006944444444,0,"Value tier 1/2: less recent, occasional"
17376,2011-09-30 12:36:00,2.0,203.2,86.0,23.0,0.0,0.0,71.0,203.2,101.6,0.0,240.93333333333334,0,"Value tier 1/2: less recent, occasional"
17377,2011-11-16 11:17:00,20.0,4058.32,2038.0,190.0,1.0,175.0,24.0,3883.32,202.916,4.761904761904762,18.418201754385965,1,"Value tier 2/2: recent, repeat"
17379,2011-11-28 13:56:00,1.0,389.71999999999997,623.0,71.0,0.0,0.0,12.0,389.71999999999997,389.71999999999997,0.0,,0,"Value tier 1/2: less recent, occasional"
17381,2011-12-01 11:59:00,29.0,20275.61,25649.0,40.0,1.0,3.18,9.0,20272.43,699.1589655172414,3.3333333333333335,12.998536706349208,1,"Value tier 2/2: recent, repeat"
17382,2011-10-05 13:05:00,1.0,65.4,25.0,2.0,0.0,0.0,66.0,65.4,65.4,0.0,,0,"Value tier 1/2: less recent, occasional"
17383,2011-12-05 17:36:00,1.0,193.39000000000001,148.0,49.0,0.0,0.0,5.0,193.39000000000001,193.39000000000001,0.0,,0,"Value tier 1/2: less recent, occasional"
17384,2011-11-20 15:48:00,2.0,336.4,88.0,12.0,0.0,0.0,20.0,336.4,168.2,0.0,199.98680555555555,0,"Value tier 1/2: less recent, occasional"
17385,2011-11-25 11:02:00,1.0,256.11,197.0,42.0,0.0,0.0,15.0,256.11,256.11,0.0,,0,"Value tier 1/2: less recent, occasional"
17386,2011-12-02 11:28:00,6.0,2686.42,1902.0,23.0,0.0,0.0,8.0,2686.42,447.7366666666667,0.0,31.594027777777775,1,"Value tier 2/2: recent, repeat"
17387,2011-11-20 11:00:00,2.0,746.81,522.0,71.0,0.0,0.0,20.0,746.81,373.405,0.0,13.98263888888889,0,"Value tier 1/2: less recent, occasional"
17388,2011-09-23 10:31:00,4.0,1259.56,1068.0,13.0,0.0,0.0,78.0,1259.56,314.89,0.0,69.97291666666666,1,"Value tier 2/2: recent, repeat"
17389,2011-12-09 09:38:00,34.0,31833.68,7612.0,45.0,8.0,516.2,1.0,31317.48,936.2847058823529,19.047619047619047,10.022516835016834,1,"Value tier 2/2: recent, repeat"
17391,2011-06-29 09:58:00,2.0,508.8,480.0,2.0,0.0,0.0,164.0,508.8,254.4,0.0,0.9006944444444445,0,"Value tier 1/2: less recent, occasional"
17392,2011-02-06 12:48:00,2.0,411.27,275.0,52.0,0.0,0.0,307.0,411.27,205.635,0.0,51.73888888888889,0,"Value tier 1/2: less recent, occasional"
17394,2011-05-04 13:22:00,1.0,203.86999999999998,241.0,4.0,0.0,0.0,220.0,203.86999999999998,203.86999999999998,0.0,,0,"Value tier 1/2: less recent, occasional"
17396,2011-10-31 14:12:00,7.0,7312.8,2004.0,23.0,0.0,0.0,40.0,7312.8,1044.6857142857143,0.0,55.364236111111104,1,"Value tier 2/2: recent, repeat"
17397,2011-11-17 14:08:00,2.0,681.41,250.0,88.0,0.0,0.0,23.0,681.41,340.705,0.0,0.006944444444444444,0,"Value tier 1/2: less recent, occasional"
17398,2011-08-17 09:48:00,3.0,653.38,310.0,30.0,0.0,0.0,115.0,653.38,217.79333333333332,0.0,70.43194444444444,0,"Value tier 1/2: less recent, occasional"
17400,2011-08-05 15:38:00,5.0,2097.84,1088.0,175.0,0.0,0.0,127.0,2097.84,419.56800000000004,0.0,56.73298611111112,1,"Value tier 2/2: recent, repeat"
17402,2011-12-05 10:15:00,12.0,2598.85,700.0,32.0,0.0,0.0,5.0,2598.85,216.57083333333333,0.0,33.168055555555554,1,"Value tier 2/2: recent, repeat"
17403,2011-11-03 15:18:00,1.0,263.92,111.0,32.0,0.0,0.0,37.0,263.92,263.92,0.0,,0,"Value tier 1/2: less recent, occasional"
17404,2011-12-05 16:26:00,13.0,31781.82,32744.0,109.0,3.0,1606.0,5.0,30175.82,2444.7553846153846,18.75,29.676967592592593,1,"Value tier 2/2: recent, repeat"
17405,2011-12-08 17:12:00,3.0,1031.41,726.0,77.0,2.0,64.19,2.0,967.22,343.80333333333334,40.0,74.56076388888889,1,"Value tier 2/2: recent, repeat"
17406,2011-01-10 15:07:00,3.0,2184.42,780.0,99.0,2.0,271.7,334.0,1912.72,728.14,40.0,16.594444444444445,0,"Value tier 1/2: less recent, occasional"
17408,2011-06-29 12:53:00,1.0,32.65,3.0,2.0,0.0,0.0,164.0,32.65,32.65,0.0,,0,"Value tier 1/2: less recent, occasional"
17409,2011-06-08 10:36:00,2.0,771.85,105.0,13.0,0.0,0.0,185.0,771.85,385.925,0.0,63.74583333333333,0,"Value tier 1/2: less recent, occasional"
17410,2011-11-23 15:46:00,5.0,1214.72,616.0,57.0,0.0,0.0,17.0,1214.72,242.94400000000002,0.0,49.75434027777778,1,"Value tier 2/2: recent, repeat"
17411,2011-11-27 14:25:00,3.0,778.94,306.0,39.0,1.0,30.0,13.0,748.94,259.6466666666667,25.0,124.5142361111111,1,"Value tier 2/2: recent, repeat"
17412,2011-12-07 11:36:00,7.0,1258.06,738.0,48.0,0.0,0.0,3.0,1258.06,179.72285714285712,0.0,61.63275462962963,1,"Value tier 2/2: recent, repeat"
17414,2011-10-27 12:13:00,2.0,778.0,2100.0,5.0,0.0,0.0,44.0,778.0,389.0,0.0,141.02083333333334,0,"Value tier 1/2: less recent, occasional"
17415,2011-09-21 12:50:00,1.0,507.84,114.0,14.0,0.0,0.0,80.0,507.84,507.84,0.0,,0,"Value tier 1/2: less recent, occasional"
17416,2011-11-10 12:47:00,7.0,6893.42,4302.0,186.0,2.0,55.08,30.0,6838.34,984.7742857142857,22.22222222222222,41.993287037037035,1,"Value tier 2/2: recent, repeat"
17418,2011-10-28 13:00:00,2.0,463.46000000000004,289.0,29.0,0.0,0.0,43.0,463.46000000000004,231.73000000000002,0.0,281.05625,0,"Value tier 1/2: less recent, occasional"
17419,2011-11-28 13:47:00,12.0,4226.57,1876.0,155.0,2.0,25.6,12.0,4200.969999999999,352.21416666666664,14.285714285714285,32.35883838383839,1,"Value tier 2/2: recent, repeat"
17420,2011-10-20 14:52:00,3.0,598.83,265.0,28.0,0.0,0.0,51.0,598.83,199.61,0.0,161.6027777777778,0,"Value tier 1/2: less recent, occasional"
17422,2011-11-23 13:27:00,6.0,1979.37,2253.0,93.0,4.0,126.24000000000001,17.0,1853.1299999999999,329.895,40.0,55.98930555555555,1,"Value tier 2/2: recent, repeat"
17423,2011-10-24 13:36:00,2.0,698.41,459.0,26.0,2.0,34.78,47.0,663.63,349.205,50.0,171.18194444444444,0,"Value tier 1/2: less recent, occasional"
17425,2011-11-20 15:30:00,2.0,759.17,407.0,42.0,0.0,0.0,20.0,759.17,379.585,0.0,41.16180555555555,0,"Value tier 1/2: less recent, occasional"
17426,2011-12-01 18:07:00,6.0,5037.26,3094.0,179.0,1.0,15.0,9.0,5022.26,839.5433333333334,14.285714285714285,54.81291666666666,1,"Value tier 2/2: recent, repeat"
17427,2011-09-29 11:29:00,1.0,100.8,34.0,2.0,0.0,0.0,72.0,100.8,100.8,0.0,,0,"Value tier 1/2: less recent, occasional"
17428,2011-12-09 09:45:00,28.0,17256.85,9474.0,252.0,5.0,178.4,1.0,17078.449999999997,616.3160714285714,15.151515151515152,13.629835390946502,1,"Value tier 2/2: recent, repeat"
17429,2011-08-03 13:22:00,3.0,524.9200000000001,624.0,36.0,1.0,12.8,129.0,512.1200000000001,174.97333333333336,25.0,45.07256944444444,0,"Value tier 1/2: less recent, occasional"
17430,2011-11-07 09:24:00,2.0,265.76,190.0,14.0,0.0,0.0,33.0,265.76,132.88,0.0,332.8465277777778,0,"Value tier 1/2: less recent, occasional"
17431,2011-01-30 14:36:00,1.0,403.3,292.0,41.0,0.0,0.0,314.0,403.3,403.3,0.0,,0,"Value tier 1/2: less recent, occasional"
17432,2011-11-21 17:33:00,2.0,365.76,207.0,44.0,0.0,0.0,19.0,365.76,182.88,0.0,19.002083333333335,0,"Value tier 1/2: less recent, occasional"
17433,2011-09-12 14:24:00,1.0,303.15999999999997,185.0,53.0,0.0,0.0,89.0,303.15999999999997,303.15999999999997,0.0,,0,"Value tier 1/2: less recent, occasional"
17434,2011-12-07 13:16:00,7.0,2373.82,1693.0,100.0,2.0,40.4,3.0,2333.42,339.1171428571429,22.22222222222222,13.828935185185186,1,"Value tier 2/2: recent, repeat"
17436,2011-12-08 12:30:00,2.0,216.29999999999998,90.0,7.0,0.0,0.0,2.0,216.29999999999998,108.14999999999999,0.0,225.03958333333333,1,"Value tier 2/2: recent, repeat"
17438,2011-03-31 10:26:00,1.0,388.45000000000005,103.0,17.0,1.0,10.15,254.0,378.30000000000007,388.45000000000005,50.0,,0,"Value tier 1/2: less recent, occasional"
17440,2011-07-06 11:54:00,3.0,186.42000000000002,246.0,3.0,2.0,9.32,157.0,177.10000000000002,62.14000000000001,40.0,45.496180555555554,0,"Value tier 1/2: less recent, occasional"
17442,2011-11-03 09:17:00,6.0,2248.56,1496.0,96.0,4.0,38.300000000000004,37.0,2210.2599999999998,374.76,40.0,50.76875,1,"Value tier 2/2: recent, repeat"
17443,2011-05-04 10:47:00,1.0,534.24,504.0,1.0,0.0,0.0,220.0,534.24,534.24,0.0,,0,"Value tier 1/2: less recent, occasional"
17444,2011-07-11 10:33:00,2.0,2389.1,2118.0,131.0,0.0,0.0,152.0,2389.1,1194.55,0.0,21.061805555555555,0,"Value tier 1/2: less recent, occasional"
17446,2011-06-16 10:42:00,2.0,120.9,198.0,6.0,0.0,0.0,177.0,120.9,60.45,0.0,133.8347222222222,0,"Value tier 1/2: less recent, occasional"
17447,2011-10-30 14:18:00,2.0,541.53,443.0,33.0,0.0,0.0,41.0,541.53,270.765,0.0,31.17222222222222,0,"Value tier 1/2: less recent, occasional"
17449,2011-12-07 16:56:00,7.0,2516.21,1120.0,177.0,1.0,16.0,3.0,2500.21,359.4585714285714,12.5,59.541550925925925,1,"Value tier 2/2: recent, repeat"
17450,2011-12-01 13:29:00,46.0,194390.79,69973.0,124.0,3.0,4815.26,9.0,189575.53,4225.886739130435,6.122448979591836,7.981574074074074,1,"Value tier 2/2: recent, repeat"
17451,2011-12-08 15:02:00,7.0,1721.4,1203.0,83.0,3.0,72.45,2.0,1648.95,245.91428571428574,30.0,17.355092592592595,1,"Value tier 2/2: recent, repeat"
17453,2011-11-22 09:42:00,2.0,486.71999999999997,219.0,19.0,0.0,0.0,18.0,486.71999999999997,243.35999999999999,0.0,46.69444444444444,0,"Value tier 1/2: less recent, occasional"
17454,2011-05-31 13:58:00,4.0,517.53,243.0,57.0,0.0,0.0,193.0,517.53,129.3825,0.0,55.70925925925926,0,"Value tier 1/2: less recent, occasional"
17455,2011-05-20 12:31:00,1.0,131.7,66.0,8.0,0.0,0.0,204.0,131.7,131.7,0.0,,0,"Value tier 1/2: less recent, occasional"
17456,2010-12-09 15:23:00,1.0,249.86,222.0,17.0,0.0,0.0,366.0,249.86,249.86,0.0,,0,"Value tier 1/2: less recent, occasional"
17457,2011-08-05 12:48:00,5.0,1737.7,826.0,14.0,0.0,0.0,127.0,1737.7,347.54,0.0,53.231770833333336,1,"Value tier 2/2: recent, repeat"
17458,2011-11-24 13:01:00,1.0,316.5,170.0,52.0,0.0,0.0,16.0,316.5,316.5,0.0,,0,"Value tier 1/2: less recent, occasional"
17459,2011-10-27 13:25:00,2.0,657.3,537.0,88.0,0.0,0.0,44.0,657.3,328.65,0.0,16.850694444444443,0,"Value tier 1/2: less recent, occasional"
17460,2011-09-06 15:04:00,6.0,622.4300000000001,236.0,18.0,2.0,169.8,95.0,452.63000000000005,103.73833333333334,25.0,55.78888888888889,0,"Value tier 1/2: less recent, occasional"
17461,2011-11-17 10:21:00,3.0,735.82,770.0,104.0,0.0,0.0,23.0,735.82,245.27333333333334,0.0,3.465277777777778,1,"Value tier 2/2: recent, repeat"
17462,2011-10-10 13:56:00,2.0,675.69,227.0,25.0,1.0,12.75,61.0,662.94,337.845,33.33333333333333,223.87152777777777,0,"Value tier 1/2: less recent, occasional"
17463,2011-11-23 13:40:00,5.0,1875.86,1086.0,162.0,1.0,15.05,17.0,1860.81,375.17199999999997,16.666666666666664,74.22777777777777,1,"Value tier 2/2: recent, repeat"
17464,2011-07-04 13:19:00,1.0,289.96000000000004,220.0,9.0,0.0,0.0,159.0,289.96000000000004,289.96000000000004,0.0,,0,"Value tier 1/2: less recent, occasional"
17466,2011-11-29 13:15:00,2.0,763.28,306.0,41.0,0.0,0.0,11.0,763.28,381.64,0.0,68.16597222222222,1,"Value tier 2/2: recent, repeat"
17468,2011-11-29 15:33:00,2.0,137.0,116.0,5.0,0.0,0.0,11.0,137.0,68.5,0.0,4.111805555555556,0,"Value tier 1/2: less recent, occasional"
17469,2011-11-23 13:15:00,5.0,1870.97,787.0,61.0,1.0,27.91,17.0,1843.06,374.194,16.666666666666664,47.045138888888886,1,"Value tier 2/2: recent, repeat"
17470,2011-10-26 12:42:00,5.0,1125.07,1675.0,67.0,0.0,0.0,45.0,1125.07,225.01399999999998,0.0,80.77864583333333,1,"Value tier 2/2: recent, repeat"
17472,2011-06-01 14:57:00,3.0,697.54,455.0,142.0,0.0,0.0,192.0,697.54,232.51333333333332,0.0,54.00590277777778,0,"Value tier 1/2: less recent, occasional"
17475,2011-09-21 14:55:00,1.0,194.37,178.0,14.0,0.0,0.0,80.0,194.37,194.37,0.0,,0,"Value tier 1/2: less recent, occasional"
17480,2011-09-23 11:39:00,1.0,511.82,338.0,29.0,1.0,5.3100000000000005,78.0,506.51,511.82,50.0,,0,"Value tier 1/2: less recent, occasional"
17481,2011-12-06 12:28:00,4.0,1255.59,1061.0,69.0,1.0,6.25,4.0,1249.34,313.8975,20.0,30.034953703703703,1,"Value tier 2/2: recent, repeat"
17483,2011-10-05 13:10:00,3.0,414.04,191.0,18.0,0.0,0.0,66.0,414.04,138.01333333333335,0.0,58.86458333333333,0,"Value tier 1/2: less recent, occasional"
17486,2011-03-23 14:00:00,1.0,396.87,191.0,24.0,0.0,0.0,262.0,396.87,396.87,0.0,,0,"Value tier 1/2: less recent, occasional"
17489,2011-10-12 08:56:00,2.0,376.64,428.0,28.0,0.0,0.0,59.0,376.64,188.32,0.0,153.89027777777778,0,"Value tier 1/2: less recent, occasional"
17490,2011-12-09 09:08:00,7.0,2092.32,1134.0,63.0,4.0,155.49,1.0,1936.8300000000002,298.90285714285716,36.36363636363637,29.33252314814815,1,"Value tier 2/2: recent, repeat"
17491,2011-12-08 16:18:00,10.0,3558.87,2013.0,72.0,1.0,16.95,2.0,3541.92,355.887,9.090909090909092,40.68518518518519,1,"Value tier 2/2: recent, repeat"
17492,2011-04-05 15:21:00,1.0,374.57,155.0,12.0,0.0,0.0,249.0,374.57,374.57,0.0,,0,"Value tier 1/2: less recent, occasional"
17495,2011-12-02 12:08:00,2.0,497.56,229.0,21.0,0.0,0.0,8.0,497.56,248.78,0.0,31.00138888888889,0,"Value tier 1/2: less recent, occasional"
17496,2010-12-16 08:39:00,1.0,271.05,79.0,10.0,0.0,0.0,359.0,271.05,271.05,0.0,,0,"Value tier 1/2: less recent, occasional"
17498,2011-09-25 12:25:00,1.0,272.22,394.0,17.0,0.0,0.0,76.0,272.22,272.22,0.0,,0,"Value tier 1/2: less recent, occasional"
17499,2011-02-23 09:14:00,1.0,622.88,711.0,40.0,0.0,0.0,290.0,622.88,622.88,0.0,,0,"Value tier 1/2: less recent, occasional"
17500,2011-11-22 14:25:00,3.0,1138.0,17.0,3.0,0.0,0.0,18.0,1138.0,379.3333333333333,0.0,6.110069444444445,1,"Value tier 2/2: recent, repeat"
17501,2011-05-03 09:47:00,2.0,288.6,160.0,18.0,0.0,0.0,221.0,288.6,144.3,0.0,0.0006944444444444445,0,"Value tier 1/2: less recent, occasional"
17502,2011-11-30 13:13:00,4.0,689.1,376.0,25.0,0.0,0.0,10.0,689.1,172.275,0.0,6.618981481481481,1,"Value tier 2/2: recent, repeat"
17503,2011-12-07 09:18:00,2.0,558.96,486.0,36.0,0.0,0.0,3.0,558.96,279.48,0.0,35.920833333333334,1,"Value tier 2/2: recent, repeat"
17504,2011-05-17 12:59:00,9.0,2997.0299999999997,1664.0,112.0,1.0,251.75,207.0,2745.2799999999997,333.00333333333333,10.0,14.50954861111111,1,"Value tier 2/2: recent, repeat"
17505,2011-07-01 12:50:00,2.0,1145.84,556.0,48.0,0.0,0.0,162.0,1145.84,572.92,0.0,44.15902777777778,0,"Value tier 1/2: less recent, occasional"
17506,2011-09-25 11:39:00,1.0,302.2,139.0,14.0,1.0,7.91,76.0,294.28999999999996,302.2,50.0,,0,"Value tier 1/2: less recent, occasional"
17507,2011-03-23 11:48:00,2.0,605.58,359.0,79.0,0.0,0.0,262.0,605.58,302.79,0.0,47.736111111111114,0,"Value tier 1/2: less recent, occasional"
17508,2011-03-04 08:10:00,1.0,387.31,289.0,22.0,0.0,0.0,281.0,387.31,387.31,0.0,,0,"Value tier 1/2: less recent, occasional"
17509,2011-10-13 10:26:00,8.0,6083.64,3512.0,75.0,3.0,14.4,58.0,6069.240000000001,760.455,27.27272727272727,0.8404761904761904,1,"Value tier 2/2: recent, repeat"
17510,2011-11-15 10:00:00,1.0,308.48,214.0,20.0,0.0,0.0,25.0,308.48,308.48,0.0,,0,"Value tier 1/2: less recent, occasional"
17511,2011-12-07 10:12:00,31.0,91062.38,64549.0,453.0,14.0,2924.18,3.0,88138.20000000001,2937.496129032258,31.11111111111111,12.36650462962963,1,"Value tier 2/2: recent, repeat"
17512,2011-11-11 12:11:00,10.0,2924.9900000000002,2753.0,61.0,1.0,4.95,29.0,2920.0400000000004,292.499,9.090909090909092,30.332484567901233,1,"Value tier 2/2: recent, repeat"
17513,2011-09-28 16:42:00,1.0,513.2,254.0,6.0,0.0,0.0,73.0,513.2,513.2,0.0,,0,"Value tier 1/2: less recent, occasional"
17514,2011-08-03 15:45:00,1.0,208.65,135.0,40.0,0.0,0.0,129.0,208.65,208.65,0.0,,0,"Value tier 1/2: less recent, occasional"
17515,2011-11-08 14:04:00,4.0,639.02,243.0,49.0,0.0,0.0,32.0,639.02,159.755,0.0,95.65995370370369,1,"Value tier 2/2: recent, repeat"
17516,2011-11-24 16:51:00,5.0,764.88,414.0,113.0,0.0,0.0,16.0,764.88,152.976,0.0,67.54340277777777,1,"Value tier 2/2: recent, repeat"
17517,2011-02-04 11:48:00,1.0,153.94,102.0,11.0,0.0,0.0,309.0,153.94,153.94,0.0,,0,"Value tier 1/2: less recent, occasional"
17519,2011-11-22 16:43:00,6.0,1844.02,1236.0,60.0,1.0,4.949999999999999,18.0,1839.07,307.33666666666664,14.285714285714285,70.21180555555556,1,"Value tier 2/2: recent, repeat"
17520,2011-10-17 12:04:00,1.0,546.81,365.0,30.0,0.0,0.0,54.0,546.81,546.81,0.0,,0,"Value tier 1/2: less recent, occasional"
17521,2011-11-10 11:22:00,3.0,723.2099999999999,519.0,38.0,1.0,1.25,30.0,721.9599999999999,241.06999999999996,25.0,84.91944444444444,0,"Value tier 1/2: less recent, occasional"
17522,2011-12-08 12:31:00,5.0,1066.15,1022.0,58.0,0.0,0.0,2.0,1066.15,213.23000000000002,0.0,54.208333333333336,1,"Value tier 2/2: recent, repeat"
17523,2011-11-28 13:20:00,4.0,652.74,872.0,25.0,0.0,0.0,12.0,652.74,163.185,0.0,2.6620370370370368,1,"Value tier 2/2: recent, repeat"
17524,2010-12-13 14:32:00,1.0,145.0,90.0,6.0,0.0,0.0,362.0,145.0,145.0,0.0,,0,"Value tier 1/2: less recent, occasional"
17525,2010-12-15 12:05:00,1.0,422.70000000000005,82.0,9.0,0.0,0.0,360.0,422.70000000000005,422.70000000000005,0.0,,0,"Value tier 1/2: less recent, occasional"
17526,2011-12-05 11:05:00,4.0,1195.8999999999999,310.0,17.0,4.0,489.19999999999993,5.0,706.6999999999999,298.97499999999997,50.0,120.31597222222221,1,"Value tier 2/2: recent, repeat"
17527,2011-10-17 12:32:00,4.0,939.37,488.0,45.0,2.0,50.510000000000005,54.0,888.86,234.8425,33.33333333333333,54.98356481481482,1,"Value tier 2/2: recent, repeat"
17528,2011-12-08 13:27:00,8.0,3628.5,2138.0,183.0,3.0,88.4,2.0,3540.1,453.5625,27.27272727272727,10.002281746031745,1,"Value tier 2/2: recent, repeat"
17530,2011-12-08 18:42:00,10.0,2362.53,1511.0,305.0,0.0,0.0,2.0,2362.53,236.25300000000001,0.0,40.438348765432096,1,"Value tier 2/2: recent, repeat"
17531,2011-06-02 19:17:00,1.0,296.7,136.0,14.0,0.0,0.0,191.0,296.7,296.7,0.0,,0,"Value tier 1/2: less recent, occasional"
17534,2011-10-17 12:47:00,1.0,223.36,103.0,9.0,0.0,0.0,54.0,223.36,223.36,0.0,,0,"Value tier 1/2: less recent, occasional"
17535,2011-03-04 15:20:00,1.0,164.4,136.0,13.0,0.0,0.0,281.0,164.4,164.4,0.0,,0,"Value tier 1/2: less recent, occasional"
17536,2011-06-15 13:23:00,1.0,76.5,6.0,3.0,0.0,0.0,178.0,76.5,76.5,0.0,,0,"Value tier 1/2: less recent, occasional"
17537,2011-11-10 10:56:00,2.0,887.67,699.0,74.0,0.0,0.0,30.0,887.67,443.835,0.0,273.8881944444444,0,"Value tier 1/2: less recent, occasional"
17538,2011-11-14 12:12:00,1.0,98.42,134.0,9.0,0.0,0.0,26.0,98.42,98.42,0.0,,0,"Value tier 1/2: less recent, occasional"
17540,2011-11-15 11:56:00,2.0,578.9,194.0,20.0,1.0,8.5,25.0,570.4,289.45,33.33333333333333,291.88958333333335,0,"Value tier 1/2: less recent, occasional"
17542,2011-03-15 11:45:00,1.0,170.75,134.0,24.0,0.0,0.0,270.0,170.75,170.75,0.0,,0,"Value tier 1/2: less recent, occasional"
17545,2011-10-27 14:04:00,3.0,642.32,337.0,122.0,0.0,0.0,44.0,642.32,214.10666666666668,0.0,0.005555555555555556,0,"Value tier 1/2: less recent, occasional"
17548,2011-04-20 12:01:00,1.0,103.3,58.0,5.0,2.0,244.77999999999997,234.0,-141.47999999999996,103.3,66.66666666666666,,0,"Value tier 1/2: less recent, occasional"
17549,2011-11-16 09:59:00,2.0,148.86,210.0,5.0,0.0,0.0,24.0,148.86,74.43,0.0,27.995833333333334,0,"Value tier 1/2: less recent, occasional"
17550,2011-05-26 14:09:00,3.0,267.16,86.0,42.0,0.0,0.0,198.0,267.16,89.05333333333334,0.0,22.975694444444443,0,"Value tier 1/2: less recent, occasional"
17551,2010-12-15 14:12:00,1.0,290.34,142.0,39.0,0.0,0.0,360.0,290.34,290.34,0.0,,0,"Value tier 1/2: less recent, occasional"
17552,2011-10-10 17:00:00,4.0,930.41,719.0,43.0,1.0,16.5,61.0,913.91,232.6025,20.0,103.97569444444444,0,"Value tier 1/2: less recent, occasional"
17553,2011-08-02 10:00:00,1.0,1487.6,1048.0,2.0,0.0,0.0,130.0,1487.6,1487.6,0.0,,0,"Value tier 1/2: less recent, occasional"
17554,2011-12-08 14:15:00,5.0,1952.45,1763.0,58.0,0.0,0.0,2.0,1952.45,390.49,0.0,36.689930555555556,1,"Value tier 2/2: recent, repeat"
17555,2011-11-20 12:22:00,2.0,480.31,348.0,101.0,0.0,0.0,20.0,480.31,240.155,0.0,314.99375,0,"Value tier 1/2: less recent, occasional"
17556,2011-05-18 10:48:00,1.0,157.9,101.0,6.0,0.0,0.0,206.0,157.9,157.9,0.0,,0,"Value tier 1/2: less recent, occasional"
17557,2011-11-25 12:57:00,3.0,541.46,306.0,27.0,0.0,0.0,15.0,541.46,180.48666666666668,0.0,33.47013888888889,1,"Value tier 2/2: recent, repeat"
17560,2011-09-06 09:18:00,4.0,854.95,635.0,22.0,0.0,0.0,95.0,854.95,213.7375,0.0,71.97314814814814,0,"Value tier 1/2: less recent, occasional"
17561,2011-11-20 12:53:00,1.0,165.12,144.0,44.0,0.0,0.0,20.0,165.12,165.12,0.0,,0,"Value tier 1/2: less recent, occasional"
17562,2011-11-25 14:21:00,7.0,1122.38,817.0,48.0,1.0,15.0,15.0,1107.38,160.34,12.5,26.508680555555557,1,"Value tier 2/2: recent, repeat"
17564,2011-11-15 13:27:00,3.0,454.01,146.0,38.0,0.0,0.0,25.0,454.01,151.33666666666667,0.0,27.988541666666666,0,"Value tier 1/2: less recent, occasional"
17566,2011-12-01 19:54:00,2.0,869.77,497.0,113.0,0.0,0.0,9.0,869.77,434.885,0.0,17.258333333333333,1,"Value tier 2/2: recent, repeat"
17567,2011-12-02 15:48:00,8.0,4331.48,2632.0,110.0,2.0,318.91999999999996,8.0,4012.5599999999995,541.435,20.0,52.14583333333333,1,"Value tier 2/2: recent, repeat"
17569,2011-01-11 14:15:00,1.0,344.14,159.0,29.0,0.0,0.0,333.0,344.14,344.14,0.0,,0,"Value tier 1/2: less recent, occasional"
17571,2011-10-20 15:57:00,4.0,1424.42,875.0,246.0,0.0,0.0,51.0,1424.42,356.105,0.0,82.6763888888889,1,"Value tier 2/2: recent, repeat"
17572,2011-09-29 17:53:00,4.0,226.75000000000003,95.0,7.0,0.0,0.0,72.0,226.75000000000003,56.68750000000001,0.0,100.73657407407408,0,"Value tier 1/2: less recent, occasional"
17573,2011-11-10 13:01:00,3.0,380.6,308.0,24.0,1.0,17.700000000000003,30.0,362.90000000000003,126.86666666666667,25.0,32.05034722222222,0,"Value tier 1/2: less recent, occasional"
17574,2011-04-11 09:47:00,1.0,185.65,77.0,8.0,0.0,0.0,243.0,185.65,185.65,0.0,,0,"Value tier 1/2: less recent, occasional"
17576,2011-12-01 17:56:00,19.0,3564.83,1967.0,245.0,3.0,164.9,9.0,3399.93,187.62263157894736,13.636363636363635,19.835609567901233,1,"Value tier 2/2: recent, repeat"
17578,2011-05-05 18:38:00,1.0,143.45999999999998,138.0,5.0,1.0,18.72,219.0,124.73999999999998,143.45999999999998,50.0,,0,"Value tier 1/2: less recent, occasional"
17579,2011-12-05 12:28:00,3.0,448.90000000000003,258.0,46.0,1.0,8.7,5.0,440.20000000000005,149.63333333333335,25.0,87.46388888888889,1,"Value tier 2/2: recent, repeat"
17580,2011-04-01 12:41:00,3.0,212.77,87.0,42.0,0.0,0.0,253.0,212.77,70.92333333333333,0.0,52.94236111111111,0,"Value tier 1/2: less recent, occasional"
17581,2011-12-09 12:21:00,25.0,11025.24,5915.0,229.0,6.0,308.92999999999995,1.0,10716.31,441.0096,19.35483870967742,15.495775462962962,1,"Value tier 2/2: recent, repeat"
17582,2011-04-17 13:18:00,1.0,175.27,123.0,28.0,0.0,0.0,237.0,175.27,175.27,0.0,,0,"Value tier 1/2: less recent, occasional"
17584,2011-12-02 17:12:00,2.0,1242.3,458.0,30.0,1.0,15.0,8.0,1227.3,621.15,33.33333333333333,120.125,1,"Value tier 2/2: recent, repeat"
17585,2011-08-22 13:30:00,4.0,1116.68,1650.0,176.0,0.0,0.0,110.0,1116.68,279.17,0.0,76.31041666666667,0,"Value tier 1/2: less recent, occasional"
17588,2011-08-31 13:37:00,3.0,1240.2,676.0,19.0,0.0,0.0,101.0,1240.2,413.40000000000003,0.0,66.06458333333333,0,"Value tier 1/2: less recent, occasional"
17589,2011-10-10 16:58:00,4.0,2402.92,1630.0,171.0,0.0,0.0,61.0,2402.92,600.73,0.0,60.044212962962966,1,"Value tier 2/2: recent, repeat"
17590,2011-12-07 12:55:00,3.0,1466.77,821.0,161.0,0.0,0.0,3.0,1466.77,488.92333333333335,0.0,18.975694444444443,1,"Value tier 2/2: recent, repeat"
17591,2011-09-27 13:42:00,7.0,2203.67,1000.0,81.0,1.0,10.95,74.0,2192.7200000000003,314.81,12.5,48.98645833333333,1,"Value tier 2/2: recent, repeat"
17593,2011-12-06 10:30:00,5.0,3923.86,3089.0,190.0,1.0,15.78,4.0,3908.08,784.772,16.666666666666664,87.25017361111111,1,"Value tier 2/2: recent, repeat"
17594,2011-09-15 16:34:00,2.0,993.18,550.0,42.0,0.0,0.0,86.0,993.18,496.59,0.0,169.2513888888889,0,"Value tier 1/2: less recent, occasional"
17595,2011-11-27 16:08:00,2.0,386.69,228.0,68.0,0.0,0.0,13.0,386.69,193.345,0.0,24.992361111111112,0,"Value tier 1/2: less recent, occasional"
17596,2011-11-16 14:11:00,7.0,2806.69,4376.0,168.0,0.0,0.0,24.0,2806.69,400.9557142857143,0.0,57.51122685185186,1,"Value tier 2/2: recent, repeat"
17597,2011-05-10 11:54:00,1.0,2044.3700000000001,1176.0,55.0,0.0,0.0,214.0,2044.3700000000001,2044.3700000000001,0.0,,0,"Value tier 1/2: less recent, occasional"
17600,2011-11-22 09:43:00,1.0,161.67000000000002,144.0,13.0,0.0,0.0,18.0,161.67000000000002,161.67000000000002,0.0,,0,"Value tier 1/2: less recent, occasional"
17601,2011-04-14 18:02:00,1.0,116.00999999999999,103.0,9.0,0.0,0.0,240.0,116.00999999999999,116.00999999999999,0.0,,0,"Value tier 1/2: less recent, occasional"
17602,2011-12-07 13:53:00,6.0,5054.42,4116.0,335.0,2.0,52.2,3.0,5002.22,842.4033333333333,25.0,64.37986111111111,1,"Value tier 2/2: recent, repeat"
17603,2011-09-22 14:18:00,1.0,394.72,74.0,11.0,1.0,3.75,79.0,390.97,394.72,50.0,,0,"Value tier 1/2: less recent, occasional"
17604,2011-05-06 13:43:00,2.0,309.36,169.0,57.0,0.0,0.0,218.0,309.36,154.68,0.0,94.94027777777778,0,"Value tier 1/2: less recent, occasional"
17608,2011-11-06 13:06:00,2.0,191.99,229.0,54.0,0.0,0.0,34.0,191.99,95.995,0.0,0.004166666666666667,0,"Value tier 1/2: less recent, occasional"
17609,2011-10-30 12:28:00,5.0,1098.28,692.0,198.0,1.0,8.3,41.0,1089.98,219.656,16.666666666666664,71.70920138888889,1,"Value tier 2/2: recent, repeat"
17611,2011-12-02 13:29:00,15.0,3961.12,2550.0,440.0,4.0,36.35,8.0,3924.77,264.07466666666664,21.052631578947366,25.284573412698414,1,"Value tier 2/2: recent, repeat"
17612,2011-10-17 14:59:00,6.0,2048.45,1808.0,116.0,3.0,48.129999999999995,54.0,2000.3199999999997,341.4083333333333,33.33333333333333,48.835972222222225,1,"Value tier 2/2: recent, repeat"
17613,2011-11-17 10:51:00,14.0,4544.55,2490.0,211.0,3.0,49.78,23.0,4494.77,324.6107142857143,17.647058823529413,21.767681623931626,1,"Value tier 2/2: recent, repeat"
17614,2011-10-13 16:01:00,1.0,386.32,235.0,97.0,0.0,0.0,58.0,386.32,386.32,0.0,,0,"Value tier 1/2: less recent, occasional"
17615,2011-08-01 14:06:00,3.0,329.6,140.0,13.0,0.0,0.0,131.0,329.6,109.86666666666667,0.0,45.969791666666666,0,"Value tier 1/2: less recent, occasional"
17616,2011-06-19 10:11:00,3.0,571.1999999999999,224.0,1.0,0.0,0.0,174.0,571.1999999999999,190.39999999999998,0.0,97.00243055555555,0,"Value tier 1/2: less recent, occasional"
17618,2011-12-04 11:50:00,3.0,930.28,319.0,56.0,0.0,0.0,6.0,930.28,310.0933333333333,0.0,178.41145833333334,1,"Value tier 2/2: recent, repeat"
17619,2011-01-31 14:18:00,1.0,214.37,124.0,71.0,0.0,0.0,313.0,214.37,214.37,0.0,,0,"Value tier 1/2: less recent, occasional"
17620,2011-10-11 12:08:00,1.0,81.44,60.0,4.0,0.0,0.0,60.0,81.44,81.44,0.0,,0,"Value tier 1/2: less recent, occasional"
17621,2011-11-18 17:11:00,3.0,1379.9,514.0,24.0,1.0,43.8,22.0,1336.1000000000001,459.9666666666667,25.0,166.57638888888889,1,"Value tier 2/2: recent, repeat"
17623,2011-11-07 11:32:00,1.0,527.0500000000001,265.0,33.0,0.0,0.0,33.0,527.0500000000001,527.0500000000001,0.0,,0,"Value tier 1/2: less recent, occasional"
17624,2011-11-25 10:52:00,2.0,843.48,554.0,49.0,0.0,0.0,15.0,843.48,421.74,0.0,203.70347222222222,0,"Value tier 1/2: less recent, occasional"
17625,2011-11-21 13:36:00,4.0,2020.4,1180.0,223.0,0.0,0.0,19.0,2020.4,505.1,0.0,79.68402777777779,1,"Value tier 2/2: recent, repeat"
17628,2011-09-19 15:21:00,1.0,75.75,79.0,5.0,0.0,0.0,82.0,75.75,75.75,0.0,,0,"Value tier 1/2: less recent, occasional"
17629,2011-12-04 10:56:00,8.0,1814.12,1629.0,106.0,1.0,30.0,6.0,1784.12,226.765,11.11111111111111,50.57718253968254,1,"Value tier 2/2: recent, repeat"
17630,2011-06-23 11:58:00,2.0,503.59999999999997,158.0,24.0,0.0,0.0,170.0,503.59999999999997,251.79999999999998,0.0,62.91319444444444,0,"Value tier 1/2: less recent, occasional"
17631,2011-12-08 09:47:00,3.0,528.33,334.0,39.0,0.0,0.0,2.0,528.33,176.11,0.0,115.42534722222223,1,"Value tier 2/2: recent, repeat"
17633,2011-11-08 13:25:00,4.0,1324.84,644.0,59.0,2.0,82.5,32.0,1242.34,331.21,33.33333333333333,29.634722222222223,1,"Value tier 2/2: recent, repeat"
17634,2011-11-03 13:09:00,9.0,2358.59,838.0,209.0,0.0,0.0,37.0,2358.59,262.0655555555556,0.0,37.62708333333333,1,"Value tier 2/2: recent, repeat"
17636,2011-11-20 14:40:00,1.0,285.56,182.0,20.0,1.0,19.630000000000003,20.0,265.93,285.56,50.0,,0,"Value tier 1/2: less recent, occasional"
17637,2011-11-08 12:51:00,2.0,547.0600000000001,280.0,35.0,0.0,0.0,32.0,547.0600000000001,273.53000000000003,0.0,83.97638888888889,0,"Value tier 1/2: less recent, occasional"
17639,2011-03-08 15:22:00,1.0,108.5,49.0,7.0,0.0,0.0,277.0,108.5,108.5,0.0,,0,"Value tier 1/2: less recent, occasional"
17640,2011-09-14 09:13:00,1.0,621.66,250.0,5.0,0.0,0.0,87.0,621.66,621.66,0.0,,0,"Value tier 1/2: less recent, occasional"
17642,2011-08-12 09:11:00,2.0,712.29,474.0,34.0,0.0,0.0,120.0,712.29,356.145,0.0,56.84444444444444,0,"Value tier 1/2: less recent, occasional"
17643,2010-12-01 14:38:00,1.0,101.55,71.0,8.0,0.0,0.0,374.0,101.55,101.55,0.0,,0,"Value tier 1/2: less recent, occasional"
17644,2011-12-08 13:43:00,11.0,2895.64,1793.0,102.0,6.0,126.66,2.0,2768.98,263.24,35.294117647058826,25.916597222222226,1,"Value tier 2/2: recent, repeat"
17646,2011-05-04 13:17:00,3.0,1008.39,323.0,46.0,1.0,12.73,220.0,995.66,336.13,25.0,72.97534722222223,0,"Value tier 1/2: less recent, occasional"
17647,2011-10-05 15:38:00,1.0,133.06,30.0,7.0,0.0,0.0,66.0,133.06,133.06,0.0,,0,"Value tier 1/2: less recent, occasional"
17648,2011-10-10 09:41:00,4.0,1797.5,487.0,81.0,1.0,7.95,61.0,1789.55,449.375,20.0,62.98888888888889,1,"Value tier 2/2: recent, repeat"
17649,2011-07-24 15:53:00,1.0,868.49,399.0,52.0,1.0,6.75,139.0,861.74,868.49,50.0,,0,"Value tier 1/2: less recent, occasional"
17650,2011-11-18 14:52:00,1.0,166.08,150.0,8.0,0.0,0.0,22.0,166.08,166.08,0.0,,0,"Value tier 1/2: less recent, occasional"
17651,2011-11-28 10:29:00,10.0,3945.0,3112.0,149.0,4.0,58.330000000000005,12.0,3886.67,394.5,28.57142857142857,18.419135802469135,1,"Value tier 2/2: recent, repeat"
17652,2011-11-14 12:55:00,12.0,4867.72,2509.0,118.0,6.0,130.59,26.0,4737.13,405.6433333333334,33.33333333333333,23.26830808080808,1,"Value tier 2/2: recent, repeat"
17653,2011-11-03 12:46:00,4.0,1207.56,1409.0,44.0,1.0,31.679999999999996,37.0,1175.8799999999999,301.89,20.0,27.96342592592593,1,"Value tier 2/2: recent, repeat"
17654,2011-03-07 13:17:00,1.0,117.55,41.0,22.0,0.0,0.0,278.0,117.55,117.55,0.0,,0,"Value tier 1/2: less recent, occasional"
17655,2011-11-29 11:34:00,7.0,2638.94,1116.0,66.0,1.0,67.2,11.0,2571.7400000000002,376.99142857142857,12.5,59.29733796296296,1,"Value tier 2/2: recent, repeat"
17656,2011-09-27 13:04:00,5.0,1674.69,1399.0,67.0,0.0,0.0,74.0,1674.69,334.938,0.0,13.774131944444445,1,"Value tier 2/2: recent, repeat"
17658,2011-11-14 12:07:00,2.0,595.42,616.0,17.0,1.0,109.53999999999999,26.0,485.88,297.71,33.33333333333333,185.86388888888888,0,"Value tier 1/2: less recent, occasional"
17659,2011-11-22 13:29:00,12.0,2999.46,1525.0,127.0,2.0,44.709999999999994,18.0,2954.75,249.955,14.285714285714285,32.260290404040404,1,"Value tier 2/2: recent, repeat"
17660,2011-07-21 13:37:00,1.0,178.75,121.0,37.0,0.0,0.0,142.0,178.75,178.75,0.0,,0,"Value tier 1/2: less recent, occasional"
17663,2011-11-14 08:56:00,7.0,1802.91,797.0,63.0,2.0,14.64,26.0,1788.27,257.55857142857144,22.22222222222222,43.630208333333336,1,"Value tier 2/2: recent, repeat"
17664,2011-11-21 11:29:00,2.0,604.64,604.0,41.0,0.0,0.0,19.0,604.64,302.32,0.0,193.88333333333333,0,"Value tier 1/2: less recent, occasional"
17666,2011-12-06 09:06:00,2.0,728.16,596.0,14.0,0.0,0.0,4.0,728.16,364.08,0.0,61.916666666666664,1,"Value tier 2/2: recent, repeat"
17667,2011-10-04 14:32:00,5.0,2055.51,1033.0,85.0,0.0,0.0,67.0,2055.51,411.10200000000003,0.0,58.053472222222226,1,"Value tier 2/2: recent, repeat"
17668,2011-12-08 13:25:00,2.0,347.75,93.0,14.0,0.0,0.0,2.0,347.75,173.875,0.0,36.94444444444444,1,"Value tier 2/2: recent, repeat"
17669,2011-10-28 08:53:00,7.0,3406.7200000000003,1916.0,45.0,0.0,0.0,43.0,3406.7200000000003,486.67428571428576,0.0,34.49097222222222,1,"Value tier 2/2: recent, repeat"
17670,2011-04-26 09:12:00,1.0,205.7,110.0,11.0,0.0,0.0,228.0,205.7,205.7,0.0,,0,"Value tier 1/2: less recent, occasional"
17671,2011-11-24 12:21:00,4.0,1572.71,772.0,40.0,2.0,288.63,16.0,1284.08,393.1775,33.33333333333333,116.63749999999999,1,"Value tier 2/2: recent, repeat"
17672,2011-10-20 14:18:00,2.0,3178.17,1690.0,105.0,2.0,71.55,51.0,3106.62,1589.085,50.0,259.0340277777778,1,"Value tier 2/2: recent, repeat"
17673,2011-12-08 12:50:00,6.0,1594.97,1462.0,118.0,1.0,6.9,2.0,1588.07,265.8283333333333,14.285714285714285,63.77972222222222,1,"Value tier 2/2: recent, repeat"
17674,2011-09-26 13:35:00,2.0,551.04,672.0,19.0,0.0,0.0,75.0,551.04,275.52,0.0,294.1354166666667,0,"Value tier 1/2: less recent, occasional"
17675,2011-12-08 18:03:00,31.0,20374.28,8360.0,239.0,10.0,276.18,2.0,20098.1,657.2348387096774,24.390243902439025,12.20650462962963,1,"Value tier 2/2: recent, repeat"
17676,2011-12-05 15:16:00,6.0,1371.18,922.0,49.0,0.0,0.0,5.0,1371.18,228.53,0.0,72.41208333333334,1,"Value tier 2/2: recent, repeat"
17677,2011-12-08 09:56:00,30.0,16345.38,9772.0,178.0,13.0,144.01,2.0,16201.369999999999,544.846,30.23255813953488,12.656944444444445,1,"Value tier 2/2: recent, repeat"
17678,2011-03-21 11:52:00,1.0,298.11,207.0,16.0,0.0,0.0,264.0,298.11,298.11,0.0,,0,"Value tier 1/2: less recent, occasional"
17679,2011-10-18 07:43:00,2.0,1992.1100000000001,729.0,29.0,0.0,0.0,53.0,1992.1100000000001,996.0550000000001,0.0,32.88055555555555,0,"Value tier 1/2: less recent, occasional"
17680,2011-11-16 12:42:00,1.0,184.4,96.0,11.0,0.0,0.0,24.0,184.4,184.4,0.0,,0,"Value tier 1/2: less recent, occasional"
17682,2011-11-29 15:59:00,6.0,2474.33,1367.0,48.0,1.0,15.0,11.0,2459.33,412.3883333333333,14.285714285714285,71.62,1,"Value tier 2/2: recent, repeat"
17684,2011-10-27 11:10:00,1.0,239.41,145.0,15.0,0.0,0.0,44.0,239.41,239.41,0.0,,0,"Value tier 1/2: less recent, occasional"
17685,2011-11-23 11:36:00,7.0,3155.83,1907.0,88.0,0.0,0.0,17.0,3155.83,450.8328571428571,0.0,59.311805555555566,1,"Value tier 2/2: recent, repeat"
17686,2011-12-02 15:39:00,7.0,5739.46,2478.0,205.0,0.0,0.0,8.0,5739.46,819.9228571428572,0.0,49.203819444444456,1,"Value tier 2/2: recent, repeat"
17690,2011-11-09 15:17:00,15.0,4726.8,1769.0,186.0,1.0,9.5,31.0,4717.3,315.12,6.25,24.49712301587302,1,"Value tier 2/2: recent, repeat"
17691,2010-12-16 17:20:00,2.0,290.40000000000003,134.0,18.0,0.0,0.0,359.0,290.40000000000003,145.20000000000002,0.0,10.256944444444445,0,"Value tier 1/2: less recent, occasional"
17692,2011-08-04 14:01:00,4.0,725.5799999999999,624.0,33.0,1.0,7.5,128.0,718.0799999999999,181.39499999999998,20.0,77.33888888888889,0,"Value tier 1/2: less recent, occasional"
17693,2011-07-25 15:48:00,1.0,200.47,231.0,16.0,2.0,13.45,138.0,187.02,200.47,66.66666666666666,,0,"Value tier 1/2: less recent, occasional"
17694,2011-07-21 12:00:00,1.0,283.12,184.0,15.0,0.0,0.0,142.0,283.12,283.12,0.0,,0,"Value tier 1/2: less recent, occasional"
17695,2011-07-31 10:40:00,2.0,765.34,779.0,30.0,0.0,0.0,132.0,765.34,382.67,0.0,39.920138888888886,0,"Value tier 1/2: less recent, occasional"
17696,2011-11-01 13:43:00,8.0,2285.71,1756.0,78.0,6.0,84.66000000000001,39.0,2201.05,285.71375,42.857142857142854,46.59444444444445,1,"Value tier 2/2: recent, repeat"
17697,2011-04-17 15:40:00,1.0,338.95,93.0,19.0,0.0,0.0,237.0,338.95,338.95,0.0,,0,"Value tier 1/2: less recent, occasional"
17698,2011-03-24 11:34:00,1.0,154.95,93.0,8.0,0.0,0.0,261.0,154.95,154.95,0.0,,0,"Value tier 1/2: less recent, occasional"
17700,2011-11-23 11:51:00,4.0,2534.64,1266.0,116.0,2.0,25.75,17.0,2508.89,633.66,33.33333333333333,88.26782407407408,1,"Value tier 2/2: recent, repeat"
17701,2011-04-01 12:25:00,1.0,417.95,109.0,24.0,0.0,0.0,253.0,417.95,417.95,0.0,,0,"Value tier 1/2: less recent, occasional"
17702,2011-11-09 16:03:00,4.0,1824.37,1353.0,58.0,2.0,104.64999999999999,31.0,1719.7199999999998,456.0925,33.33333333333333,58.66203703703704,1,"Value tier 2/2: recent, repeat"
17703,2011-11-04 15:51:00,3.0,798.74,590.0,47.0,0.0,0.0,36.0,798.74,266.24666666666667,0.0,51.54895833333333,0,"Value tier 1/2: less recent, occasional"
17704,2011-06-24 09:40:00,2.0,885.19,343.0,27.0,0.0,0.0,169.0,885.19,442.595,0.0,71.00833333333334,0,"Value tier 1/2: less recent, occasional"
17705,2011-12-06 13:45:00,9.0,1823.52,963.0,63.0,1.0,42.400000000000006,4.0,1781.12,202.61333333333334,10.0,37.264583333333334,1,"Value tier 2/2: recent, repeat"
17706,2011-12-05 13:34:00,17.0,10504.49,3899.0,270.0,5.0,407.12,5.0,10097.369999999999,617.9111764705882,22.727272727272727,22.631597222222222,1,"Value tier 2/2: recent, repeat"
17707,2011-06-07 15:03:00,2.0,152.4,144.0,3.0,0.0,0.0,186.0,152.4,76.2,0.0,151.06458333333333,0,"Value tier 1/2: less recent, occasional"
17708,2011-06-05 10:12:00,2.0,263.33,90.0,28.0,0.0,0.0,188.0,263.33,131.665,0.0,137.00208333333333,0,"Value tier 1/2: less recent, occasional"
17709,2011-06-23 11:55:00,1.0,137.45,17.0,7.0,0.0,0.0,170.0,137.45,137.45,0.0,,0,"Value tier 1/2: less recent, occasional"
17711,2011-11-29 11:40:00,2.0,385.1,246.0,22.0,0.0,0.0,11.0,385.1,192.55,0.0,279.00555555555553,0,"Value tier 1/2: less recent, occasional"
17712,2011-10-26 12:28:00,1.0,522.91,215.0,29.0,0.0,0.0,45.0,522.91,522.91,0.0,,0,"Value tier 1/2: less recent, occasional"
17714,2011-01-23 10:32:00,1.0,153.0,92.0,10.0,0.0,0.0,321.0,153.0,153.0,0.0,,0,"Value tier 1/2: less recent, occasional"
17715,2011-05-23 12:32:00,1.0,326.4,384.0,1.0,0.0,0.0,201.0,326.4,326.4,0.0,,0,"Value tier 1/2: less recent, occasional"
17716,2011-11-17 12:00:00,11.0,5655.99,3072.0,171.0,1.0,150.2,23.0,5505.79,514.180909090909,8.333333333333332,24.505694444444444,1,"Value tier 2/2: recent, repeat"
17718,2011-04-21 13:39:00,1.0,139.35,83.0,6.0,0.0,0.0,233.0,139.35,139.35,0.0,,0,"Value tier 1/2: less recent, occasional"
17719,2011-11-02 10:36:00,15.0,5396.04,2466.0,111.0,3.0,28.240000000000002,38.0,5367.8,359.736,16.666666666666664,15.568799603174602,1,"Value tier 2/2: recent, repeat"
17720,2011-11-13 15:04:00,4.0,1195.94,576.0,39.0,0.0,0.0,27.0,1195.94,298.985,0.0,113.72708333333333,1,"Value tier 2/2: recent, repeat"
17722,2011-09-04 15:22:00,4.0,2424.04,1595.0,111.0,2.0,43.400000000000006,97.0,2380.64,606.01,33.33333333333333,90.0372685185185,1,"Value tier 2/2: recent, repeat"
17723,2011-08-04 18:37:00,6.0,3276.4000000000005,792.0,4.0,0.0,0.0,128.0,3276.4000000000005,546.0666666666667,0.0,17.432361111111113,1,"Value tier 2/2: recent, repeat"
17724,2011-09-29 15:26:00,3.0,1033.0,300.0,38.0,1.0,37.35,72.0,995.65,344.3333333333333,25.0,33.541666666666664,0,"Value tier 1/2: less recent, occasional"
17725,2011-11-23 16:34:00,11.0,3439.08,2162.0,115.0,3.0,67.95,17.0,3371.13,312.64363636363635,21.428571428571427,25.086597222222224,1,"Value tier 2/2: recent, repeat"
17727,2011-11-24 17:06:00,1.0,1060.25,645.0,66.0,1.0,17.700000000000003,16.0,1042.55,1060.25,50.0,,0,"Value tier 1/2: less recent, occasional"
17728,2011-12-06 08:52:00,3.0,2876.01,1469.0,153.0,1.0,15.299999999999999,4.0,2860.71,958.6700000000001,25.0,41.44201388888889,1,"Value tier 2/2: recent, repeat"
17730,2011-12-06 15:43:00,13.0,5298.4800000000005,3576.0,127.0,2.0,9.65,4.0,5288.830000000001,407.5753846153847,13.333333333333334,26.91979166666667,1,"Value tier 2/2: recent, repeat"
17731,2011-09-21 15:02:00,4.0,1240.11,493.0,54.0,1.0,361.90999999999997,80.0,878.1999999999999,310.0275,20.0,34.67685185185185,0,"Value tier 1/2: less recent, occasional"
17732,2010-12-02 09:29:00,1.0,303.97,93.0,18.0,0.0,0.0,373.0,303.97,303.97,0.0,,0,"Value tier 1/2: less recent, occasional"
17733,2011-11-01 08:16:00,2.0,692.19,463.0,33.0,0.0,0.0,39.0,692.19,346.095,0.0,222.93194444444444,0,"Value tier 1/2: less recent, occasional"
17734,2011-10-17 12:33:00,3.0,700.63,422.0,40.0,0.0,0.0,54.0,700.63,233.54333333333332,0.0,90.05173611111111,0,"Value tier 1/2: less recent, occasional"
17735,2011-12-07 16:47:00,19.0,13110.02,8439.0,319.0,0.0,0.0,3.0,13110.02,690.001052631579,0.0,20.29224537037037,1,"Value tier 2/2: recent, repeat"
17736,2011-11-30 15:36:00,3.0,377.44,238.0,24.0,1.0,39.95,10.0,337.49,125.81333333333333,25.0,52.021874999999994,1,"Value tier 2/2: recent, repeat"
17737,2011-11-30 15:16:00,2.0,168.24,108.0,8.0,0.0,0.0,10.0,168.24,84.12,0.0,49.02361111111111,0,"Value tier 1/2: less recent, occasional"
17738,2011-11-20 15:05:00,4.0,1879.05,1029.0,89.0,1.0,15.7,20.0,1863.35,469.7625,20.0,87.64791666666667,1,"Value tier 2/2: recent, repeat"
17739,2011-11-28 09:12:00,7.0,2791.35,861.0,29.0,1.0,5.300000000000001,12.0,2786.0499999999997,398.7642857142857,12.5,58.130324074074075,1,"Value tier 2/2: recent, repeat"
17742,2011-08-18 15:28:00,2.0,355.11,89.0,13.0,0.0,0.0,114.0,355.11,177.555,0.0,219.225,0,"Value tier 1/2: less recent, occasional"
17744,2011-12-06 12:11:00,6.0,2322.4,3412.0,110.0,0.0,0.0,4.0,2322.4,387.06666666666666,0.0,70.98249999999999,1,"Value tier 2/2: recent, repeat"
17746,2011-04-13 14:31:00,1.0,110.25,29.0,6.0,1.0,11.45,241.0,98.8,110.25,50.0,,0,"Value tier 1/2: less recent, occasional"
17747,2011-08-19 08:13:00,1.0,71.4,12.0,1.0,1.0,6.75,113.0,64.65,71.4,50.0,,0,"Value tier 1/2: less recent, occasional"
17749,2011-06-14 15:45:00,2.0,674.52,320.0,33.0,0.0,0.0,179.0,674.52,337.26,0.0,78.0875,0,"Value tier 1/2: less recent, occasional"
17750,2011-12-04 14:09:00,9.0,1694.16,3696.0,100.0,0.0,0.0,6.0,1694.16,188.24,0.0,19.86675347222222,1,"Value tier 2/2: recent, repeat"
17752,2010-12-15 16:19:00,1.0,80.64,192.0,1.0,0.0,0.0,360.0,80.64,80.64,0.0,,0,"Value tier 1/2: less recent, occasional"
17754,2011-12-09 11:20:00,5.0,1664.65,1816.0,82.0,1.0,32.34,1.0,1632.3100000000002,332.93,16.666666666666664,64.9732638888889,1,"Value tier 2/2: recent, repeat"
17757,2011-12-08 15:31:00,30.0,5589.4400000000005,3317.0,274.0,1.0,19.8,2.0,5569.64,186.31466666666668,3.225806451612903,12.790565134099616,1,"Value tier 2/2: recent, repeat"
17758,2011-11-20 14:45:00,8.0,3408.2000000000003,2054.0,310.0,0.0,0.0,20.0,3408.2000000000003,426.02500000000003,0.0,32.99632936507937,1,"Value tier 2/2: recent, repeat"
17759,2011-11-22 16:02:00,3.0,818.71,696.0,81.0,0.0,0.0,18.0,818.71,272.90333333333336,0.0,76.05104166666666,1,"Value tier 2/2: recent, repeat"
17760,2011-11-18 10:56:00,2.0,287.59,239.0,25.0,0.0,0.0,22.0,287.59,143.795,0.0,351.825,0,"Value tier 1/2: less recent, occasional"
17761,2011-11-07 10:23:00,1.0,712.78,398.0,19.0,0.0,0.0,33.0,712.78,712.78,0.0,,0,"Value tier 1/2: less recent, occasional"
17763,2011-03-21 14:25:00,1.0,15.0,12.0,1.0,0.0,0.0,264.0,15.0,15.0,0.0,,0,"Value tier 1/2: less recent, occasional"
17764,2011-10-20 11:03:00,2.0,772.55,351.0,71.0,0.0,0.0,51.0,772.55,386.275,0.0,160.7861111111111,0,"Value tier 1/2: less recent, occasional"
17765,2011-07-04 12:41:00,3.0,367.63,143.0,51.0,0.0,0.0,159.0,367.63,122.54333333333334,0.0,49.01493055555555,0,"Value tier 1/2: less recent, occasional"
17767,2011-11-24 14:42:00,1.0,271.2,128.0,21.0,0.0,0.0,16.0,271.2,271.2,0.0,,0,"Value tier 1/2: less recent, occasional"
17768,2011-12-01 13:22:00,3.0,2081.9,1122.0,77.0,0.0,0.0,9.0,2081.9,693.9666666666667,0.0,78.99166666666667,1,"Value tier 2/2: recent, repeat"
17769,2011-11-27 11:18:00,10.0,3957.43,1850.0,200.0,2.0,37.35,13.0,3920.08,395.743,16.666666666666664,34.2224537037037,1,"Value tier 2/2: recent, repeat"
17770,2011-05-25 12:34:00,5.0,1143.27,365.0,33.0,0.0,0.0,199.0,1143.27,228.654,0.0,20.989409722222224,0,"Value tier 1/2: less recent, occasional"
17771,2011-10-14 11:43:00,2.0,245.33,283.0,50.0,0.0,0.0,57.0,245.33,122.665,0.0,266.8958333333333,0,"Value tier 1/2: less recent, occasional"
17772,2011-11-29 11:05:00,2.0,173.45,55.0,50.0,0.0,0.0,11.0,173.45,86.725,0.0,0.005555555555555556,0,"Value tier 1/2: less recent, occasional"
17774,2011-09-04 12:49:00,4.0,1213.73,508.0,123.0,1.0,9.95,97.0,1203.78,303.4325,20.0,69.66111111111111,0,"Value tier 1/2: less recent, occasional"
17775,2011-03-30 10:50:00,1.0,56.4,72.0,3.0,0.0,0.0,255.0,56.4,56.4,0.0,,0,"Value tier 1/2: less recent, occasional"
17777,2011-11-15 12:02:00,3.0,647.56,501.0,141.0,0.0,0.0,25.0,647.56,215.85333333333332,0.0,37.946875,0,"Value tier 1/2: less recent, occasional"
17779,2011-11-18 14:15:00,3.0,650.32,396.0,73.0,2.0,16.4,22.0,633.9200000000001,216.77333333333334,40.0,61.04027777777778,0,"Value tier 1/2: less recent, occasional"
17781,2011-07-03 16:00:00,2.0,188.02,34.0,12.0,0.0,0.0,160.0,188.02,94.01,0.0,93.8375,0,"Value tier 1/2: less recent, occasional"
17783,2011-09-28 16:07:00,2.0,283.47,354.0,67.0,0.0,0.0,73.0,283.47,141.735,0.0,175.25,0,"Value tier 1/2: less recent, occasional"
17785,2011-10-17 13:43:00,1.0,131.94,67.0,13.0,0.0,0.0,54.0,131.94,131.94,0.0,,0,"Value tier 1/2: less recent, occasional"
17786,2011-09-15 12:51:00,2.0,266.85,195.0,57.0,0.0,0.0,86.0,266.85,133.425,0.0,231.92777777777778,0,"Value tier 1/2: less recent, occasional"
17787,2011-07-10 11:24:00,4.0,1817.54,896.0,94.0,0.0,0.0,153.0,1817.54,454.385,0.0,72.96782407407407,0,"Value tier 1/2: less recent, occasional"
17788,2011-09-27 10:09:00,2.0,1112.95,210.0,2.0,0.0,0.0,74.0,1112.95,556.475,0.0,55.97986111111111,0,"Value tier 1/2: less recent, occasional"
17789,2011-03-03 13:14:00,1.0,225.9,74.0,14.0,0.0,0.0,282.0,225.9,225.9,0.0,,0,"Value tier 1/2: less recent, occasional"
17790,2011-11-13 11:30:00,14.0,1964.3,835.0,121.0,0.0,0.0,27.0,1964.3,140.30714285714285,0.0,26.00229700854701,1,"Value tier 2/2: recent, repeat"
17791,2011-11-10 12:09:00,1.0,106.1,46.0,10.0,0.0,0.0,30.0,106.1,106.1,0.0,,0,"Value tier 1/2: less recent, occasional"
17793,2011-11-14 14:24:00,1.0,300.34,226.0,49.0,0.0,0.0,26.0,300.34,300.34,0.0,,0,"Value tier 1/2: less recent, occasional"
17795,2011-06-13 12:36:00,2.0,342.83,305.0,43.0,0.0,0.0,180.0,342.83,171.415,0.0,85.02361111111111,0,"Value tier 1/2: less recent, occasional"
17796,2011-10-30 15:38:00,4.0,690.0,176.0,63.0,0.0,0.0,41.0,690.0,172.5,0.0,109.71180555555554,0,"Value tier 1/2: less recent, occasional"
17797,2011-11-17 13:21:00,3.0,780.43,498.0,102.0,0.0,0.0,23.0,780.43,260.1433333333333,0.0,80.03888888888889,1,"Value tier 2/2: recent, repeat"
17799,2011-11-17 15:16:00,10.0,3039.17,1753.0,280.0,1.0,29.849999999999998,23.0,3009.32,303.91700000000003,9.090909090909092,37.67638888888889,1,"Value tier 2/2: recent, repeat"
17800,2011-11-02 12:57:00,9.0,1186.21,731.0,50.0,0.0,0.0,38.0,1186.21,131.8011111111111,0.0,37.12039930555555,1,"Value tier 2/2: recent, repeat"
17802,2011-09-18 14:56:00,3.0,1285.04,752.0,102.0,1.0,33.2,83.0,1251.84,428.34666666666664,25.0,145.025,0,"Value tier 1/2: less recent, occasional"
17805,2011-09-27 11:49:00,1.0,512.31,478.0,10.0,0.0,0.0,74.0,512.31,512.31,0.0,,0,"Value tier 1/2: less recent, occasional"
17806,2011-11-28 14:12:00,1.0,546.04,727.0,43.0,0.0,0.0,12.0,546.04,546.04,0.0,,0,"Value tier 1/2: less recent, occasional"
17809,2011-11-23 12:59:00,12.0,5411.91,2057.0,46.0,2.0,67.06,17.0,5344.849999999999,450.9925,14.285714285714285,32.467045454545456,1,"Value tier 2/2: recent, repeat"
17811,2011-12-05 13:46:00,39.0,7755.12,4145.0,358.0,12.0,160.02,5.0,7595.099999999999,198.84923076923076,23.52941176470588,8.660964912280702,1,"Value tier 2/2: recent, repeat"
17812,2011-11-27 11:47:00,4.0,699.81,329.0,113.0,0.0,0.0,13.0,699.81,174.9525,0.0,118.61574074074075,1,"Value tier 2/2: recent, repeat"
17813,2011-11-25 16:13:00,5.0,1698.07,752.0,297.0,2.0,56.279999999999994,15.0,1641.79,339.614,28.57142857142857,14.252777777777778,1,"Value tier 2/2: recent, repeat"
17816,2011-11-03 11:34:00,4.0,36.56,30.0,16.0,0.0,0.0,37.0,36.56,9.14,0.0,109.63055555555557,0,"Value tier 1/2: less recent, occasional"
17817,2011-12-05 14:39:00,3.0,387.68,67.0,32.0,0.0,0.0,5.0,387.68,129.22666666666666,0.0,136.44062499999998,1,"Value tier 2/2: recent, repeat"
17819,2011-09-29 10:52:00,7.0,3704.87,1031.0,36.0,1.0,43.8,72.0,3661.0699999999997,529.2671428571429,12.5,49.97523148148148,1,"Value tier 2/2: recent, repeat"
17824,2011-10-19 14:14:00,1.0,298.4,408.0,13.0,0.0,0.0,52.0,298.4,298.4,0.0,,0,"Value tier 1/2: less recent, occasional"
17827,2011-12-04 15:00:00,5.0,1987.33,1240.0,190.0,0.0,0.0,6.0,1987.33,397.466,0.0,89.79895833333333,1,"Value tier 2/2: recent, repeat"
17828,2011-11-17 08:41:00,4.0,1165.09,655.0,53.0,4.0,90.12,23.0,1074.9699999999998,291.2725,50.0,54.00231481481481,1,"Value tier 2/2: recent, repeat"
17829,2011-02-14 12:46:00,1.0,889.24,496.0,30.0,0.0,0.0,299.0,889.24,889.24,0.0,,0,"Value tier 1/2: less recent, occasional"
17830,2011-12-08 12:28:00,3.0,398.7,92.0,18.0,0.0,0.0,2.0,398.7,132.9,0.0,143.54618055555557,1,"Value tier 2/2: recent, repeat"
17831,2011-11-06 15:09:00,1.0,35.400000000000006,12.0,2.0,0.0,0.0,34.0,35.400000000000006,35.400000000000006,0.0,,0,"Value tier 1/2: less recent, occasional"
17832,2011-10-21 11:43:00,1.0,155.37,208.0,61.0,0.0,0.0,50.0,155.37,155.37,0.0,,0,"Value tier 1/2: less recent, occasional"
17835,2011-12-07 11:48:00,3.0,342.24,344.0,45.0,0.0,0.0,3.0,342.24,114.08,0.0,10.402083333333334,1,"Value tier 2/2: recent, repeat"
17836,2011-10-23 16:13:00,1.0,109.83,87.0,22.0,0.0,0.0,48.0,109.83,109.83,0.0,,0,"Value tier 1/2: less recent, occasional"
17837,2011-10-28 16:13:00,8.0,1535.33,508.0,109.0,2.0,32.85,43.0,1502.48,191.91625,20.0,17.28263888888889,1,"Value tier 2/2: recent, repeat"
17838,2011-11-13 11:20:00,5.0,2720.8,1831.0,96.0,1.0,453.4000000000001,27.0,2267.4,544.1600000000001,16.666666666666664,86.45225694444444,1,"Value tier 2/2: recent, repeat"
17839,2011-10-28 17:27:00,1.0,318.15,257.0,50.0,0.0,0.0,43.0,318.15,318.15,0.0,,0,"Value tier 1/2: less recent, occasional"
17841,2011-12-08 12:07:00,124.0,40495.99,22816.0,1322.0,45.0,634.5,2.0,39861.49,326.580564516129,26.627218934911244,3.0235207768744354,1,"Value tier 2/2: recent, repeat"
17843,2011-02-09 15:33:00,1.0,197.73,88.0,35.0,0.0,0.0,304.0,197.73,197.73,0.0,,0,"Value tier 1/2: less recent, occasional"
17844,2011-08-25 11:27:00,1.0,51.559999999999995,52.0,5.0,0.0,0.0,107.0,51.559999999999995,51.559999999999995,0.0,,0,"Value tier 1/2: less recent, occasional"
17848,2011-09-19 16:49:00,9.0,901.1999999999999,398.0,41.0,0.0,0.0,82.0,901.1999999999999,100.13333333333333,0.0,34.61553819444445,1,"Value tier 2/2: recent, repeat"
17849,2011-05-05 13:46:00,4.0,605.8000000000001,114.0,14.0,0.0,0.0,219.0,605.8000000000001,151.45000000000002,0.0,38.35810185185185,0,"Value tier 1/2: less recent, occasional"
17850,2010-12-02 15:27:00,34.0,5391.21,1733.0,21.0,1.0,87.73000000000002,373.0,5303.48,158.565,2.857142857142857,0.03916245791245791,1,"Value tier 2/2: recent, repeat"
17852,2011-11-28 12:36:00,2.0,114.34,53.0,21.0,0.0,0.0,12.0,114.34,57.17,0.0,0.003472222222222222,0,"Value tier 1/2: less recent, occasional"
17854,2011-06-07 16:21:00,2.0,311.26,84.0,15.0,0.0,0.0,186.0,311.26,155.63,0.0,41.977777777777774,0,"Value tier 1/2: less recent, occasional"
17855,2010-12-02 09:44:00,1.0,208.97,197.0,17.0,0.0,0.0,373.0,208.97,208.97,0.0,,0,"Value tier 1/2: less recent, occasional"
17856,2011-12-08 09:40:00,4.0,1418.03,842.0,12.0,2.0,24.240000000000002,2.0,1393.79,354.5075,33.33333333333333,93.30555555555554,1,"Value tier 2/2: recent, repeat"
17857,2011-12-05 13:13:00,22.0,25301.54,14822.0,18.0,2.0,115.69999999999999,5.0,25185.84,1150.07,8.333333333333332,17.193716931216933,1,"Value tier 2/2: recent, repeat"
17858,2011-12-04 11:56:00,12.0,5140.66,2694.0,101.0,0.0,0.0,6.0,5140.66,428.3883333333333,0.0,33.086363636363636,1,"Value tier 2/2: recent, repeat"
17859,2011-02-08 10:32:00,1.0,141.92000000000002,102.0,23.0,0.0,0.0,305.0,141.92000000000002,141.92000000000002,0.0,,0,"Value tier 1/2: less recent, occasional"
17860,2010-12-06 12:41:00,1.0,226.45000000000002,93.0,49.0,0.0,0.0,369.0,226.45000000000002,226.45000000000002,0.0,,0,"Value tier 1/2: less recent, occasional"
17861,2011-12-06 16:21:00,8.0,2097.88,1985.0,172.0,1.0,41.6,4.0,2056.28,262.235,11.11111111111111,45.171329365079366,1,"Value tier 2/2: recent, repeat"
17862,2011-01-20 12:23:00,1.0,330.9,100.0,11.0,0.0,0.0,324.0,330.9,330.9,0.0,,0,"Value tier 1/2: less recent, occasional"
17863,2011-10-11 13:45:00,6.0,3160.0,2638.0,110.0,0.0,0.0,60.0,3160.0,526.6666666666666,0.0,62.00333333333333,1,"Value tier 2/2: recent, repeat"
17864,2011-11-27 11:15:00,3.0,554.85,706.0,70.0,0.0,0.0,13.0,554.85,184.95000000000002,0.0,131.48993055555556,1,"Value tier 2/2: recent, repeat"
17865,2011-11-09 12:08:00,20.0,10524.220000000001,5756.0,190.0,7.0,367.78,31.0,10156.44,526.211,25.925925925925924,17.572916666666668,1,"Value tier 2/2: recent, repeat"
17866,2011-07-20 11:07:00,1.0,329.65,174.0,9.0,1.0,3.95,143.0,325.7,329.65,50.0,,0,"Value tier 1/2: less recent, occasional"
17867,2011-11-09 14:15:00,6.0,1157.8700000000001,508.0,62.0,2.0,574.35,31.0,583.5200000000001,192.97833333333335,25.0,51.61527777777777,1,"Value tier 2/2: recent, repeat"
17869,2011-08-24 16:16:00,5.0,428.18,111.0,37.0,0.0,0.0,108.0,428.18,85.636,0.0,65.23958333333333,0,"Value tier 1/2: less recent, occasional"
17870,2011-12-07 15:07:00,12.0,1865.89,1351.0,214.0,1.0,4.95,3.0,1860.94,155.49083333333334,7.6923076923076925,33.11710858585859,1,"Value tier 2/2: recent, repeat"
17871,2011-05-19 11:32:00,1.0,155.9,182.0,10.0,0.0,0.0,205.0,155.9,155.9,0.0,,0,"Value tier 1/2: less recent, occasional"
17873,2011-09-20 16:41:00,5.0,1719.5800000000002,1034.0,23.0,1.0,94.80000000000001,81.0,1624.7800000000002,343.91600000000005,16.666666666666664,73.26857638888889,1,"Value tier 2/2: recent, repeat"
17874,2011-06-07 12:54:00,6.0,683.46,221.0,37.0,1.0,25.200000000000003,186.0,658.26,113.91000000000001,14.285714285714285,14.01236111111111,0,"Value tier 1/2: less recent, occasional"
17877,2011-06-22 13:00:00,1.0,237.61,98.0,12.0,0.0,0.0,171.0,237.61,237.61,0.0,,0,"Value tier 1/2: less recent, occasional"
17878,2011-10-27 11:24:00,1.0,379.45,401.0,26.0,0.0,0.0,44.0,379.45,379.45,0.0,,0,"Value tier 1/2: less recent, occasional"
17879,2011-06-19 12:36:00,1.0,178.51999999999998,45.0,6.0,0.0,0.0,174.0,178.51999999999998,178.51999999999998,0.0,,0,"Value tier 1/2: less recent, occasional"
17880,2010-12-10 10:21:00,1.0,458.92,314.0,26.0,0.0,0.0,365.0,458.92,458.92,0.0,,0,"Value tier 1/2: less recent, occasional"
17881,2011-02-08 17:16:00,1.0,133.35000000000002,32.0,8.0,0.0,0.0,305.0,133.35000000000002,133.35000000000002,0.0,,0,"Value tier 1/2: less recent, occasional"
17883,2011-12-06 17:49:00,4.0,664.34,374.0,133.0,0.0,0.0,4.0,664.34,166.085,0.0,80.9798611111111,1,"Value tier 2/2: recent, repeat"
17884,2011-12-06 11:33:00,4.0,695.0699999999999,817.0,107.0,0.0,0.0,4.0,695.0699999999999,173.76749999999998,0.0,122.65787037037036,1,"Value tier 2/2: recent, repeat"
17885,2011-11-27 14:40:00,1.0,156.34,110.0,50.0,0.0,0.0,13.0,156.34,156.34,0.0,,0,"Value tier 1/2: less recent, occasional"
17886,2011-11-08 10:09:00,3.0,869.28,469.0,93.0,0.0,0.0,32.0,869.28,289.76,0.0,108.94965277777777,0,"Value tier 1/2: less recent, occasional"
17887,2011-08-02 17:29:00,1.0,111.35,30.0,10.0,0.0,0.0,130.0,111.35,111.35,0.0,,0,"Value tier 1/2: less recent, occasional"
17888,2011-11-18 13:45:00,8.0,716.0,973.0,60.0,2.0,200.27,22.0,515.73,89.5,20.0,47.99890873015873,1,"Value tier 2/2: recent, repeat"
17889,2011-05-11 16:26:00,2.0,201.37,77.0,20.0,0.0,0.0,213.0,201.37,100.685,0.0,109.96666666666667,0,"Value tier 1/2: less recent, occasional"
17890,2011-01-21 11:19:00,2.0,586.89,402.0,88.0,0.0,0.0,323.0,586.89,293.445,0.0,38.83819444444445,0,"Value tier 1/2: less recent, occasional"
17891,2011-06-30 20:08:00,1.0,203.85999999999999,393.0,34.0,0.0,0.0,163.0,203.85999999999999,203.85999999999999,0.0,,0,"Value tier 1/2: less recent, occasional"
17892,2011-10-14 16:49:00,3.0,244.1,109.0,27.0,0.0,0.0,57.0,244.1,81.36666666666666,0.0,49.58090277777778,0,"Value tier 1/2: less recent, occasional"
17893,2011-04-28 13:50:00,1.0,107.21,149.0,15.0,0.0,0.0,226.0,107.21,107.21,0.0,,0,"Value tier 1/2: less recent, occasional"
17894,2011-09-29 09:23:00,8.0,1118.54,402.0,126.0,0.0,0.0,72.0,1118.54,139.8175,0.0,42.110416666666666,1,"Value tier 2/2: recent, repeat"
17895,2011-10-26 17:00:00,1.0,95.45,127.0,15.0,0.0,0.0,45.0,95.45,95.45,0.0,,0,"Value tier 1/2: less recent, occasional"
17896,2011-11-16 13:59:00,1.0,256.32,288.0,2.0,0.0,0.0,24.0,256.32,256.32,0.0,,0,"Value tier 1/2: less recent, occasional"
17897,2011-06-20 11:23:00,3.0,541.8100000000001,222.0,100.0,1.0,25.5,173.0,516.3100000000001,180.60333333333335,25.0,100.47638888888889,0,"Value tier 1/2: less recent, occasional"
17898,2011-09-15 14:56:00,2.0,152.06,190.0,27.0,0.0,0.0,86.0,152.06,76.03,0.0,121.90486111111112,0,"Value tier 1/2: less recent, occasional"
17899,2011-07-03 14:58:00,1.0,154.55,170.0,29.0,0.0,0.0,160.0,154.55,154.55,0.0,,0,"Value tier 1/2: less recent, occasional"
17900,2011-06-02 14:38:00,2.0,112.19999999999999,73.0,4.0,2.0,97.19999999999999,191.0,15.0,56.099999999999994,50.0,0.006944444444444444,0,"Value tier 1/2: less recent, occasional"
17901,2011-11-10 17:29:00,1.0,110.38,24.0,19.0,0.0,0.0,30.0,110.38,110.38,0.0,,0,"Value tier 1/2: less recent, occasional"
17904,2011-11-18 12:57:00,1.0,181.07,59.0,33.0,1.0,12.75,22.0,168.32,181.07,50.0,,0,"Value tier 1/2: less recent, occasional"
17905,2011-09-29 17:33:00,4.0,798.99,406.0,33.0,0.0,0.0,72.0,798.99,199.7475,0.0,100.72500000000001,0,"Value tier 1/2: less recent, occasional"
17906,2011-04-06 17:25:00,1.0,72.9,26.0,12.0,0.0,0.0,248.0,72.9,72.9,0.0,,0,"Value tier 1/2: less recent, occasional"
17908,2010-12-01 11:45:00,1.0,232.03,169.0,51.0,0.0,0.0,374.0,232.03,232.03,0.0,,0,"Value tier 1/2: less recent, occasional"
17911,2011-11-30 14:52:00,1.0,366.23,223.0,39.0,0.0,0.0,10.0,366.23,366.23,0.0,,0,"Value tier 1/2: less recent, occasional"
17912,2011-02-02 14:25:00,5.0,310.06,184.0,35.0,1.0,15.399999999999999,311.0,294.66,62.012,16.666666666666664,13.533680555555556,0,"Value tier 1/2: less recent, occasional"
17913,2011-10-12 10:45:00,2.0,408.65,288.0,55.0,0.0,0.0,59.0,408.65,204.325,0.0,296.96527777777777,0,"Value tier 1/2: less recent, occasional"
17914,2011-12-06 11:58:00,1.0,329.36,457.0,72.0,0.0,0.0,4.0,329.36,329.36,0.0,,0,"Value tier 1/2: less recent, occasional"
17917,2011-10-25 13:20:00,3.0,335.03,184.0,77.0,0.0,0.0,46.0,335.03,111.67666666666666,0.0,158.525,0,"Value tier 1/2: less recent, occasional"
17919,2011-09-12 13:41:00,1.0,1304.04,756.0,23.0,0.0,0.0,89.0,1304.04,1304.04,0.0,,0,"Value tier 1/2: less recent, occasional"
17920,2011-12-05 14:29:00,17.0,4107.6,2471.0,406.0,0.0,0.0,5.0,4107.6,241.62352941176474,0.0,23.069444444444443,1,"Value tier 2/2: recent, repeat"
17921,2011-10-06 18:56:00,4.0,820.23,425.0,114.0,0.0,0.0,65.0,820.23,205.0575,0.0,67.41134259259259,0,"Value tier 1/2: less recent, occasional"
17923,2011-03-02 15:15:00,1.0,207.50000000000003,50.0,1.0,0.0,0.0,283.0,207.50000000000003,207.50000000000003,0.0,,0,"Value tier 1/2: less recent, occasional"
17924,2011-11-28 09:11:00,7.0,2962.5,1160.0,26.0,6.0,68.17,12.0,2894.33,423.2142857142857,46.15384615384615,60.32175925925926,1,"Value tier 2/2: recent, repeat"
17925,2010-12-02 10:10:00,1.0,244.08,72.0,1.0,0.0,0.0,373.0,244.08,244.08,0.0,,0,"Value tier 1/2: less recent, occasional"
17926,2011-07-29 14:39:00,2.0,397.29,306.0,17.0,0.0,0.0,134.0,397.29,198.645,0.0,70.21875,0,"Value tier 1/2: less recent, occasional"
17928,2011-10-25 13:52:00,2.0,184.46,68.0,22.0,0.0,0.0,46.0,184.46,92.23,0.0,200.82569444444445,0,"Value tier 1/2: less recent, occasional"
17929,2011-11-28 16:01:00,4.0,843.0,108.0,4.0,1.0,8.5,12.0,834.5,210.75,20.0,99.06041666666665,1,"Value tier 2/2: recent, repeat"
17930,2011-11-04 10:23:00,5.0,1740.48,1594.0,26.0,0.0,0.0,36.0,1740.48,348.096,0.0,50.94392361111112,1,"Value tier 2/2: recent, repeat"
17931,2011-07-28 18:33:00,2.0,408.36,249.0,63.0,0.0,0.0,135.0,408.36,204.18,0.0,121.25138888888888,0,"Value tier 1/2: less recent, occasional"
17932,2011-11-10 19:49:00,3.0,1331.57,789.0,84.0,0.0,0.0,30.0,1331.57,443.8566666666666,0.0,91.121875,1,"Value tier 2/2: recent, repeat"
17934,2011-10-19 11:16:00,2.0,704.25,478.0,21.0,0.0,0.0,52.0,704.25,352.125,0.0,7.018055555555556,0,"Value tier 1/2: less recent, occasional"
17935,2011-07-24 13:18:00,2.0,142.89,81.0,27.0,0.0,0.0,139.0,142.89,71.445,0.0,3.079861111111111,0,"Value tier 1/2: less recent, occasional"
17936,2011-12-04 13:32:00,1.0,380.13,257.0,68.0,0.0,0.0,6.0,380.13,380.13,0.0,,0,"Value tier 1/2: less recent, occasional"
17937,2011-12-01 11:45:00,7.0,4301.22,1754.0,19.0,0.0,0.0,9.0,4301.22,614.46,0.0,58.97939814814816,1,"Value tier 2/2: recent, repeat"
17939,2011-07-03 12:27:00,1.0,99.14,40.0,12.0,0.0,0.0,160.0,99.14,99.14,0.0,,0,"Value tier 1/2: less recent, occasional"
17940,2011-10-21 13:27:00,9.0,2152.1800000000003,9322.0,5.0,0.0,0.0,50.0,2152.1800000000003,239.13111111111115,0.0,31.64565972222222,1,"Value tier 2/2: recent, repeat"
17941,2011-08-01 08:30:00,1.0,304.56,252.0,2.0,0.0,0.0,131.0,304.56,304.56,0.0,,0,"Value tier 1/2: less recent, occasional"
17942,2011-12-02 10:45:00,1.0,77.50000000000001,38.0,2.0,0.0,0.0,8.0,77.50000000000001,77.50000000000001,0.0,,0,"Value tier 1/2: less recent, occasional"
17946,2011-04-20 17:00:00,2.0,149.57999999999998,75.0,18.0,0.0,0.0,234.0,149.57999999999998,74.78999999999999,0.0,26.101388888888888,0,"Value tier 1/2: less recent, occasional"
17947,2011-11-02 13:05:00,1.0,176.68,168.0,9.0,0.0,0.0,38.0,176.68,176.68,0.0,,0,"Value tier 1/2: less recent, occasional"
17948,2011-07-15 12:58:00,1.0,358.56000000000006,144.0,1.0,0.0,0.0,148.0,358.56000000000006,358.56000000000006,0.0,,0,"Value tier 1/2: less recent, occasional"
17949,2011-12-08 18:46:00,44.0,58030.48,30450.0,28.0,5.0,4814.74,2.0,53215.740000000005,1318.8745454545456,10.204081632653061,8.610045219638243,1,"Value tier 2/2: recent, repeat"
17950,2011-09-28 15:18:00,3.0,482.2,366.0,63.0,1.0,10.08,73.0,472.12,160.73333333333332,25.0,146.50069444444446,0,"Value tier 1/2: less recent, occasional"
17951,2011-10-31 12:30:00,3.0,1008.5400000000001,616.0,18.0,1.0,17.700000000000003,40.0,990.84,336.18,25.0,166.9965277777778,0,"Value tier 1/2: less recent, occasional"
17954,2011-12-04 14:15:00,12.0,2314.13,2221.0,326.0,4.0,37.349999999999994,6.0,2276.78,192.84416666666667,25.0,33.27253787878788,1,"Value tier 2/2: recent, repeat"
17955,2011-05-25 12:00:00,4.0,557.3,273.0,14.0,0.0,0.0,199.0,557.3,139.325,0.0,6.993287037037036,0,"Value tier 1/2: less recent, occasional"
17956,2011-04-04 13:47:00,1.0,12.75,1.0,1.0,0.0,0.0,250.0,12.75,12.75,0.0,,0,"Value tier 1/2: less recent, occasional"
17957,2011-10-04 14:58:00,1.0,110.72,275.0,30.0,0.0,0.0,67.0,110.72,110.72,0.0,,0,"Value tier 1/2: less recent, occasional"
17958,2011-08-15 12:19:00,1.0,508.4599999999999,84.0,7.0,0.0,0.0,117.0,508.4599999999999,508.4599999999999,0.0,,0,"Value tier 1/2: less recent, occasional"
17960,2011-06-21 14:15:00,1.0,73.78,41.0,26.0,0.0,0.0,172.0,73.78,73.78,0.0,,0,"Value tier 1/2: less recent, occasional"
17961,2011-11-18 16:55:00,39.0,1296.44,560.0,211.0,0.0,0.0,22.0,1296.44,33.242051282051285,0.0,9.234228801169591,1,"Value tier 2/2: recent, repeat"
17962,2011-07-20 14:16:00,1.0,102.41,127.0,33.0,0.0,0.0,143.0,102.41,102.41,0.0,,0,"Value tier 1/2: less recent, occasional"
17964,2011-11-08 10:44:00,2.0,463.21,294.0,84.0,0.0,0.0,32.0,463.21,231.605,0.0,340.8833333333333,0,"Value tier 1/2: less recent, occasional"
17965,2011-11-02 09:31:00,14.0,2599.19,1532.0,274.0,0.0,0.0,38.0,2599.19,185.65642857142856,0.0,25.518002136752138,1,"Value tier 2/2: recent, repeat"
17966,2011-11-02 10:26:00,5.0,1098.43,2571.0,53.0,0.0,0.0,38.0,1098.43,219.686,0.0,55.927256944444444,1,"Value tier 2/2: recent, repeat"
17967,2010-12-03 11:19:00,1.0,112.27,73.0,41.0,0.0,0.0,372.0,112.27,112.27,0.0,,0,"Value tier 1/2: less recent, occasional"
17968,2010-12-01 12:23:00,1.0,265.1,151.0,74.0,0.0,0.0,374.0,265.1,265.1,0.0,,0,"Value tier 1/2: less recent, occasional"
17969,2011-06-26 13:00:00,2.0,228.2,152.0,14.0,0.0,0.0,167.0,228.2,114.1,0.0,194.89305555555555,0,"Value tier 1/2: less recent, occasional"
17970,2011-05-12 20:03:00,1.0,562.79,513.0,27.0,0.0,0.0,212.0,562.79,562.79,0.0,,0,"Value tier 1/2: less recent, occasional"
17972,2011-04-12 12:16:00,1.0,135.19,36.0,30.0,0.0,0.0,242.0,135.19,135.19,0.0,,0,"Value tier 1/2: less recent, occasional"
17973,2011-10-19 10:34:00,1.0,337.04,176.0,15.0,0.0,0.0,52.0,337.04,337.04,0.0,,0,"Value tier 1/2: less recent, occasional"
17974,2011-11-15 11:37:00,3.0,703.99,500.0,143.0,0.0,0.0,25.0,703.99,234.66333333333333,0.0,97.49548611111112,0,"Value tier 1/2: less recent, occasional"
17975,2011-11-24 13:27:00,13.0,4479.96,1563.0,188.0,1.0,95.2,16.0,4384.76,344.6123076923077,7.142857142857142,29.256307870370367,1,"Value tier 2/2: recent, repeat"
17976,2010-12-02 13:49:00,1.0,321.79,93.0,56.0,0.0,0.0,373.0,321.79,321.79,0.0,,0,"Value tier 1/2: less recent, occasional"
17977,2011-11-10 13:28:00,1.0,288.14,342.0,19.0,0.0,0.0,30.0,288.14,288.14,0.0,,0,"Value tier 1/2: less recent, occasional"
17978,2010-12-09 14:05:00,1.0,300.91999999999996,499.0,12.0,0.0,0.0,366.0,300.91999999999996,300.91999999999996,0.0,,0,"Value tier 1/2: less recent, occasional"
17979,2011-11-04 12:05:00,4.0,729.01,379.0,115.0,1.0,19.9,36.0,709.11,182.2525,20.0,74.67384259259259,1,"Value tier 2/2: recent, repeat"
17980,2011-06-27 12:01:00,3.0,811.45,682.0,23.0,0.0,0.0,166.0,811.45,270.48333333333335,0.0,96.9204861111111,0,"Value tier 1/2: less recent, occasional"
17984,2011-07-17 15:59:00,1.0,152.68,98.0,48.0,0.0,0.0,146.0,152.68,152.68,0.0,,0,"Value tier 1/2: less recent, occasional"
17985,2011-11-17 14:24:00,1.0,631.35,171.0,20.0,0.0,0.0,23.0,631.35,631.35,0.0,,0,"Value tier 1/2: less recent, occasional"
17986,2011-10-14 14:22:00,1.0,20.8,10.0,1.0,0.0,0.0,57.0,20.8,20.8,0.0,,0,"Value tier 1/2: less recent, occasional"
17987,2011-06-07 14:22:00,1.0,198.57,261.0,13.0,0.0,0.0,186.0,198.57,198.57,0.0,,0,"Value tier 1/2: less recent, occasional"
17988,2011-11-28 11:00:00,7.0,201.12,43.0,37.0,1.0,9.95,12.0,191.17000000000002,28.731428571428573,12.5,52.49317129629629,1,"Value tier 2/2: recent, repeat"
17990,2011-04-17 11:44:00,3.0,630.84,414.0,27.0,0.0,0.0,237.0,630.84,210.28,0.0,62.49097222222222,0,"Value tier 1/2: less recent, occasional"
17991,2011-04-28 15:58:00,2.0,93.35,25.0,4.0,0.0,0.0,226.0,93.35,46.675,0.0,0.9715277777777778,0,"Value tier 1/2: less recent, occasional"
17994,2011-08-10 11:41:00,4.0,674.89,495.0,63.0,2.0,48.8,122.0,626.09,168.7225,33.33333333333333,56.34236111111111,0,"Value tier 1/2: less recent, occasional"
17995,2011-03-03 12:30:00,1.0,76.1,133.0,2.0,0.0,0.0,282.0,76.1,76.1,0.0,,0,"Value tier 1/2: less recent, occasional"
17997,2011-09-26 16:13:00,8.0,1962.46,2273.0,133.0,4.0,441.99000000000007,75.0,1520.47,245.3075,33.33333333333333,12.849702380952381,1,"Value tier 2/2: recent, repeat"
17999,2011-11-02 15:56:00,2.0,380.39,219.0,87.0,0.0,0.0,38.0,380.39,190.195,0.0,329.02708333333334,0,"Value tier 1/2: less recent, occasional"
18001,2011-11-27 16:02:00,2.0,415.13,362.0,56.0,0.0,0.0,13.0,415.13,207.565,0.0,74.19513888888889,0,"Value tier 1/2: less recent, occasional"
18004,2010-12-12 13:47:00,1.0,157.92,75.0,32.0,0.0,0.0,363.0,157.92,157.92,0.0,,0,"Value tier 1/2: less recent, occasional"
18005,2011-12-06 11:51:00,2.0,226.47,86.0,52.0,0.0,0.0,4.0,226.47,113.235,0.0,43.88263888888889,0,"Value tier 1/2: less recent, occasional"
18006,2011-11-16 16:52:00,1.0,444.68,220.0,21.0,0.0,0.0,24.0,444.68,444.68,0.0,,0,"Value tier 1/2: less recent, occasional"
18008,2011-09-30 15:17:00,9.0,2116.19,1581.0,24.0,0.0,0.0,71.0,2116.19,235.13222222222223,0.0,31.01484375,1,"Value tier 2/2: recent, repeat"
18009,2011-04-18 13:36:00,1.0,247.39,125.0,31.0,1.0,5.1,236.0,242.29,247.39,50.0,,0,"Value tier 1/2: less recent, occasional"
18010,2011-03-28 12:27:00,1.0,174.8,60.0,14.0,0.0,0.0,257.0,174.8,174.8,0.0,,0,"Value tier 1/2: less recent, occasional"
18011,2010-12-01 17:35:00,1.0,102.78999999999999,71.0,28.0,0.0,0.0,374.0,102.78999999999999,102.78999999999999,0.0,,0,"Value tier 1/2: less recent, occasional"
18013,2011-07-07 14:11:00,2.0,187.29,285.0,31.0,0.0,0.0,156.0,187.29,93.645,0.0,0.0020833333333333333,0,"Value tier 1/2: less recent, occasional"
18014,2011-11-11 15:28:00,1.0,154.27,65.0,28.0,0.0,0.0,29.0,154.27,154.27,0.0,,0,"Value tier 1/2: less recent, occasional"
18015,2011-12-05 14:49:00,1.0,120.03,157.0,46.0,0.0,0.0,5.0,120.03,120.03,0.0,,0,"Value tier 1/2: less recent, occasional"
18016,2011-11-07 13:25:00,5.0,1477.66,1027.0,90.0,0.0,0.0,33.0,1477.66,295.53200000000004,0.0,82.96024305555557,1,"Value tier 2/2: recent, repeat"
18017,2011-09-19 16:15:00,3.0,523.0,300.0,1.0,0.0,0.0,82.0,523.0,174.33333333333334,0.0,114.54791666666665,0,"Value tier 1/2: less recent, occasional"
18018,2011-08-23 17:37:00,2.0,122.14,55.0,29.0,0.0,0.0,109.0,122.14,61.07,0.0,91.17708333333333,0,"Value tier 1/2: less recent, occasional"
18019,2011-10-19 12:10:00,1.0,38.45,7.0,5.0,0.0,0.0,52.0,38.45,38.45,0.0,,0,"Value tier 1/2: less recent, occasional"
18022,2011-11-04 12:45:00,1.0,612.72,703.0,141.0,0.0,0.0,36.0,612.72,612.72,0.0,,0,"Value tier 1/2: less recent, occasional"
18024,2011-07-10 12:40:00,2.0,389.78,184.0,21.0,1.0,153.0,153.0,236.77999999999997,194.89,33.33333333333333,0.008333333333333333,0,"Value tier 1/2: less recent, occasional"
18027,2011-09-02 10:38:00,1.0,115.31,78.0,21.0,0.0,0.0,99.0,115.31,115.31,0.0,,0,"Value tier 1/2: less recent, occasional"
18030,2011-12-05 16:37:00,2.0,230.64999999999998,67.0,8.0,1.0,9.95,5.0,220.7,115.32499999999999,33.33333333333333,38.1125,0,"Value tier 1/2: less recent, occasional"
18032,2011-01-09 15:32:00,1.0,73.5,42.0,5.0,0.0,0.0,335.0,73.5,73.5,0.0,,0,"Value tier 1/2: less recent, occasional"
18033,2011-10-05 17:28:00,1.0,93.82000000000001,252.0,32.0,0.0,0.0,66.0,93.82000000000001,93.82000000000001,0.0,,0,"Value tier 1/2: less recent, occasional"
18034,2011-11-18 12:22:00,2.0,418.68,559.0,99.0,0.0,0.0,22.0,418.68,209.34,0.0,0.009722222222222222,0,"Value tier 1/2: less recent, occasional"
18035,2011-11-04 12:39:00,3.0,713.89,584.0,44.0,0.0,0.0,36.0,713.89,237.96333333333334,0.0,3.892708333333333,0,"Value tier 1/2: less recent, occasional"
18036,2011-11-07 14:40:00,3.0,403.12,232.0,77.0,0.0,0.0,33.0,403.12,134.37333333333333,0.0,106.56736111111113,0,"Value tier 1/2: less recent, occasional"
18037,2011-07-08 13:39:00,6.0,70.02,20.0,19.0,0.0,0.0,155.0,70.02,11.67,0.0,41.577638888888885,0,"Value tier 1/2: less recent, occasional"
18040,2011-11-20 14:20:00,2.0,357.20000000000005,148.0,18.0,0.0,0.0,20.0,357.20000000000005,178.60000000000002,0.0,226.2451388888889,0,"Value tier 1/2: less recent, occasional"
18041,2011-11-28 11:39:00,21.0,4097.37,3758.0,285.0,1.0,22.25,12.0,4075.12,195.11285714285714,4.545454545454546,18.050625,1,"Value tier 2/2: recent, repeat"
18042,2011-10-17 11:49:00,1.0,165.04999999999998,33.0,7.0,0.0,0.0,54.0,165.04999999999998,165.04999999999998,0.0,,0,"Value tier 1/2: less recent, occasional"
18043,2011-11-15 12:48:00,3.0,529.29,265.0,106.0,0.0,0.0,25.0,529.29,176.42999999999998,0.0,171.00451388888888,0,"Value tier 1/2: less recent, occasional"
18044,2011-12-05 14:26:00,10.0,2088.6,1033.0,88.0,1.0,2.95,5.0,2085.65,208.85999999999999,9.090909090909092,39.56489197530865,1,"Value tier 2/2: recent, repeat"
18045,2011-10-25 13:07:00,1.0,178.34,138.0,43.0,0.0,0.0,46.0,178.34,178.34,0.0,,0,"Value tier 1/2: less recent, occasional"
18048,2011-05-20 14:58:00,2.0,172.29000000000002,127.0,6.0,0.0,0.0,204.0,172.29000000000002,86.14500000000001,0.0,0.002777777777777778,0,"Value tier 1/2: less recent, occasional"
18050,2010-12-15 14:25:00,1.0,74.4,40.0,5.0,0.0,0.0,360.0,74.4,74.4,0.0,,0,"Value tier 1/2: less recent, occasional"
18053,2011-09-30 09:05:00,1.0,300.02,302.0,20.0,1.0,2.95,71.0,297.07,300.02,50.0,,0,"Value tier 1/2: less recent, occasional"
18055,2011-12-02 14:25:00,10.0,6761.34,2452.0,223.0,1.0,32.050000000000004,8.0,6729.29,676.134,9.090909090909092,40.23865740740741,1,"Value tier 2/2: recent, repeat"
18056,2011-02-24 14:27:00,1.0,363.65,211.0,19.0,0.0,0.0,289.0,363.65,363.65,0.0,,0,"Value tier 1/2: less recent, occasional"
18058,2011-11-30 08:38:00,1.0,170.16,88.0,3.0,0.0,0.0,10.0,170.16,170.16,0.0,,0,"Value tier 1/2: less recent, occasional"
18059,2011-11-16 16:49:00,3.0,306.46,258.0,17.0,1.0,9.75,24.0,296.71,102.15333333333332,25.0,22.152430555555554,0,"Value tier 1/2: less recent, occasional"
18061,2011-11-18 11:20:00,10.0,2119.41,955.0,18.0,0.0,0.0,22.0,2119.41,211.94099999999997,0.0,38.325385802469135,1,"Value tier 2/2: recent, repeat"
18062,2011-06-19 14:47:00,3.0,720.52,396.0,23.0,0.0,0.0,174.0,720.52,240.17333333333332,0.0,82.09861111111111,0,"Value tier 1/2: less recent, occasional"
18064,2011-07-29 16:39:00,2.0,814.0,384.0,7.0,0.0,0.0,134.0,814.0,407.0,0.0,102.06319444444445,0,"Value tier 1/2: less recent, occasional"
18065,2011-12-04 10:30:00,14.0,2392.83,1027.0,110.0,1.0,12.75,6.0,2380.08,170.91642857142855,6.666666666666667,27.608226495726495,1,"Value tier 2/2: recent, repeat"
18066,2011-09-25 15:30:00,1.0,318.0,108.0,10.0,0.0,0.0,76.0,318.0,318.0,0.0,,0,"Value tier 1/2: less recent, occasional"
18067,2011-10-30 15:58:00,1.0,396.33,189.0,36.0,0.0,0.0,41.0,396.33,396.33,0.0,,0,"Value tier 1/2: less recent, occasional"
18068,2011-02-23 14:50:00,1.0,101.69999999999999,6.0,1.0,0.0,0.0,290.0,101.69999999999999,101.69999999999999,0.0,,0,"Value tier 1/2: less recent, occasional"
18069,2011-11-13 16:03:00,5.0,2009.24,1296.0,334.0,2.0,14.850000000000001,27.0,1994.39,401.848,28.57142857142857,75.25225694444444,1,"Value tier 2/2: recent, repeat"
18071,2011-03-27 11:59:00,2.0,453.0,260.0,23.0,0.0,0.0,258.0,453.0,226.5,0.0,108.05972222222222,0,"Value tier 1/2: less recent, occasional"
18072,2011-06-07 10:44:00,1.0,247.44,288.0,18.0,1.0,235.2,186.0,12.240000000000009,247.44,50.0,,0,"Value tier 1/2: less recent, occasional"
18073,2011-08-17 14:02:00,12.0,3859.82,3102.0,23.0,1.0,13.08,115.0,3846.7400000000002,321.6516666666667,7.6923076923076925,7.524242424242424,1,"Value tier 2/2: recent, repeat"
18074,2010-12-01 09:53:00,1.0,489.6,190.0,13.0,0.0,0.0,374.0,489.6,489.6,0.0,,0,"Value tier 1/2: less recent, occasional"
18075,2011-11-16 15:21:00,10.0,2611.75,1464.0,97.0,4.0,73.03,24.0,2538.72,261.175,28.57142857142857,37.46550925925926,1,"Value tier 2/2: recent, repeat"
18077,2011-12-01 13:32:00,11.0,2584.41,1839.0,101.0,0.0,0.0,9.0,2584.41,234.94636363636363,0.0,35.81326388888889,1,"Value tier 2/2: recent, repeat"
18078,2011-05-06 14:32:00,2.0,336.13,145.0,27.0,0.0,0.0,218.0,336.13,168.065,0.0,41.975,0,"Value tier 1/2: less recent, occasional"
18079,2011-10-25 15:27:00,4.0,3613.15,7347.0,99.0,0.0,0.0,46.0,3613.15,903.2875,0.0,64.37800925925926,1,"Value tier 2/2: recent, repeat"
18080,2011-11-21 08:02:00,2.0,1231.5,642.0,2.0,0.0,0.0,19.0,1231.5,615.75,0.0,223.9111111111111,1,"Value tier 2/2: recent, repeat"
18081,2011-11-03 16:30:00,3.0,343.45,195.0,14.0,0.0,0.0,37.0,343.45,114.48333333333333,0.0,48.59513888888889,0,"Value tier 1/2: less recent, occasional"
18082,2011-11-14 12:45:00,1.0,680.84,608.0,62.0,0.0,0.0,26.0,680.84,680.84,0.0,,0,"Value tier 1/2: less recent, occasional"
18084,2011-11-23 13:57:00,1.0,90.47999999999999,312.0,1.0,1.0,2.95,17.0,87.52999999999999,90.47999999999999,50.0,,0,"Value tier 1/2: less recent, occasional"
18085,2011-01-13 15:17:00,2.0,689.95,265.0,25.0,0.0,0.0,331.0,689.95,344.975,0.0,43.13125,0,"Value tier 1/2: less recent, occasional"
18086,2011-03-10 13:34:00,1.0,101.34,106.0,7.0,0.0,0.0,275.0,101.34,101.34,0.0,,0,"Value tier 1/2: less recent, occasional"
18087,2011-02-22 10:43:00,1.0,3202.9199999999996,3906.0,1.0,2.0,285.6,291.0,2917.3199999999997,3202.9199999999996,66.66666666666666,,0,"Value tier 1/2: less recent, occasional"
18088,2011-10-09 13:41:00,1.0,166.03,107.0,35.0,0.0,0.0,62.0,166.03,166.03,0.0,,0,"Value tier 1/2: less recent, occasional"
18092,2011-12-07 13:14:00,11.0,9068.26,4252.0,28.0,1.0,2.5,3.0,9065.76,824.3872727272727,8.333333333333332,36.31347222222222,1,"Value tier 2/2: recent, repeat"
18093,2011-09-07 15:43:00,4.0,2106.52,1392.0,31.0,1.0,23.1,94.0,2083.42,526.63,20.0,69.71481481481482,1,"Value tier 2/2: recent, repeat"
18094,2011-09-19 09:28:00,7.0,3017.3,2518.0,39.0,0.0,0.0,82.0,3017.3,431.04285714285714,0.0,35.00439814814815,1,"Value tier 2/2: recent, repeat"
18095,2011-01-31 12:50:00,2.0,580.0500000000001,419.0,20.0,0.0,0.0,313.0,580.0500000000001,290.02500000000003,0.0,20.009027777777778,0,"Value tier 1/2: less recent, occasional"
18096,2011-11-28 12:44:00,3.0,849.06,788.0,157.0,0.0,0.0,12.0,849.06,283.02,0.0,26.017013888888886,1,"Value tier 2/2: recent, repeat"
18097,2011-12-02 11:16:00,6.0,2662.4,1662.0,65.0,1.0,4.95,8.0,2657.4500000000003,443.73333333333335,14.285714285714285,69.37041666666667,1,"Value tier 2/2: recent, repeat"
18099,2011-08-04 15:52:00,1.0,168.31,149.0,19.0,0.0,0.0,128.0,168.31,168.31,0.0,,0,"Value tier 1/2: less recent, occasional"
18101,2011-11-28 13:37:00,2.0,222.4,87.0,37.0,0.0,0.0,12.0,222.4,111.2,0.0,132.0222222222222,0,"Value tier 1/2: less recent, occasional"
18102,2011-12-09 11:50:00,60.0,259657.3,64124.0,150.0,0.0,0.0,1.0,259657.3,4327.621666666667,0.0,6.216902071563088,1,"Value tier 2/2: recent, repeat"
18104,2011-11-02 14:07:00,1.0,754.64,362.0,38.0,0.0,0.0,38.0,754.64,754.64,0.0,,0,"Value tier 1/2: less recent, occasional"
18105,2011-11-02 12:04:00,1.0,113.48000000000002,46.0,18.0,0.0,0.0,38.0,113.48000000000002,113.48000000000002,0.0,,0,"Value tier 1/2: less recent, occasional"
18106,2011-01-14 12:23:00,1.0,421.9,126.0,33.0,0.0,0.0,330.0,421.9,421.9,0.0,,0,"Value tier 1/2: less recent, occasional"
18108,2011-03-30 13:56:00,1.0,271.0,84.0,17.0,1.0,6.35,255.0,264.65,271.0,50.0,,0,"Value tier 1/2: less recent, occasional"
18109,2011-12-08 11:36:00,26.0,8004.92,4230.0,119.0,5.0,127.64999999999999,2.0,7877.27,307.88153846153847,16.129032258064516,14.721055555555557,1,"Value tier 2/2: recent, repeat"
18110,2011-11-20 12:34:00,1.0,198.8,72.0,33.0,1.0,30.25,20.0,168.55,198.8,50.0,,0,"Value tier 1/2: less recent, occasional"
18112,2011-11-27 14:43:00,2.0,352.69,255.0,26.0,0.0,0.0,13.0,352.69,176.345,0.0,154.0326388888889,0,"Value tier 1/2: less recent, occasional"
18113,2010-12-06 12:31:00,1.0,76.32000000000001,72.0,1.0,0.0,0.0,369.0,76.32000000000001,76.32000000000001,0.0,,0,"Value tier 1/2: less recent, occasional"
18114,2011-02-22 13:20:00,1.0,220.1,55.0,28.0,0.0,0.0,291.0,220.1,220.1,0.0,,0,"Value tier 1/2: less recent, occasional"
18116,2011-10-03 11:00:00,8.0,1399.51,819.0,229.0,0.0,0.0,68.0,1399.51,174.93875,0.0,42.421230158730154,1,"Value tier 2/2: recent, repeat"
18117,2011-11-14 12:47:00,1.0,314.4,604.0,67.0,0.0,0.0,26.0,314.4,314.4,0.0,,0,"Value tier 1/2: less recent, occasional"
18118,2011-11-29 11:32:00,26.0,5622.68,2853.0,423.0,5.0,58.05,11.0,5564.63,216.2569230769231,16.129032258064516,14.358861111111112,1,"Value tier 2/2: recent, repeat"
18119,2010-12-07 11:59:00,1.0,180.7,124.0,29.0,0.0,0.0,368.0,180.7,180.7,0.0,,0,"Value tier 1/2: less recent, occasional"
18120,2011-05-09 13:45:00,1.0,111.15,31.0,17.0,0.0,0.0,215.0,111.15,111.15,0.0,,0,"Value tier 1/2: less recent, occasional"
18121,2011-07-13 12:53:00,2.0,653.3,438.0,28.0,0.0,0.0,150.0,653.3,326.65,0.0,5.027083333333334,0,"Value tier 1/2: less recent, occasional"
18122,2011-12-01 13:08:00,6.0,1791.84,1215.0,238.0,0.0,0.0,9.0,1791.84,298.64,0.0,28.412638888888893,1,"Value tier 2/2: recent, repeat"
18123,2011-11-15 14:23:00,2.0,574.4399999999999,582.0,31.0,0.0,0.0,25.0,574.4399999999999,287.21999999999997,0.0,7.036111111111111,0,"Value tier 1/2: less recent, occasional"
18125,2011-11-10 12:29:00,4.0,1131.75,800.0,164.0,1.0,1.65,30.0,1130.1,282.9375,20.0,95.63125000000001,1,"Value tier 2/2: recent, repeat"
18126,2011-10-10 12:19:00,1.0,198.58,129.0,51.0,0.0,0.0,61.0,198.58,198.58,0.0,,0,"Value tier 1/2: less recent, occasional"
18127,2011-11-20 14:05:00,3.0,347.08,187.0,41.0,0.0,0.0,20.0,347.08,115.69333333333333,0.0,57.08298611111111,0,"Value tier 1/2: less recent, occasional"
18129,2011-04-10 14:16:00,1.0,112.55000000000001,48.0,13.0,0.0,0.0,244.0,112.55000000000001,112.55000000000001,0.0,,0,"Value tier 1/2: less recent, occasional"
18130,2011-11-24 14:40:00,3.0,1059.39,824.0,58.0,1.0,13.65,16.0,1045.74,353.13000000000005,25.0,20.972916666666666,1,"Value tier 2/2: recent, repeat"
18133,2011-05-11 14:14:00,1.0,931.4999999999999,1350.0,1.0,0.0,0.0,213.0,931.4999999999999,931.4999999999999,0.0,,0,"Value tier 1/2: less recent, occasional"
18135,2011-11-10 19:32:00,5.0,681.9100000000001,349.0,11.0,0.0,0.0,30.0,681.9100000000001,136.382,0.0,40.30694444444445,1,"Value tier 2/2: recent, repeat"
18136,2011-10-07 15:40:00,3.0,784.33,379.0,34.0,1.0,22.5,64.0,761.83,261.4433333333333,25.0,128.07361111111112,0,"Value tier 1/2: less recent, occasional"
18138,2011-02-17 14:51:00,1.0,152.65,38.0,8.0,0.0,0.0,296.0,152.65,152.65,0.0,,0,"Value tier 1/2: less recent, occasional"
18139,2011-11-22 10:44:00,6.0,8438.34,5557.0,35.0,0.0,0.0,18.0,8438.34,1406.39,0.0,0.17194444444444446,1,"Value tier 2/2: recent, repeat"
18142,2011-07-05 13:19:00,2.0,1019.52,1276.0,9.0,2.0,4.62,158.0,1014.9,509.76,50.0,58.03333333333333,0,"Value tier 1/2: less recent, occasional"
18143,2011-08-15 12:07:00,2.0,1000.16,570.0,59.0,0.0,0.0,117.0,1000.16,500.08,0.0,25.05763888888889,0,"Value tier 1/2: less recent, occasional"
18144,2011-12-02 12:46:00,12.0,2888.75,1343.0,27.0,0.0,0.0,8.0,2888.75,240.72916666666666,0.0,33.269002525252525,1,"Value tier 2/2: recent, repeat"
18145,2011-11-27 11:22:00,4.0,2861.55,2625.0,174.0,0.0,0.0,13.0,2861.55,715.3875,0.0,99.9888888888889,1,"Value tier 2/2: recent, repeat"
18146,2011-07-22 12:08:00,2.0,160.35000000000002,153.0,10.0,0.0,0.0,141.0,160.35000000000002,80.17500000000001,0.0,79.81458333333333,0,"Value tier 1/2: less recent, occasional"
18147,2011-10-25 11:46:00,2.0,179.33999999999997,203.0,7.0,0.0,0.0,46.0,179.33999999999997,89.66999999999999,0.0,62.975,0,"Value tier 1/2: less recent, occasional"
18149,2011-10-20 12:04:00,3.0,612.0799999999999,310.0,11.0,0.0,0.0,51.0,612.0799999999999,204.02666666666664,0.0,111.48611111111111,0,"Value tier 1/2: less recent, occasional"
18150,2011-11-07 16:49:00,3.0,566.58,332.0,29.0,0.0,0.0,33.0,566.58,188.86,0.0,84.62569444444445,0,"Value tier 1/2: less recent, occasional"
18151,2011-07-28 11:35:00,2.0,653.35,355.0,38.0,0.0,0.0,135.0,653.35,326.675,0.0,155.12916666666666,0,"Value tier 1/2: less recent, occasional"
18154,2011-12-06 16:41:00,2.0,399.19,255.0,15.0,0.0,0.0,4.0,399.19,199.595,0.0,40.25069444444444,1,"Value tier 2/2: recent, repeat"
18155,2011-09-25 13:32:00,3.0,371.62,266.0,19.0,1.0,23.799999999999997,76.0,347.82,123.87333333333333,25.0,108.0611111111111,0,"Value tier 1/2: less recent, occasional"
18156,2011-11-27 12:24:00,2.0,675.64,283.0,100.0,0.0,0.0,13.0,675.64,337.82,0.0,356.99652777777777,0,"Value tier 1/2: less recent, occasional"
18158,2011-11-30 16:19:00,2.0,453.4,354.0,24.0,1.0,1.65,10.0,451.75,226.7,33.33333333333333,79.30277777777778,0,"Value tier 1/2: less recent, occasional"
18159,2011-02-11 14:26:00,1.0,530.15,139.0,23.0,0.0,0.0,302.0,530.15,530.15,0.0,,0,"Value tier 1/2: less recent, occasional"
18160,2011-10-13 15:50:00,2.0,638.0600000000001,294.0,37.0,0.0,0.0,58.0,638.0600000000001,319.03000000000003,0.0,143.08958333333334,0,"Value tier 1/2: less recent, occasional"
18161,2011-11-24 16:40:00,5.0,1618.69,812.0,49.0,1.0,5.9,16.0,1612.79,323.738,16.666666666666664,76.04930555555556,1,"Value tier 2/2: recent, repeat"
18164,2011-11-02 12:56:00,1.0,399.65000000000003,184.0,24.0,1.0,4.95,38.0,394.70000000000005,399.65000000000003,50.0,,0,"Value tier 1/2: less recent, occasional"
18165,2011-06-15 13:23:00,1.0,302.46000000000004,254.0,10.0,0.0,0.0,178.0,302.46000000000004,302.46000000000004,0.0,,0,"Value tier 1/2: less recent, occasional"
18167,2011-11-16 15:56:00,3.0,1384.8600000000001,382.0,24.0,2.0,23.349999999999998,24.0,1361.5100000000002,461.62000000000006,40.0,41.08888888888889,1,"Value tier 2/2: recent, repeat"
18168,2011-06-16 19:21:00,6.0,1160.04,592.0,97.0,3.0,36.3,177.0,1123.74,193.34,33.33333333333333,39.21013888888889,0,"Value tier 1/2: less recent, occasional"
18169,2011-10-10 12:18:00,1.0,202.65,61.0,9.0,0.0,0.0,61.0,202.65,202.65,0.0,,0,"Value tier 1/2: less recent, occasional"
18170,2011-11-06 14:35:00,3.0,980.31,409.0,29.0,0.0,0.0,34.0,980.31,326.77,0.0,91.98680555555555,1,"Value tier 2/2: recent, repeat"
18171,2011-10-12 09:13:00,5.0,1231.31,481.0,43.0,2.0,22.8,59.0,1208.51,246.262,28.57142857142857,68.74270833333333,1,"Value tier 2/2: recent, repeat"
18172,2011-11-25 11:12:00,20.0,7561.68,3184.0,100.0,5.0,71.50999999999999,15.0,7490.17,378.084,20.0,14.474707602339182,1,"Value tier 2/2: recent, repeat"
18173,2011-09-14 11:26:00,4.0,2106.84,1220.0,23.0,0.0,0.0,87.0,2106.84,526.71,0.0,62.65972222222223,1,"Value tier 2/2: recent, repeat"
18174,2011-12-02 16:56:00,1.0,104.0,50.0,1.0,0.0,0.0,8.0,104.0,104.0,0.0,,0,"Value tier 1/2: less recent, occasional"
18176,2010-12-16 15:45:00,1.0,476.35,283.0,30.0,1.0,27.7,359.0,448.65000000000003,476.35,50.0,,0,"Value tier 1/2: less recent, occasional"
18177,2011-11-08 14:44:00,6.0,1340.8700000000001,709.0,53.0,1.0,27.25,32.0,1313.6200000000001,223.47833333333335,14.285714285714285,44.849722222222226,1,"Value tier 2/2: recent, repeat"
18178,2011-08-03 09:30:00,4.0,1590.81,983.0,80.0,2.0,17.4,129.0,1573.4099999999999,397.7025,33.33333333333333,78.62222222222222,0,"Value tier 1/2: less recent, occasional"
18179,2011-11-30 16:23:00,6.0,1793.17,1360.0,86.0,0.0,0.0,10.0,1793.17,298.8616666666667,0.0,65.41680555555556,1,"Value tier 2/2: recent, repeat"
18180,2011-12-05 08:39:00,6.0,1843.75,1721.0,108.0,0.0,0.0,5.0,1843.75,307.2916666666667,0.0,27.59722222222222,1,"Value tier 2/2: recent, repeat"
18181,2011-11-15 15:08:00,1.0,366.85,133.0,40.0,0.0,0.0,25.0,366.85,366.85,0.0,,0,"Value tier 1/2: less recent, occasional"
18183,2011-04-26 15:26:00,2.0,632.07,371.0,36.0,4.0,31.549999999999997,228.0,600.5200000000001,316.035,66.66666666666666,47.22083333333333,0,"Value tier 1/2: less recent, occasional"
18184,2011-11-24 15:28:00,1.0,49.8,60.0,1.0,0.0,0.0,16.0,49.8,49.8,0.0,,0,"Value tier 1/2: less recent, occasional"
18185,2011-04-04 13:42:00,1.0,304.25,183.0,17.0,0.0,0.0,250.0,304.25,304.25,0.0,,0,"Value tier 1/2: less recent, occasional"
18188,2011-11-24 16:46:00,3.0,2001.04,1168.0,63.0,1.0,2.55,16.0,1998.49,667.0133333333333,25.0,137.54270833333334,1,"Value tier 2/2: recent, repeat"
18189,2011-09-23 12:40:00,2.0,1090.24,566.0,65.0,1.0,5.9,78.0,1084.34,545.12,33.33333333333333,190.11875,0,"Value tier 1/2: less recent, occasional"
18190,2011-05-31 14:48:00,2.0,284.46000000000004,140.0,14.0,1.0,9.95,193.0,274.51000000000005,142.23000000000002,33.33333333333333,138.17569444444445,0,"Value tier 1/2: less recent, occasional"
18191,2011-03-23 12:08:00,1.0,207.79999999999998,140.0,7.0,0.0,0.0,262.0,207.79999999999998,207.79999999999998,0.0,,0,"Value tier 1/2: less recent, occasional"
18192,2011-09-29 09:53:00,1.0,957.97,339.0,45.0,0.0,0.0,72.0,957.97,957.97,0.0,,0,"Value tier 1/2: less recent, occasional"
18193,2011-06-27 13:58:00,1.0,243.76,124.0,16.0,2.0,30.8,166.0,212.95999999999998,243.76,66.66666666666666,,0,"Value tier 1/2: less recent, occasional"
18194,2011-09-18 13:29:00,1.0,973.8399999999999,632.0,7.0,1.0,77.84,83.0,895.9999999999999,973.8399999999999,50.0,,0,"Value tier 1/2: less recent, occasional"
18196,2011-09-05 16:22:00,2.0,686.63,431.0,131.0,0.0,0.0,96.0,686.63,343.315,0.0,195.00625,0,"Value tier 1/2: less recent, occasional"
18198,2011-12-05 14:49:00,17.0,5425.56,4074.0,81.0,4.0,342.5,5.0,5083.06,319.15058823529415,19.047619047619047,20.753038194444446,1,"Value tier 2/2: recent, repeat"
18200,2011-08-25 18:45:00,1.0,150.35,104.0,29.0,0.0,0.0,107.0,150.35,150.35,0.0,,0,"Value tier 1/2: less recent, occasional"
18202,2011-05-24 12:12:00,3.0,1396.99,581.0,55.0,0.0,0.0,200.0,1396.99,465.66333333333336,0.0,55.97083333333333,0,"Value tier 1/2: less recent, occasional"
18203,2011-07-05 13:07:00,1.0,160.42000000000002,43.0,19.0,0.0,0.0,158.0,160.42000000000002,160.42000000000002,0.0,,0,"Value tier 1/2: less recent, occasional"
18204,2011-09-29 16:44:00,3.0,1975.35,1190.0,159.0,1.0,14.4,72.0,1960.9499999999998,658.4499999999999,25.0,60.52708333333334,1,"Value tier 2/2: recent, repeat"
18205,2011-11-03 13:22:00,2.0,517.36,192.0,30.0,0.0,0.0,37.0,517.36,258.68,0.0,38.05555555555556,0,"Value tier 1/2: less recent, occasional"
18209,2011-11-11 12:07:00,1.0,139.10000000000002,58.0,8.0,0.0,0.0,29.0,139.10000000000002,139.10000000000002,0.0,,0,"Value tier 1/2: less recent, occasional"
18210,2011-12-08 11:02:00,6.0,2621.38,1398.0,109.0,0.0,0.0,2.0,2621.38,436.8966666666667,0.0,53.150555555555556,1,"Value tier 2/2: recent, repeat"
18211,2011-11-14 08:10:00,5.0,600.07,359.0,37.0,0.0,0.0,26.0,600.07,120.01400000000001,0.0,63.208506944444444,1,"Value tier 2/2: recent, repeat"
18212,2011-01-17 16:14:00,1.0,216.07,92.0,30.0,0.0,0.0,327.0,216.07,216.07,0.0,,0,"Value tier 1/2: less recent, occasional"
18213,2011-04-17 10:21:00,1.0,232.48000000000002,232.0,15.0,0.0,0.0,237.0,232.48000000000002,232.48000000000002,0.0,,0,"Value tier 1/2: less recent, occasional"
18215,2011-09-11 16:05:00,1.0,299.34000000000003,118.0,13.0,0.0,0.0,90.0,299.34000000000003,299.34000000000003,0.0,,0,"Value tier 1/2: less recent, occasional"
18216,2011-11-08 16:55:00,1.0,481.75,200.0,26.0,0.0,0.0,32.0,481.75,481.75,0.0,,0,"Value tier 1/2: less recent, occasional"
18217,2011-11-10 13:18:00,2.0,621.75,491.0,27.0,0.0,0.0,30.0,621.75,310.875,0.0,41.106944444444444,0,"Value tier 1/2: less recent, occasional"
18218,2011-05-12 12:53:00,2.0,641.92,536.0,17.0,2.0,35.7,212.0,606.2199999999999,320.96,50.0,70.0201388888889,0,"Value tier 1/2: less recent, occasional"
18219,2011-12-07 11:43:00,10.0,2069.77,885.0,58.0,1.0,50.0,3.0,2019.77,206.977,9.090909090909092,40.674228395061725,1,"Value tier 2/2: recent, repeat"
18220,2011-04-27 09:03:00,1.0,305.28000000000003,288.0,2.0,1.0,7.5,227.0,297.78000000000003,305.28000000000003,50.0,,0,"Value tier 1/2: less recent, occasional"
18221,2011-11-17 14:40:00,5.0,1041.61,791.0,59.0,1.0,8.3,23.0,1033.31,208.32199999999997,16.666666666666664,47.2546875,1,"Value tier 2/2: recent, repeat"
18222,2011-09-08 10:45:00,1.0,443.0,335.0,19.0,0.0,0.0,93.0,443.0,443.0,0.0,,0,"Value tier 1/2: less recent, occasional"
18223,2011-12-05 09:11:00,14.0,6484.54,2948.0,116.0,12.0,166.46999999999997,5.0,6318.07,463.18142857142857,46.15384615384615,27.206677350427352,1,"Value tier 2/2: recent, repeat"
18224,2011-03-21 10:30:00,1.0,158.95000000000002,69.0,10.0,0.0,0.0,264.0,158.95000000000002,158.95000000000002,0.0,,0,"Value tier 1/2: less recent, occasional"
18225,2011-12-06 13:27:00,12.0,5504.96,3242.0,150.0,5.0,148.1,4.0,5356.86,458.74666666666667,29.411764705882355,32.90031565656565,1,"Value tier 2/2: recent, repeat"
18226,2011-10-26 13:36:00,11.0,5228.05,3466.0,141.0,3.0,35.95,45.0,5192.1,475.27727272727276,21.428571428571427,29.319166666666668,1,"Value tier 2/2: recent, repeat"
18227,2011-05-06 12:23:00,1.0,93.75,21.0,5.0,0.0,0.0,218.0,93.75,93.75,0.0,,0,"Value tier 1/2: less recent, occasional"
18228,2011-10-14 09:21:00,2.0,779.9,238.0,23.0,1.0,10.7,57.0,769.1999999999999,389.95,33.33333333333333,22.939583333333335,0,"Value tier 1/2: less recent, occasional"
18229,2011-11-28 09:48:00,20.0,7276.900000000001,2488.0,66.0,0.0,0.0,12.0,7276.900000000001,363.845,0.0,19.03812134502924,1,"Value tier 2/2: recent, repeat"
18230,2011-11-30 13:22:00,7.0,2810.2000000000003,1316.0,32.0,3.0,93.6,10.0,2716.6000000000004,401.4571428571429,30.0,48.83518518518519,1,"Value tier 2/2: recent, repeat"
18231,2011-05-31 14:18:00,5.0,2071.77,819.0,106.0,1.0,17.1,193.0,2054.67,414.354,16.666666666666664,24.053819444444443,1,"Value tier 2/2: recent, repeat"
18232,2011-09-19 11:49:00,4.0,592.97,302.0,31.0,1.0,10.5,82.0,582.47,148.2425,20.0,38.60162037037037,0,"Value tier 1/2: less recent, occasional"
18233,2011-01-18 08:44:00,1.0,440.0,4.0,1.0,0.0,0.0,326.0,440.0,440.0,0.0,,0,"Value tier 1/2: less recent, occasional"
18235,2011-09-29 08:27:00,3.0,1796.48,1578.0,100.0,0.0,0.0,72.0,1796.48,598.8266666666667,0.0,72.89305555555555,1,"Value tier 2/2: recent, repeat"
18236,2011-11-10 08:06:00,6.0,882.24,403.0,42.0,0.0,0.0,30.0,882.24,147.04,0.0,42.18527777777778,1,"Value tier 2/2: recent, repeat"
18237,2011-12-07 12:49:00,5.0,987.1,622.0,40.0,0.0,0.0,3.0,987.1,197.42000000000002,0.0,32.99722222222222,1,"Value tier 2/2: recent, repeat"
18239,2011-05-05 12:38:00,5.0,1561.6100000000001,795.0,80.0,0.0,0.0,219.0,1561.6100000000001,312.322,0.0,38.44618055555556,0,"Value tier 1/2: less recent, occasional"
18240,2011-10-24 13:06:00,1.0,422.58,126.0,6.0,0.0,0.0,47.0,422.58,422.58,0.0,,0,"Value tier 1/2: less recent, occasional"
18241,2011-11-30 12:10:00,17.0,2073.09,1051.0,60.0,1.0,15.0,10.0,2058.09,121.9464705882353,5.555555555555555,13.007291666666667,1,"Value tier 2/2: recent, repeat"
18242,2011-09-28 13:43:00,4.0,2232.4900000000002,1017.0,72.0,0.0,0.0,73.0,2232.4900000000002,558.1225000000001,0.0,47.03310185185185,1,"Value tier 2/2: recent, repeat"
18245,2011-12-02 14:48:00,7.0,2567.06,1788.0,153.0,1.0,59.5,8.0,2507.56,366.72285714285715,12.5,57.99884259259259,1,"Value tier 2/2: recent, repeat"
18246,2011-11-16 11:49:00,2.0,596.1,166.0,3.0,0.0,0.0,24.0,596.1,298.05,0.0,209.9125,0,"Value tier 1/2: less recent, occasional"
18248,2011-08-09 10:19:00,2.0,804.02,511.0,39.0,2.0,21.0,123.0,783.02,402.01,50.0,63.87569444444444,0,"Value tier 1/2: less recent, occasional"
18249,2011-11-22 15:07:00,1.0,95.34,128.0,8.0,0.0,0.0,18.0,95.34,95.34,0.0,,0,"Value tier 1/2: less recent, occasional"
18250,2011-02-02 13:16:00,1.0,349.27,199.0,21.0,1.0,6.35,311.0,342.91999999999996,349.27,50.0,,0,"Value tier 1/2: less recent, occasional"
18251,2011-09-13 15:03:00,1.0,4314.72,7824.0,16.0,0.0,0.0,88.0,4314.72,4314.72,0.0,,0,"Value tier 1/2: less recent, occasional"
18252,2011-10-20 12:43:00,2.0,518.27,234.0,90.0,0.0,0.0,51.0,518.27,259.135,0.0,121.03888888888889,0,"Value tier 1/2: less recent, occasional"
18255,2011-09-11 13:16:00,1.0,103.3,74.0,6.0,0.0,0.0,90.0,103.3,103.3,0.0,,0,"Value tier 1/2: less recent, occasional"
18257,2011-10-31 14:48:00,8.0,2337.63,1041.0,97.0,3.0,63.60000000000001,40.0,2274.03,292.20375,27.27272727272727,36.71180555555556,1,"Value tier 2/2: recent, repeat"
18259,2011-11-15 12:34:00,3.0,2338.6000000000004,714.0,27.0,0.0,0.0,25.0,2338.6000000000004,779.5333333333334,0.0,170.97777777777776,1,"Value tier 2/2: recent, repeat"
18260,2011-06-20 12:37:00,6.0,2628.35,1475.0,86.0,2.0,48.2,173.0,2580.15,438.05833333333334,25.0,37.151944444444446,1,"Value tier 2/2: recent, repeat"
18261,2011-10-27 15:36:00,2.0,324.24,146.0,19.0,0.0,0.0,44.0,324.24,162.12,0.0,52.25138888888889,0,"Value tier 1/2: less recent, occasional"
18262,2011-07-22 16:04:00,1.0,149.48,182.0,13.0,0.0,0.0,141.0,149.48,149.48,0.0,,0,"Value tier 1/2: less recent, occasional"
18263,2011-11-14 09:00:00,3.0,1213.1599999999999,1468.0,59.0,1.0,2.08,26.0,1211.08,404.3866666666666,25.0,113.44166666666666,1,"Value tier 2/2: recent, repeat"
18265,2011-09-28 14:10:00,2.0,801.51,311.0,44.0,0.0,0.0,73.0,801.51,400.755,0.0,85.94722222222222,0,"Value tier 1/2: less recent, occasional"
18268,2011-07-28 19:13:00,1.0,25.5,2.0,1.0,1.0,25.5,135.0,0.0,25.5,50.0,,0,"Value tier 1/2: less recent, occasional"
18269,2010-12-08 13:53:00,1.0,168.6,76.0,7.0,1.0,29.700000000000003,367.0,138.89999999999998,168.6,50.0,,0,"Value tier 1/2: less recent, occasional"
18270,2011-11-01 13:57:00,2.0,283.15,101.0,11.0,1.0,38.25,39.0,244.89999999999998,141.575,33.33333333333333,228.05277777777778,0,"Value tier 1/2: less recent, occasional"
18272,2011-12-07 12:43:00,6.0,3078.58,2050.0,99.0,1.0,13.8,3.0,3064.7799999999997,513.0966666666667,14.285714285714285,48.82611111111111,1,"Value tier 2/2: recent, repeat"
18273,2011-12-07 13:16:00,3.0,204.0,80.0,1.0,0.0,0.0,3.0,204.0,68.0,0.0,127.53958333333334,1,"Value tier 2/2: recent, repeat"
18274,2011-11-09 17:03:00,1.0,175.92,88.0,11.0,1.0,175.92000000000002,31.0,-2.842170943040401e-14,175.92,50.0,,0,"Value tier 1/2: less recent, occasional"
18276,2011-10-27 10:54:00,1.0,335.86,186.0,14.0,2.0,12.5,44.0,323.36,335.86,66.66666666666666,,0,"Value tier 1/2: less recent, occasional"
18277,2011-10-12 15:22:00,1.0,110.38,68.0,8.0,1.0,12.75,59.0,97.63,110.38,50.0,,0,"Value tier 1/2: less recent, occasional"
18278,2011-09-27 11:58:00,1.0,173.9,66.0,9.0,0.0,0.0,74.0,173.9,173.9,0.0,,0,"Value tier 1/2: less recent, occasional"
18280,2011-03-07 09:52:00,1.0,180.60000000000002,45.0,10.0,0.0,0.0,278.0,180.60000000000002,180.60000000000002,0.0,,0,"Value tier 1/2: less recent, occasional"
18281,2011-06-12 10:53:00,1.0,80.82,54.0,7.0,0.0,0.0,181.0,80.82,80.82,0.0,,0,"Value tier 1/2: less recent, occasional"
18282,2011-12-02 11:43:00,2.0,178.05,103.0,12.0,1.0,1.45,8.0,176.60000000000002,89.025,33.33333333333333,118.92222222222222,0,"Value tier 1/2: less recent, occasional"
18283,2011-12-06 12:02:00,16.0,2039.58,1355.0,262.0,0.0,0.0,4.0,2039.58,127.47375,0.0,22.260555555555552,1,"Value tier 2/2: recent, repeat"
18287,2011-10-28 09:29:00,3.0,1837.28,1586.0,59.0,0.0,0.0,43.0,1837.28,612.4266666666666,0.0,79.47569444444444,1,"Value tier 2/2: recent, repeat"
