CustomerID,Cluster,Recommendation1,Recommendation2,Recommendation3
12346,1,85123A,85099B,22423
12347,1,85123A,85099B,20725
12348,1,85123A,85099B,22423
12349,0,85123A,84879,47566
12350,0,85123A,22423,84879
12352,1,85123A,85099B,20725
12353,0,85123A,22423,84879
12354,0,85123A,22423,84879
12355,0,85123A,84879,47566
12356,1,85123A,85099B,20725
12357,1,85123A,85099B,20725
12358,1,85123A,85099B,22423
12359,1,85123A,20725,84879
12360,1,85123A,85099B,22423
12361,0,85123A,22423,84879
12362,1,85123A,84879,20727
12363,0,85123A,22423,84879
12364,1,85123A,85099B,22423
12365,0,85123A,84879,47566
12367,0,85123A,22423,84879
12370,1,85099B,22423,20725
12371,0,85123A,84879,47566
12372,0,85123A,22423,84879
12373,0,85123A,22423,84879
12374,0,85123A,84879,47566
12375,0,85123A,22423,84879
12377,0,85123A,22423,84879
12378,0,85123A,22423,84879
12379,0,85123A,22423,84879
12380,1,85123A,22423,47566
12381,1,85123A,85099B,20725
12383,0,85123A,22423,84879
12384,0,85123A,84879,47566
12386,0,85123A,22423,84879
12388,1,85123A,85099B,22423
12390,0,85123A,22423,84879
12391,0,22423,84879,22720
12393,1,85123A,85099B,22423
12394,0,85123A,22423,84879
12395,1,85123A,20725,47566
12397,1,85123A,85099B,47566
12398,0,85123A,22423,84879
12399,0,85123A,22423,84879
12401,0,85123A,84879,47566
12402,0,85123A,22423,84879
12403,0,85123A,22423,84879
12405,0,85123A,22423,84879
12406,1,85123A,85099B,22423
12407,1,85123A,85099B,22423
12408,1,85123A,22423,20725
12409,1,20725,84879,23203
12410,0,85123A,84879,47566
12412,0,85123A,22423,84879
12413,0,85123A,22423,84879
12414,0,85123A,22423,84879
12415,1,85123A,84879,22383
12417,1,85123A,85099B,20725
12418,0,85123A,22423,84879
12420,0,85123A,84879,47566
12421,1,85123A,85099B,22423
12422,0,85123A,22423,84879
12423,1,85123A,22423,47566
12424,0,85123A,22423,84879
12425,0,85123A,22423,84879
12426,0,85123A,22423,84879
12427,1,85123A,85099B,22423
12428,1,22423,20725,84879
12429,1,85123A,85099B,20725
12430,0,85123A,22423,84879
12431,1,85123A,47566,84879
12432,1,85123A,85099B,22423
12433,1,85123A,85099B,22423
12434,0,85123A,22423,84879
12435,1,85123A,85099B,22423
12436,0,85123A,22423,84879
12437,1,85123A,85099B,84879
12438,1,85123A,85099B,20725
12441,0,85123A,22423,84879
12442,0,85123A,22423,84879
12444,1,85123A,85099B,20725
12445,0,85123A,22423,84879
12446,0,85123A,84879,21034
12447,0,85123A,22423,84879
12448,0,85123A,22423,84879
12449,1,85123A,85099B,22423
12450,0,85123A,22423,84879
12451,1,85123A,22423,84879
12452,0,85123A,22423,84879
12453,0,85123A,22423,84879
12454,0,85123A,84879,47566
12455,1,22423,47566,84879
12456,1,85123A,85099B,20725
12457,1,85123A,85099B,22423
12458,0,85123A,22423,84879
12461,0,85123A,22423,47566
12462,0,84879,47566,21034
12463,1,85123A,85099B,20725
12464,1,85123A,85099B,22423
12465,0,85123A,22423,84879
12468,0,85123A,22423,84879
12471,1,85123A,85099B,20725
12472,1,85123A,85099B,20725
12473,1,85123A,22423,47566
12474,1,85123A,85099B,20725
12475,0,85123A,22423,84879
12476,1,85099B,20725,47566
12477,1,85123A,22423,20725
12478,0,85123A,22423,84879
12479,0,85123A,22423,84879
12480,1,85123A,85099B,20725
12481,1,85123A,85099B,22423
12483,1,85123A,85099B,22423
12484,1,85099B,84879,23203
12488,1,85123A,85099B,22423
12489,0,85123A,22423,84879
12490,1,85123A,22423,47566
12491,0,85123A,22423,84879
12492,0,85123A,22423,84879
12493,0,85123A,22423,84879
12494,1,85123A,85099B,22423
12497,0,85123A,22423,84879
12498,0,85123A,22423,84879
12500,1,85123A,22423,20725
12501,0,85123A,22423,84879
12502,1,85123A,20725,47566
12504,0,85123A,22423,84879
12506,0,85123A,22423,84879
12507,0,85123A,84879,47566
12508,0,85123A,22423,84879
12509,0,85123A,22423,84879
12510,0,85123A,22423,84879
12512,0,22423,84879,22720
12513,0,85123A,22423,84879
12514,0,85123A,22423,84879
12515,0,85123A,84879,47566
12516,0,85123A,22423,84879
12517,1,85123A,22423,47566
12518,1,85123A,85099B,22423
12519,0,85123A,22423,84879
12520,1,85123A,85099B,20725
12521,0,85123A,22423,84879
12522,0,85123A,22423,84879
12523,1,85123A,85099B,20725
12524,1,85123A,85099B,22423
12526,1,85123A,85099B,22423
12527,0,85123A,22423,84879
12528,1,85123A,85099B,20725
12530,1,85123A,22423,47566
12531,0,85123A,22423,84879
12532,0,85123A,22423,84879
12534,0,85123A,22423,47566
12535,0,85123A,22423,84879
12536,0,85123A,47566,21034
12538,0,85123A,22423,84879
12539,1,85123A,85099B,20725
12540,1,85099B,23203,20727
12541,0,85123A,22423,84879
12544,0,85123A,22423,47566
12545,0,85123A,84879,47566
12546,0,85123A,22423,84879
12547,0,85123A,22423,84879
12548,0,85123A,22423,84879
12550,0,85123A,22423,84879
12551,0,85123A,22423,84879
12552,0,85123A,22423,47566
12553,1,85123A,22423,47566
12556,0,47566,21034,22720
12557,1,85123A,85099B,22423
12558,0,85123A,22423,84879
12559,0,85123A,84879,47566
12560,1,85123A,85099B,22423
12561,0,85123A,22423,84879
12562,1,85123A,22423,47566
12564,0,85123A,22423,84879
12565,0,85123A,22423,84879
12566,0,85123A,22423,84879
12567,1,85123A,22197,22086
12569,1,85123A,85099B,22423
12571,0,85123A,22423,84879
12572,1,85123A,85099B,20725
12573,0,22423,21034,22720
12574,0,85123A,22423,84879
12576,1,85123A,85099B,22423
12577,0,85123A,22423,84879
12578,1,85123A,85099B,47566
12579,0,85123A,84879,47566
12580,0,85123A,22423,84879
12581,0,85123A,22423,84879
12582,0,85123A,22423,84879
12583,1,85123A,85099B,22423
12584,1,85099B,20725,47566
12585,0,85123A,47566,21034
12586,0,22423,84879,47566
12587,0,85123A,22423,84879
12588,0,85123A,84879,47566
12589,0,85123A,84879,47566
12590,0,85123A,22423,84879
12591,0,85123A,22423,84879
12592,0,85123A,22423,84879
12593,0,85123A,22423,84879
12594,1,85123A,85099B,22423
12596,0,85123A,22423,84879
12597,1,20725,84879,20727
12598,1,85123A,85099B,20725
12599,1,85123A,85099B,22423
12600,1,85123A,22423,20725
12601,0,85123A,22423,84879
12602,0,85123A,22423,84879
12603,0,85123A,84879,47566
12604,0,85123A,22423,84879
12607,0,85123A,22423,84879
12609,0,85123A,22423,84879
12610,1,85099B,20725,47566
12611,0,85123A,22423,84879
12612,0,85123A,22423,84879
12613,1,85123A,20725,47566
12614,0,85123A,22423,84879
12615,1,85123A,22423,47566
12616,0,85123A,22423,84879
12617,0,85123A,22423,84879
12618,0,85123A,22423,84879
12619,1,85123A,85099B,20725
12620,1,85123A,85099B,22423
12621,1,85123A,47566,84879
12622,0,85123A,84879,47566
12623,0,85123A,22423,84879
12624,0,85123A,84879,47566
12625,0,85123A,84879,21034
12626,1,85123A,47566,84879
12627,1,85123A,47566,84879
12628,1,85123A,85099B,22423
12630,1,85099B,20725,47566
12631,0,85123A,22423,84879
12633,1,85123A,22423,20725
12635,0,85123A,22423,84879
12637,1,85123A,84879,22197
12638,0,85123A,22423,84879
12639,0,85123A,22423,84879
12640,1,85123A,85099B,20725
12641,0,85123A,22423,84879
12642,1,85123A,85099B,22423
12643,1,85123A,85099B,22423
12644,0,85123A,84879,47566
12645,1,85123A,85099B,22423
12646,1,85123A,85099B,20725
12647,1,85123A,22423,47566
12648,0,85123A,22423,84879
12649,0,85123A,22423,84879
12650,0,85123A,22423,84879
12651,0,85123A,22423,84879
12652,0,85123A,22423,84879
12653,0,85123A,84879,47566
12654,1,85123A,85099B,20725
12656,1,85123A,47566,84879
12657,1,85123A,85099B,20725
12658,0,85123A,22423,84879
12659,0,85123A,22423,84879
12660,0,85123A,22423,84879
12662,1,85123A,85099B,22423
12664,1,85123A,85099B,22423
12665,0,85123A,22423,84879
12667,0,22423,84879,47566
12668,1,85123A,85099B,22423
12669,0,85123A,22423,84879
12670,1,85123A,85099B,22423
12672,0,85123A,22423,84879
12673,1,85123A,22423,20725
12674,1,85123A,85099B,22423
12676,1,85123A,85099B,22423
12678,1,85123A,85099B,22423
12679,0,85123A,22423,84879
12680,1,85123A,85099B,22423
12681,1,85123A,84879,20727
12682,1,85123A,84879,20727
12683,1,85123A,85099B,20725
12684,1,85123A,85099B,22423
12685,1,85123A,20725,47566
12686,0,85123A,22423,84879
12688,0,85123A,84879,47566
12689,0,85123A,22423,84879
12690,0,85123A,22423,84879
12691,1,85123A,85099B,22423
12693,0,85123A,22423,84879
12694,0,85123A,84879,47566
12695,1,85123A,85099B,22423
12697,0,85123A,22423,84879
12700,1,85123A,20727,22720
12701,0,85123A,22423,84879
12702,0,85123A,22423,84879
12703,0,85123A,22423,84879
12704,1,85123A,22423,20725
12705,1,85123A,47566,84879
12707,0,85123A,22423,84879
12708,1,85123A,85099B,20725
12709,1,85123A,85099B,20725
12710,0,85123A,22423,84879
12712,1,85123A,85099B,22423
12713,1,85123A,85099B,22423
12714,1,85123A,85099B,47566
12715,0,85123A,22423,84879
12716,1,85123A,85099B,22423
12717,0,85123A,22423,84879
12718,0,85123A,22423,84879
12719,1,85123A,85099B,22423
12720,1,85123A,22423,47566
12721,1,85123A,84879,23203
12722,0,22423,84879,47566
12723,1,85123A,85099B,22423
12724,1,85123A,85099B,22423
12725,0,85123A,22423,84879
12726,1,85123A,85099B,22423
12727,1,85123A,85099B,22423
12728,0,85123A,84879,47566
12729,0,85123A,22423,84879
12731,1,85123A,85099B,47566
12732,0,85123A,22423,84879
12733,0,85123A,84879,47566
12734,0,85123A,22423,84879
12735,0,85123A,22423,84879
12736,0,85123A,22423,84879
12738,0,85123A,22423,84879
12739,0,85123A,84879,47566
12740,0,85123A,22423,84879
12743,0,85123A,47566,21034
12744,1,20725,84879,23203
12747,1,22423,20725,47566
12748,1,22178,,
12749,1,85123A,85099B,20725
12750,0,85123A,22423,84879
12752,0,85123A,22423,84879
12753,1,85123A,85099B,22423
12754,0,85123A,22423,84879
12755,0,85123A,22423,84879
12756,0,85123A,22423,84879
12757,1,85123A,22423,47566
12758,0,85123A,22423,47566
12759,1,85099B,20725,47566
12762,1,85123A,85099B,22423
12763,0,85123A,22423,84879
12764,0,85123A,84879,21034
12766,1,85123A,22423,47566
12769,0,85123A,84879,47566
12770,0,85123A,22423,84879
12772,0,85123A,22423,84879
12775,1,85099B,22423,20725
12778,1,85123A,85099B,22423
12779,1,85123A,85099B,22423
12781,0,85123A,22423,84879
12782,1,85099B,22423,20725
12783,1,85123A,85099B,22423
12784,0,85123A,22423,47566
12785,0,85123A,22423,84879
12787,1,85123A,85099B,22423
12789,0,85123A,22423,84879
12790,0,85123A,22423,84879
12791,0,85123A,22423,84879
12792,0,85123A,22423,84879
12793,0,85123A,22423,84879
12794,0,85123A,22423,84879
12795,0,85123A,84879,47566
12797,0,85123A,22423,84879
12798,1,85123A,85099B,22423
12802,0,85123A,22423,84879
12808,0,85123A,22423,84879
12809,0,85123A,84879,47566
12811,0,85123A,22423,84879
12812,0,85123A,22423,84879
12814,0,85123A,22423,84879
12815,0,85123A,22423,84879
12816,0,85123A,22423,84879
12817,0,85123A,22423,47566
12818,0,85123A,22423,84879
12820,1,85099B,22423,20725
12821,0,85123A,22423,84879
12822,0,85123A,22423,84879
12823,1,85123A,85099B,22423
12824,0,85123A,22423,84879
12826,1,85123A,85099B,22423
12827,1,85123A,85099B,22423
12828,1,85123A,85099B,22423
12829,0,85123A,22423,84879
12830,1,85123A,85099B,22423
12831,0,85123A,22423,84879
12832,0,85123A,22423,84879
12833,0,85123A,22423,21034
12834,0,85123A,22423,84879
12836,1,20725,47566,20727
12837,0,85123A,22423,84879
12838,0,85123A,22423,84879
12839,1,85123A,22423,20725
12840,1,22423,47566,84879
12841,1,85099B,20725,84879
12842,0,22423,47566,21034
12843,1,84879,23203,20727
12844,0,85123A,22423,84879
12845,0,85123A,22423,84879
12847,0,85123A,22423,84879
12849,0,85123A,22423,84879
12851,0,85123A,22423,84879
12852,0,85123A,84879,47566
12853,1,85123A,47566,84879
12854,0,21034,22720,22138
12855,0,85123A,22423,84879
12856,1,85099B,22423,20725
12857,0,85123A,22423,84879
12863,0,85123A,22423,84879
12864,0,85123A,22423,84879
12865,1,85123A,85099B,22423
12866,0,85123A,22423,84879
12867,1,85123A,22423,22720
12868,1,85099B,20725,47566
12871,0,22423,84879,47566
12872,0,22423,22138,85099B
12873,0,85123A,22423,84879
12875,0,85123A,22423,84879
12876,0,85123A,84879,47566
12877,1,85123A,85099B,22423
12878,0,85123A,22423,84879
12879,0,85123A,22423,84879
12881,0,85123A,22423,84879
12882,1,85123A,85099B,22423
12883,1,85123A,85099B,22423
12884,0,85123A,22423,84879
12885,0,85123A,47566,21034
12886,0,84879,47566,21034
12888,0,85123A,22423,84879
12890,0,85123A,22423,84879
12891,0,85123A,22423,84879
12893,0,85123A,22423,84879
12895,0,85123A,22423,84879
12897,0,85123A,22423,84879
12901,1,85123A,85099B,22423
12902,0,85123A,22423,84879
12904,0,85123A,22423,21034
12906,1,85123A,85099B,20725
12908,0,85123A,22423,84879
12909,1,85123A,47566,84879
12910,1,85123A,85099B,22423
12912,1,85123A,85099B,22423
12913,1,85123A,22423,20725
12915,0,85123A,84879,21034
12916,1,85099B,22423,20725
12917,0,85123A,22423,84879
12919,1,85123A,85099B,22423
12920,0,85123A,22423,84879
12921,1,85123A,47566,22383
12922,0,85123A,22423,84879
12923,0,85123A,22423,84879
12924,0,85123A,22423,84879
12925,1,85123A,22423,20725
12928,1,22423,47566,84879
12929,0,85123A,22423,84879
12930,0,85123A,22423,47566
12931,1,85123A,85099B,22423
12933,0,85123A,22423,84879
12935,1,85123A,22423,47566
12936,1,85123A,85099B,22423
12937,1,85099B,84879,23203
12938,0,22423,47566,21034
12939,1,85123A,22423,20725
12940,0,21034,22720,22138
12942,0,85123A,22423,47566
12944,0,85123A,22423,84879
12945,0,84879,47566,21034
12947,1,85123A,85099B,22423
12948,1,85123A,85099B,22423
12949,1,85099B,23203,22383
12950,1,85123A,22423,20725
12951,1,85123A,85099B,22423
12952,1,85123A,85099B,20725
12953,0,22423,84879,47566
12955,1,85123A,85099B,22423
12956,0,22423,21034,22720
12957,1,85123A,85099B,22423
12962,0,85123A,22423,84879
12963,1,85123A,85099B,20725
12965,0,85123A,22423,84879
12966,0,85123A,22423,84879
12967,0,85123A,22423,84879
12968,0,85123A,22423,84879
12970,1,85123A,85099B,22423
12971,1,85123A,85099B,22423
12974,0,85123A,22423,84879
12976,0,85123A,22423,84879
12977,0,85123A,22423,84879
12980,1,85123A,85099B,22423
12981,0,85123A,22423,84879
12982,0,85123A,22423,84879
12984,0,85123A,22423,84879
12985,1,85123A,85099B,22423
12987,0,85123A,22423,84879
12988,0,85123A,47566,21034
12989,1,85123A,85099B,22423
12990,0,85123A,22423,84879
12991,0,85123A,22423,84879
12993,0,85123A,22423,84879
12994,1,85123A,85099B,20725
12995,0,85123A,22423,84879
12997,1,85099B,22423,20725
12999,0,85123A,22423,84879
13000,0,22423,84879,47566
13001,1,22423,23203,20727
13002,0,85123A,22423,84879
13003,0,85123A,22423,84879
13004,1,47566,84879,22383
13005,0,85123A,22423,84879
13006,0,85123A,84879,47566
13008,0,85123A,22423,84879
13011,0,85123A,22423,84879
13012,1,85123A,85099B,22423
13013,1,85123A,85099B,20725
13014,1,85123A,20725,84879
13015,1,85123A,85099B,20725
13016,0,85123A,22423,84879
13017,0,85123A,22423,84879
13018,1,85123A,85099B,84879
13021,1,85123A,47566,84879
13023,0,85123A,22423,84879
13026,1,85123A,85099B,22423
13027,1,85123A,85099B,22423
13028,0,85123A,22423,84879
13029,1,85123A,85099B,22423
13030,1,85123A,85099B,22423
13032,0,85123A,84879,21034
13033,0,85123A,22423,84879
13034,0,85123A,22423,47566
13035,0,85123A,22423,84879
13037,0,85123A,47566,21034
13038,0,85123A,22423,84879
13040,1,85123A,85099B,22423
13043,0,85123A,22423,84879
13044,0,85123A,22423,84879
13045,0,85123A,22423,84879
13046,0,85123A,47566,21034
13047,1,85099B,20725,23203
13048,1,85123A,22423,47566
13049,0,85123A,22423,84879
13050,1,85123A,85099B,20725
13052,0,22423,84879,47566
13055,0,85123A,84879,21034
13058,0,85123A,22423,84879
13059,0,85123A,84879,47566
13060,0,22423,84879,47566
13061,0,85123A,22423,84879
13062,0,85123A,22423,84879
13064,1,85099B,22423,20725
13065,0,22423,84879,47566
13066,0,85123A,84879,47566
13067,0,22423,84879,47566
13068,0,85123A,22423,84879
13069,1,85123A,22423,23203
13070,0,85123A,22423,84879
13072,0,85123A,22423,84879
13075,0,85123A,22423,84879
13077,1,85123A,85099B,22423
13078,1,85123A,85099B,20725
13079,1,85123A,85099B,22423
13080,0,85123A,22423,84879
13081,1,85099B,84879,23203
13082,1,85123A,85099B,22423
13083,0,85123A,22423,84879
13085,0,85123A,22423,84879
13089,1,22383,22197,22727
13090,1,85123A,85099B,22423
13091,0,85123A,22423,84879
13092,0,85123A,22423,84879
13093,1,47566,84879,23203
13094,1,85099B,22423,20725
13095,0,85123A,22423,84879
13097,1,85123A,85099B,20725
13098,1,47566,84879,22720
13099,0,85123A,22423,84879
13101,0,85123A,22423,84879
13102,1,85099B,22423,20725
13103,0,85123A,22423,47566
13104,1,85123A,85099B,22423
13106,0,85123A,22423,84879
13107,1,85123A,85099B,22423
13108,0,85123A,22423,84879
13109,0,85123A,22423,84879
13110,1,85099B,20725,47566
13113,1,85123A,85099B,84879
13115,1,85123A,85099B,22423
13116,0,22423,84879,47566
13117,1,85123A,85099B,22423
13118,1,85099B,22423,20725
13120,0,85123A,22423,84879
13121,0,85123A,22423,84879
13122,0,22423,84879,47566
13124,1,85123A,85099B,47566
13126,1,85123A,85099B,22423
13127,0,85123A,22423,84879
13130,0,85123A,22423,84879
13131,1,85123A,85099B,22423
13132,0,85123A,22423,84879
13133,0,85123A,22423,84879
13134,1,20725,84879,23203
13135,0,85123A,22423,84879
13136,1,85123A,85099B,84879
13137,1,85123A,22423,47566
13138,1,85123A,85099B,22423
13139,1,85123A,20725,47566
13140,0,22423,47566,21034
13141,1,47566,23203,22197
13142,0,85123A,22423,84879
13144,0,85123A,84879,47566
13145,0,85123A,22423,84879
13146,0,85123A,22423,84879
13147,1,85123A,85099B,22423
13148,1,85099B,47566,23203
13149,1,85123A,85099B,22423
13151,0,84879,47566,21034
13153,0,85123A,22423,84879
13155,1,85123A,85099B,22423
13157,1,85123A,85099B,22423
13158,0,85123A,22423,84879
13159,1,85123A,85099B,20725
13160,0,85123A,22423,84879
13161,0,22423,84879,47566
13162,0,85123A,22423,84879
13165,0,85123A,22423,84879
13166,0,85123A,22423,84879
13167,1,85123A,85099B,22423
13168,1,85099B,20725,47566
13169,0,85123A,22423,84879
13170,0,85123A,22423,84879
13171,0,85123A,22423,84879
13173,0,22423,84879,47566
13174,1,85099B,20725,47566
13176,0,85123A,22423,84879
13177,0,85123A,22423,84879
13178,1,85123A,22423,47566
13182,0,85123A,22423,84879
13183,1,85123A,85099B,22423
13184,1,85123A,85099B,22423
13185,0,85123A,22423,84879
13186,1,22423,20725,47566
13187,0,85123A,22423,84879
13188,0,85123A,22423,84879
13189,0,85123A,22423,84879
13192,0,85123A,22423,21034
13193,0,85123A,22423,84879
13194,0,85123A,22423,84879
13196,1,85123A,85099B,22423
13198,1,85123A,47566,84879
13199,1,85123A,85099B,22423
13200,1,85123A,85099B,22423
13203,1,85123A,85099B,22423
13207,0,85123A,22423,84879
13208,1,85123A,85099B,22423
13209,1,47566,84879,23203
13210,0,85123A,22423,84879
13211,1,85123A,85099B,22423
13212,1,85123A,85099B,22423
13213,1,85123A,85099B,22423
13216,0,85123A,22423,84879
13217,0,85123A,22423,84879
13218,0,85123A,22423,84879
13220,0,85123A,22423,84879
13221,0,85123A,84879,47566
13223,0,85123A,22423,84879
13224,0,85123A,22423,47566
13225,1,22423,20725,47566
13226,0,85123A,22423,84879
13227,0,85123A,22423,84879
13228,0,85123A,22423,84879
13229,0,85123A,22423,84879
13230,1,84879,22720,20728
13232,1,85123A,22423,47566
13233,0,85123A,22423,84879
13235,0,85123A,22423,84879
13236,0,85123A,22423,21034
13238,1,85123A,22423,20725
13239,0,85123A,22423,84879
13240,0,85123A,22423,84879
13242,0,85123A,22423,84879
13243,0,22423,84879,47566
13244,0,85123A,22423,84879
13245,0,85123A,84879,47566
13246,1,22423,20725,47566
13247,1,85123A,85099B,22423
13248,0,85123A,84879,21034
13249,0,85123A,22423,84879
13253,0,85123A,22423,84879
13255,0,85123A,22423,84879
13258,1,85099B,22423,20725
13259,0,85123A,22423,84879
13260,0,85123A,84879,47566
13261,0,85123A,22423,84879
13262,0,85123A,22423,47566
13263,1,85099B,84879,23203
13265,1,85123A,85099B,22423
13266,1,85123A,85099B,22423
13267,1,85123A,85099B,20725
13268,1,85123A,85099B,22423
13269,1,22423,20725,84879
13270,0,85123A,22423,84879
13271,0,85123A,22423,84879
13272,0,22423,84879,47566
13273,0,85123A,22423,84879
13276,0,85123A,84879,47566
13277,0,85123A,22423,84879
13278,0,85123A,22423,84879
13279,0,85123A,22423,84879
13280,0,85123A,22423,84879
13282,1,85123A,85099B,22423
13283,0,85123A,22423,84879
13284,0,85123A,84879,47566
13285,1,85123A,47566,84879
13291,0,85123A,47566,22138
13292,0,85123A,84879,47566
13294,0,85123A,22423,47566
13295,0,85123A,22423,84879
13296,0,85123A,22423,84879
13297,1,85123A,85099B,22423
13298,0,85123A,22423,84879
13299,0,85123A,22423,84879
13300,0,85123A,22423,84879
13301,0,85123A,22423,84879
13302,0,85123A,22423,84879
13304,0,85123A,22423,84879
13305,1,85123A,85099B,20725
13307,0,85123A,22423,84879
13308,1,85123A,85099B,22423
13309,1,85123A,22423,47566
13310,1,85099B,22423,20725
13311,1,85123A,85099B,22423
13313,1,22423,20725,47566
13314,1,85123A,85099B,22423
13316,1,85123A,85099B,22423
13317,1,85123A,85099B,20725
13318,1,85123A,85099B,22423
13319,1,85123A,22197,20728
13320,1,85123A,85099B,22423
13321,0,85123A,22423,47566
13322,0,85123A,22423,84879
13323,1,85123A,85099B,22423
13324,1,85123A,85099B,20725
13325,0,85123A,22423,84879
13327,1,85123A,22423,20725
13328,0,85123A,22423,84879
13329,0,85123A,22423,84879
13330,0,85123A,22423,84879
13332,0,85123A,22423,47566
13334,1,22423,20725,84879
13336,0,85123A,22423,47566
13338,0,85123A,84879,47566
13339,0,85123A,84879,47566
13340,1,85099B,22423,47566
13341,0,85123A,22423,84879
13343,0,85123A,22423,84879
13344,1,85123A,85099B,20725
13345,0,85123A,22423,84879
13347,0,85123A,22423,84879
13348,0,85123A,22423,84879
13349,0,85123A,22423,84879
13350,0,85123A,84879,21034
13351,0,85123A,22423,84879
13352,0,85123A,22423,84879
13354,0,85123A,22423,84879
13355,0,85123A,22423,84879
13356,0,85123A,22423,84879
13357,0,85123A,84879,47566
13358,0,85123A,22423,21034
13359,0,85123A,22423,84879
13362,1,85123A,85099B,22423
13363,0,85123A,22423,84879
13364,0,85123A,22423,84879
13365,1,85123A,85099B,20725
13366,0,85123A,22423,84879
13368,0,85123A,22423,84879
13369,0,22423,84879,47566
13370,0,85123A,84879,47566
13372,0,85123A,84879,47566
13373,1,20725,47566,84879
13375,0,85123A,47566,21034
13376,0,85123A,84879,47566
13379,0,85123A,22423,84879
13381,1,85123A,85099B,22423
13382,0,22423,47566,21034
13384,1,85123A,85099B,22423
13385,0,85123A,22423,84879
13388,0,22423,47566,21034
13389,1,85123A,85099B,20725
13390,0,85123A,22423,84879
13391,0,85123A,22423,84879
13394,1,85123A,22423,20725
13395,0,85123A,22423,84879
13396,0,85123A,47566,21034
13397,1,85123A,22423,20725
13398,0,85123A,22423,84879
13402,0,85123A,22423,84879
13403,0,85123A,22423,84879
13404,1,85123A,85099B,22423
13405,0,85123A,22423,84879
13408,1,47566,22383,23209
13410,1,85123A,85099B,22423
13411,0,22423,84879,47566
13414,0,85123A,22423,84879
13416,0,85123A,22423,84879
13417,1,85123A,85099B,20725
13418,1,85123A,85099B,22423
13419,0,85123A,22423,84879
13420,0,85123A,22423,84879
13421,0,22423,84879,47566
13422,0,85123A,22423,84879
13425,0,22423,21034,22720
13426,1,85123A,85099B,22423
13427,0,85123A,22423,84879
13428,0,22423,84879,47566
13429,1,85123A,22423,20725
13430,0,85123A,84879,47566
13431,0,85123A,84879,47566
13434,0,85123A,22423,84879
13435,1,85123A,85099B,22423
13436,0,85123A,84879,47566
13437,1,85123A,85099B,20725
13439,0,85123A,22423,84879
13441,0,85123A,22423,84879
13447,1,85099B,22423,20725
13448,1,85123A,85099B,47566
13449,0,22423,84879,47566
13450,1,85123A,85099B,22423
13451,1,85123A,22423,84879
13452,0,85123A,22423,84879
13453,0,85123A,22423,84879
13455,0,85123A,84879,47566
13456,1,85123A,85099B,22423
13458,1,22720,21212,22727
13460,0,85123A,22423,84879
13461,1,85123A,22423,20725
13462,0,85123A,22423,84879
13464,0,22423,84879,47566
13466,0,85123A,84879,47566
13467,1,85123A,85099B,22423
13468,1,85099B,20725,47566
13470,0,85123A,22423,84879
13471,1,85123A,22423,47566
13473,0,85123A,22423,84879
13474,0,85123A,22423,84879
13475,0,22423,84879,47566
13476,0,84879,21034,22720
13477,1,85123A,85099B,20725
13479,0,85123A,22423,84879
13481,1,85123A,22423,20725
13482,0,85123A,22423,84879
13483,0,85123A,22423,84879
13484,0,85123A,22423,84879
13485,0,85123A,22423,84879
13486,0,22423,47566,21034
13487,0,22423,84879,47566
13488,1,85099B,23203,20727
13489,0,85123A,22423,84879
13491,1,85123A,85099B,22423
13492,0,85123A,22423,84879
13493,0,85123A,22423,84879
13494,0,85123A,22423,84879
13495,1,85099B,22423,20725
13496,0,85123A,47566,21034
13497,0,85123A,22423,84879
13499,1,85123A,85099B,22423
13500,1,85123A,85099B,20725
13501,0,22423,84879,47566
13502,0,85123A,22423,84879
13503,0,85123A,22423,84879
13504,0,85123A,84879,47566
13505,1,85123A,85099B,20725
13506,0,85123A,22423,84879
13507,1,85099B,22423,20725
13508,0,85123A,22423,84879
13509,1,85123A,85099B,22423
13510,1,85123A,22423,20725
13512,0,85123A,47566,21034
13513,0,85123A,22423,84879
13514,0,85123A,22423,84879
13515,0,84879,47566,21034
13516,1,85123A,85099B,22423
13517,1,85099B,20725,47566
13518,0,85123A,22423,21034
13519,0,85123A,22423,84879
13520,1,85123A,85099B,22423
13521,1,85123A,85099B,22423
13522,0,85123A,22423,84879
13523,1,85099B,22423,20725
13524,1,85099B,22423,20725
13525,0,85123A,22423,47566
13527,1,85123A,20725,47566
13529,0,85123A,22423,84879
13531,0,85123A,84879,47566
13532,0,85123A,22423,84879
13533,0,85123A,22423,84879
13534,1,85123A,22423,47566
13536,1,85123A,85099B,22423
13538,1,85123A,85099B,22423
13539,0,85123A,22423,84879
13544,0,85123A,47566,22720
13546,1,85123A,85099B,22423
13548,0,85123A,22423,84879
13549,1,20725,84879,23203
13551,0,85123A,22423,84879
13552,1,85123A,20725,47566
13555,1,85099B,20725,47566
13557,0,85123A,22423,84879
13558,1,85123A,20725,47566
13560,0,85123A,22423,84879
13561,0,22423,84879,47566
13562,0,22423,84879,21034
13563,0,85123A,22423,84879
13564,0,85123A,84879,47566
13565,0,85123A,22423,84879
13566,0,85123A,22423,84879
13568,0,85123A,22423,84879
13569,0,22423,84879,47566
13570,0,85123A,22423,22720
13571,1,22423,20725,47566
13572,0,85123A,22423,84879
13573,0,85123A,22423,84879
13575,1,85123A,85099B,22423
13576,1,85123A,85099B,22423
13577,1,85123A,22423,84879
13579,0,85123A,22423,84879
13581,0,22423,84879,47566
13583,0,85123A,22423,84879
13584,0,85123A,22423,84879
13587,0,85123A,22423,84879
13588,1,85123A,85099B,22423
13589,0,85123A,84879,47566
13590,1,85123A,22423,47566
13591,0,85123A,84879,47566
13592,0,85123A,84879,47566
13593,1,85099B,22423,20725
13594,0,85123A,22423,84879
13596,1,85123A,85099B,20725
13598,0,85123A,22423,84879
13599,1,85123A,22423,20725
13600,0,85123A,22423,84879
13601,0,22423,84879,47566
13602,0,85123A,22423,84879
13603,0,85123A,22423,84879
13606,0,85123A,22423,84879
13607,0,22423,84879,47566
13610,1,85123A,85099B,22423
13611,0,85123A,22423,47566
13614,1,85123A,85099B,20725
13615,0,85123A,22423,84879
13617,0,85123A,22423,84879
13618,0,85123A,22423,47566
13621,0,85123A,22423,84879
13623,1,85099B,20725,47566
13626,0,85123A,22423,84879
13627,1,85123A,85099B,20725
13629,1,85123A,22423,20725
13630,1,85123A,85099B,22423
13631,1,85123A,85099B,20725
13632,1,85099B,20725,23203
13634,1,20725,20727,22383
13635,0,22423,47566,21034
13636,1,85099B,20725,47566
13637,0,22423,84879,47566
13638,0,85123A,22423,84879
13639,0,85123A,22423,84879
13642,0,85123A,22423,84879
13643,0,22423,84879,47566
13644,1,85123A,85099B,22423
13645,0,85123A,22423,84879
13647,1,85123A,85099B,22423
13649,0,85123A,84879,47566
13650,1,85099B,20725,84879
13651,0,85123A,22423,84879
13652,0,22423,84879,47566
13654,1,85123A,22423,84879
13655,0,85123A,22423,84879
13656,0,85123A,22423,47566
13657,0,85123A,22423,84879
13658,1,85123A,85099B,20725
13659,0,22423,47566,22138
13662,0,85123A,22423,84879
13663,0,85123A,22423,84879
13666,0,85123A,22423,84879
13667,0,22423,84879,47566
13668,1,85099B,22423,20725
13669,0,85123A,84879,47566
13670,0,85123A,22423,84879
13672,0,85123A,22423,84879
13673,0,85123A,22423,84879
13675,0,22423,84879,21034
13678,0,85123A,22423,84879
13680,1,22423,47566,84879
13681,1,22423,20725,47566
13682,0,85123A,22423,84879
13684,0,85123A,22423,84879
13685,1,85123A,85099B,22423
13686,0,85123A,22423,84879
13689,0,85123A,22423,84879
13690,0,85123A,22423,84879
13692,1,85123A,85099B,22423
13694,1,84879,22720,22197
13695,1,85099B,22423,20725
13697,0,85123A,22423,84879
13699,0,85123A,22423,84879
13700,1,85123A,85099B,22423
13703,0,85123A,22423,84879
13704,1,85123A,85099B,22423
13705,1,85123A,85099B,22423
13706,0,85123A,22423,47566
13707,0,85123A,22423,84879
13708,0,22423,84879,47566
13709,1,85099B,22423,20725
13710,0,85123A,22423,84879
13711,0,22423,84879,47566
13712,0,85123A,22423,84879
13715,0,22423,84879,47566
13716,0,22423,84879,47566
13717,1,85123A,85099B,20725
13718,0,85123A,84879,47566
13719,1,85123A,85099B,22423
13720,0,85123A,22423,84879
13721,0,85123A,22423,84879
13722,0,85123A,84879,21034
13723,0,85123A,22423,84879
13725,1,85123A,85099B,47566
13726,0,85123A,22423,84879
13727,0,85123A,22423,84879
13728,1,85123A,85099B,22423
13730,0,85123A,47566,21034
13731,0,85123A,21034,22720
13732,0,85123A,22423,84879
13735,1,85123A,85099B,20725
13736,1,85123A,85099B,22423
13737,0,85123A,84879,21034
13739,0,85123A,22423,84879
13740,0,85123A,22423,84879
13741,0,85123A,22423,84879
13742,1,85099B,22423,47566
13743,1,85123A,85099B,22423
13744,0,85123A,22423,84879
13745,0,85123A,22423,84879
13747,0,85123A,22423,84879
13748,0,85123A,84879,47566
13750,1,85123A,85099B,22423
13751,0,85123A,22423,84879
13752,1,85123A,85099B,22423
13753,0,85123A,22423,84879
13754,0,85123A,22423,84879
13755,1,85099B,22423,20725
13756,1,85123A,85099B,22423
13758,1,47566,84879,20727
13759,0,85123A,21034,22720
13760,0,85123A,22423,84879
13761,0,85123A,22423,84879
13762,0,85123A,22423,84879
13763,0,85123A,22423,84879
13764,0,22423,84879,21034
13767,1,85099B,20725,23203
13769,1,85099B,22423,20725
13771,1,85099B,84879,23203
13772,1,85123A,85099B,22423
13774,0,85123A,22423,84879
13777,1,22423,47566,84879
13778,0,85123A,22423,84879
13780,0,85123A,22423,84879
13781,0,85123A,22423,84879
13782,1,85099B,22423,20725
13784,1,85123A,85099B,20725
13786,0,22423,84879,47566
13787,0,85123A,22423,84879
13790,0,85123A,22423,84879
13791,0,85123A,22423,84879
13792,0,85123A,22423,84879
13798,1,22423,47566,84879
13799,0,22423,84879,47566
13800,0,85123A,22423,84879
13801,0,85123A,22423,84879
13802,1,85123A,47566,84879
13803,0,85123A,22423,21034
13804,1,85123A,85099B,22423
13805,0,85123A,22423,84879
13806,0,85123A,22423,84879
13807,0,85123A,22423,84879
13808,1,85123A,85099B,22423
13809,0,84879,47566,21034
13810,0,85123A,22423,84879
13811,0,85123A,22423,84879
13812,0,85123A,22423,84879
13813,1,85123A,85099B,22423
13814,0,85123A,22423,84879
13815,1,85123A,22423,20725
13816,0,85123A,22423,84879
13817,0,85123A,22423,84879
13819,0,85123A,22423,84879
13821,0,85123A,22423,84879
13822,1,85099B,22423,20725
13823,0,85123A,22423,47566
13824,1,85123A,85099B,22423
13826,0,85123A,22423,84879
13827,0,22423,84879,22720
13828,0,85123A,22423,84879
13831,1,85099B,22423,20725
13832,0,85123A,22423,84879
13833,0,85123A,84879,22720
13835,1,85099B,22423,20725
13837,0,85123A,22423,84879
13838,1,85123A,20725,47566
13841,0,85123A,22423,84879
13842,1,85099B,20725,23203
13844,0,85123A,22423,84879
13845,0,85123A,22423,84879
13846,1,85123A,85099B,22423
13848,0,85123A,22423,84879
13849,0,85123A,22423,84879
13850,0,85123A,22423,84879
13851,1,85099B,22423,20725
13853,0,85123A,84879,47566
13854,1,85123A,85099B,20725
13856,0,85123A,22423,84879
13858,0,85123A,22423,84879
13859,0,22423,84879,47566
13860,1,85123A,85099B,22423
13862,1,85123A,85099B,22423
13863,0,85123A,22423,47566
13865,0,85123A,21034,22720
13866,0,85123A,22423,47566
13867,1,85099B,22423,20725
13868,1,85123A,20725,47566
13869,1,85099B,20725,47566
13870,1,85123A,85099B,20725
13871,1,85123A,47566,84879
13873,0,85123A,84879,47566
13874,0,22423,84879,47566
13875,1,85099B,22423,84879
13876,0,85123A,22423,84879
13877,0,85123A,22423,84879
13878,0,85123A,84879,21034
13880,1,85123A,85099B,20725
13881,1,85123A,85099B,22423
13882,1,85123A,85099B,22423
13883,1,85123A,85099B,20725
13884,1,85099B,20725,47566
13885,0,85123A,22423,84879
13886,0,85123A,22423,84879
13887,0,85123A,22423,84879
13888,0,22423,84879,21034
13889,0,85123A,22423,84879
13890,1,85123A,85099B,22423
13892,1,85123A,85099B,22423
13893,0,85123A,22423,84879
13894,0,84879,21034,22720
13895,1,85099B,23203,20727
13897,0,85123A,22423,84879
13898,0,85123A,22423,84879
13899,0,85123A,47566,21034
13900,0,22423,47566,21034
13901,1,85123A,85099B,22423
13904,0,85123A,22423,84879
13908,1,85123A,85099B,22423
13911,1,85099B,22423,20725
13914,0,85123A,22423,47566
13917,0,85123A,22423,84879
13918,0,85123A,22423,84879
13919,0,85123A,22423,84879
13922,0,22423,84879,47566
13923,0,85123A,22423,84879
13924,1,85123A,85099B,22423
13925,0,85123A,22423,84879
13926,0,85123A,22423,84879
13927,0,85123A,22423,84879
13928,1,85099B,22423,20725
13929,0,22423,84879,47566
13930,0,85123A,22423,84879
13931,0,85123A,22423,84879
13932,0,85123A,84879,47566
13933,0,85123A,22423,84879
13934,0,85123A,22423,84879
13936,0,85123A,22423,84879
13937,0,85123A,22423,84879
13938,0,85123A,22423,84879
13939,0,85123A,22423,47566
13940,1,85123A,85099B,22423
13941,1,85123A,85099B,22423
13946,0,85123A,22423,84879
13947,0,85123A,22423,84879
13948,0,85123A,22423,84879
13949,1,85099B,22423,47566
13950,1,85099B,22423,20725
13951,0,85123A,21034,22720
13952,0,85123A,84879,47566
13953,1,85123A,85099B,22423
13954,1,85123A,85099B,22423
13955,0,85123A,84879,47566
13956,1,85123A,85099B,22423
13959,0,85123A,22423,84879
13960,0,85123A,22423,84879
13962,0,85123A,22423,47566
13963,0,85123A,22423,84879
13967,0,85123A,22423,84879
13969,1,85123A,21212,82482
13971,1,85123A,22423,20725
13972,0,85123A,22423,84879
13973,0,85123A,22423,84879
13974,0,85123A,22423,84879
13975,1,85123A,22423,20725
13976,0,85123A,22423,84879
13978,0,85123A,22423,47566
13979,0,85123A,22423,84879
13980,0,85123A,22423,84879
13982,1,22423,20725,47566
13983,1,85123A,85099B,20725
13984,1,85123A,85099B,22423
13985,1,85123A,22423,84879
13986,0,85123A,22423,84879
13988,1,22423,20725,47566
13989,0,85123A,22423,84879
13990,0,85123A,22423,84879
13991,1,85123A,85099B,22423
13992,0,85123A,22423,84879
13993,1,85123A,85099B,20725
13994,1,85099B,20725,23203
13995,1,85123A,85099B,22423
13999,1,85123A,22423,84879
14000,0,85123A,22423,84879
14001,1,85123A,22423,20725
14002,0,85123A,22423,84879
14004,1,85123A,22423,47566
14005,1,85123A,85099B,20725
14006,0,85123A,22423,84879
14009,0,85123A,22423,84879
14012,0,85123A,22423,84879
14013,0,85123A,22423,84879
14014,0,85123A,22423,84879
14015,0,85123A,22423,84879
14016,1,85123A,85099B,20725
14019,1,85123A,85099B,22423
14020,0,85123A,22423,84879
14021,0,84879,47566,21034
14022,0,22423,84879,47566
14023,1,85123A,85099B,22423
14024,0,85123A,84879,21034
14027,0,85123A,22423,84879
14029,0,85123A,22423,84879
14030,1,85123A,85099B,20725
14031,1,85123A,85099B,20725
14032,1,85123A,85099B,22423
14034,0,85123A,22423,47566
14035,1,85099B,22423,20725
14036,0,85123A,84879,47566
14037,0,85123A,22423,84879
14038,0,85123A,22423,84879
14039,0,85123A,22423,84879
14040,1,47566,84879,22383
14041,0,85123A,22423,84879
14044,1,85099B,22423,47566
14045,1,85123A,85099B,22423
14046,0,85123A,22423,84879
14047,1,85099B,22423,20725
14048,0,22423,84879,47566
14049,1,85123A,85099B,22423
14050,0,85123A,22423,84879
14051,1,85123A,85099B,20725
14052,0,85123A,22423,84879
14053,0,85123A,22423,84879
14054,0,85123A,22423,84879
14055,0,85123A,22423,21034
14056,1,85123A,22423,47566
14057,1,85123A,22423,20725
14059,0,85123A,22423,84879
14060,1,85123A,85099B,22423
14062,1,85123A,85099B,22423
14064,1,85099B,22423,20725
14066,0,85123A,22423,84879
14067,0,22423,84879,21034
14068,0,22423,84879,47566
14071,1,85099B,22423,20725
14073,0,85123A,22423,47566
14075,1,85123A,85099B,22423
14076,0,85123A,22423,84879
14077,0,85123A,22423,84879
14078,1,85123A,85099B,20725
14079,0,85123A,22423,84879
14080,0,85123A,22423,84879
14081,0,84879,47566,21034
14082,0,85123A,22423,84879
14083,1,85123A,85099B,22423
14085,1,85099B,20725,47566
14087,0,85123A,22423,84879
14088,1,84879,23203,20727
14089,0,85123A,22423,84879
14090,0,85123A,22423,84879
14092,1,85099B,22423,20725
14093,0,85123A,22423,84879
14096,1,84879,23203,20727
14098,0,85123A,22423,84879
14099,1,85123A,85099B,22423
14100,0,22423,84879,47566
14101,1,85123A,85099B,22423
14102,1,85123A,85099B,22423
14104,0,85123A,22423,84879
14105,0,85123A,47566,21034
14107,1,85123A,85099B,47566
14108,0,85123A,22423,84879
14109,0,85123A,22423,84879
14110,1,22423,84879,22720
14111,1,85123A,85099B,22423
14112,1,22423,47566,84879
14113,1,85123A,85099B,22423
14114,0,85123A,22423,84879
14116,1,85123A,85099B,22423
14117,0,85123A,22423,84879
14121,1,85123A,22423,20725
14124,0,85123A,22423,84879
14125,1,85123A,85099B,20725
14126,1,85099B,22423,20725
14127,0,85123A,22423,84879
14128,0,85123A,22423,84879
14129,1,85123A,85099B,22423
14130,0,85123A,22423,84879
14132,1,85123A,85099B,22423
14133,0,22423,84879,47566
14135,1,85123A,85099B,22423
14138,1,85123A,85099B,22423
14139,0,85123A,22423,84879
14140,1,85123A,85099B,20725
14141,1,85123A,85099B,22423
14142,0,85123A,22423,84879
14143,0,85123A,22423,84879
14145,1,85123A,85099B,22423
14146,1,85123A,85099B,20725
14147,0,85123A,22423,84879
14148,0,85123A,84879,47566
14149,0,85123A,22423,47566
14150,0,85123A,22423,47566
14152,0,85123A,22423,84879
14154,0,85123A,47566,21034
14155,0,85123A,22423,84879
14156,1,82482,22726,23084
14157,0,85123A,22423,84879
14158,0,85123A,22423,84879
14159,1,22423,84879,22727
14161,0,47566,21034,22720
14162,0,85123A,22423,84879
14163,1,85123A,85099B,22423
14164,0,85123A,22423,84879
14165,0,22423,84879,47566
14167,0,22423,84879,47566
14171,0,85123A,22423,84879
14173,1,85099B,22423,20725
14174,0,85123A,22423,84879
14175,1,85123A,85099B,20725
14176,0,22423,84879,47566
14177,0,22423,84879,21034
14178,1,85099B,22423,20725
14179,0,85123A,22423,84879
14180,1,85123A,85099B,22423
14184,0,85123A,22423,84879
14185,0,85123A,22423,84879
14188,1,85123A,22423,47566
14189,1,85099B,22423,20725
14191,1,85123A,22423,20727
14193,0,85123A,22423,84879
14194,1,20725,20727,23209
14195,0,85123A,22423,84879
14196,0,22423,84879,47566
14198,1,85123A,85099B,22423
14199,0,85123A,84879,47566
14201,1,85123A,85099B,22423
14204,0,85123A,22423,84879
14205,0,85123A,22423,84879
14206,0,85123A,22423,84879
14208,0,85123A,22423,47566
14209,1,85099B,22423,20725
14210,1,85099B,20725,84879
14211,1,20725,47566,84879
14212,0,85123A,22423,84879
14214,1,85123A,85099B,20725
14215,1,85123A,85099B,22423
14216,1,85099B,22423,20725
14217,1,85123A,22423,20725
14218,0,22423,84879,47566
14219,0,85123A,22423,84879
14220,0,85123A,22423,84879
14221,1,85099B,22423,20725
14222,0,85123A,22423,47566
14223,0,85123A,84879,47566
14224,0,85123A,84879,47566
14226,1,85123A,85099B,20725
14227,1,22423,47566,20727
14229,1,85123A,85099B,20725
14231,0,85123A,21034,22720
14232,1,85123A,85099B,22423
14233,1,85123A,85099B,22423
14234,1,85123A,85099B,22423
14235,1,22423,20725,47566
14236,0,85123A,22423,84879
14237,0,85123A,22423,84879
14238,0,85123A,22423,84879
14239,1,20725,47566,84879
14240,0,22423,84879,47566
14241,0,85123A,22423,84879
14242,0,22423,84879,47566
14243,1,85099B,22423,20725
14245,0,85123A,84879,21034
14246,0,85123A,21034,22720
14247,0,84879,47566,21034
14248,0,85123A,22423,84879
14250,1,85123A,85099B,22423
14251,1,85123A,85099B,22423
14256,0,85123A,22423,84879
14257,1,85099B,22423,23203
14258,1,22423,84879,23203
14259,0,85123A,22423,84879
14261,0,85123A,21034,22138
14262,1,85123A,85099B,22423
14264,0,85123A,22423,84879
14265,0,85123A,84879,47566
14267,0,84879,47566,21034
14270,0,85123A,84879,47566
14271,0,22423,84879,47566
14272,0,85123A,22423,84879
14273,0,85123A,22423,84879
14276,0,85123A,22423,84879
14277,1,22423,47566,20727
14280,0,85123A,22423,84879
14282,1,85123A,22423,47566
14284,0,85123A,22423,84879
14285,1,85099B,20725,47566
14286,1,85123A,85099B,22423
14287,0,85123A,22423,84879
14288,0,85123A,84879,47566
14289,1,85123A,85099B,20725
14290,1,85099B,22423,20725
14291,1,85123A,85099B,47566
14292,1,85123A,85099B,20725
14293,1,85123A,22423,20725
14295,0,85123A,22423,84879
14297,1,85123A,85099B,22423
14298,1,20725,47566,84879
14299,1,85099B,20725,47566
14300,0,85123A,22423,84879
14301,0,85123A,22423,84879
14304,0,85123A,22423,84879
14305,1,85099B,22423,20725
14306,0,85123A,84879,47566
14307,1,85099B,22423,20725
14309,1,85123A,85099B,20725
14311,0,22423,21034,22720
14312,1,85099B,22423,20725
14314,0,85123A,22423,84879
14315,1,85123A,20725,47566
14317,0,85123A,22423,84879
14320,0,22423,84879,47566
14321,1,85123A,85099B,22423
14323,0,85123A,84879,47566
14326,0,85123A,22423,84879
14327,0,22423,84879,47566
14329,1,47566,22720,23298
14331,0,85123A,22423,84879
14332,1,85099B,22423,20725
14333,0,85123A,22423,84879
14334,1,85123A,85099B,22423
14335,0,85123A,22423,84879
14336,1,85099B,22423,20725
14338,0,85123A,84879,21034
14339,0,85123A,22423,84879
14340,0,85123A,22423,84879
14341,1,85123A,47566,84879
14342,1,85123A,85099B,20725
14344,1,85099B,20725,47566
14345,0,85123A,22423,84879
14346,0,85123A,22423,84879
14348,0,85123A,22423,84879
14349,0,85123A,22423,84879
14350,0,22423,84879,47566
14351,0,85123A,22423,84879
14352,0,21034,22720,22138
14353,0,85123A,22423,84879
14354,0,85123A,22423,84879
14355,0,85123A,22423,84879
14356,0,85123A,22423,47566
14357,0,85123A,22423,84879
14359,1,85123A,85099B,20725
14360,1,85123A,85099B,20725
14362,0,85123A,84879,47566
14364,1,85123A,22423,84879
14367,1,22423,84879,22197
14368,0,85123A,22423,84879
14371,0,85123A,22423,84879
14373,0,85123A,22423,84879
14375,0,85123A,22423,84879
14377,0,85123A,22423,84879
14379,0,22423,84879,47566
14381,0,85123A,22423,84879
14382,0,85123A,22423,84879
14383,1,85123A,20725,23203
14385,0,85123A,22423,84879
14386,0,85123A,22423,84879
14387,1,20725,84879,23203
14388,1,85123A,47566,84879
14389,0,85123A,22423,84879
14390,1,22423,47566,22383
14393,0,85123A,22423,84879
14395,1,85099B,22423,20725
14396,0,22423,47566,21034
14397,1,85123A,85099B,22423
14400,0,85123A,22423,84879
14401,1,85123A,85099B,22423
14403,0,85123A,22423,84879
14404,1,85123A,85099B,47566
14406,0,85123A,22423,84879
14407,1,85123A,22423,20725
14408,1,85123A,85099B,22423
14409,1,85123A,22423,47566
14410,1,85123A,85099B,22423
14411,0,85123A,22423,84879
14412,0,85123A,22423,84879
14413,0,85123A,22423,84879
14414,1,85123A,85099B,22423
14415,1,22423,47566,84879
14416,0,85123A,22423,47566
14418,1,85123A,85099B,22423
14419,1,22423,20725,84879
14420,0,85123A,22423,84879
14421,0,85123A,22423,84879
14422,1,85099B,22423,20725
14423,0,22423,84879,47566
14424,0,85123A,22423,84879
14426,1,85123A,85099B,22423
14427,0,85123A,22423,47566
14428,1,85099B,20725,47566
14431,0,85123A,84879,47566
14432,1,85099B,22423,20725
14434,1,85123A,85099B,22423
14436,0,85123A,22423,84879
14437,0,85123A,22423,84879
14438,0,85123A,22423,84879
14439,0,85123A,84879,47566
14440,1,85099B,22423,20725
14441,1,85123A,85099B,22423
14442,0,85123A,22423,84879
14443,1,85099B,22423,20725
14446,1,22423,47566,84879
14447,1,85123A,85099B,22423
14448,0,22423,84879,47566
14449,1,85123A,85099B,22423
14450,0,85123A,22423,84879
14451,0,22423,84879,21034
14452,0,85123A,22423,84879
14453,0,85123A,22423,84879
14456,1,22720,21212,22086
14457,0,85123A,22423,84879
14459,0,85123A,22423,84879
14460,0,85123A,22423,84879
14461,0,85123A,47566,22138
14462,1,85099B,22423,20725
14463,0,85123A,84879,47566
14465,0,22423,84879,21034
14466,1,85123A,85099B,20725
14467,1,85099B,22423,20725
14470,0,85123A,22423,47566
14472,1,85099B,20725,47566
14473,0,85123A,22423,84879
14474,0,85123A,22423,84879
14475,0,22423,84879,47566
14476,0,22423,84879,47566
14477,1,85123A,22423,20725
14479,0,22423,84879,21034
14480,0,85123A,22423,84879
14481,0,85123A,22423,84879
14482,1,85123A,22423,20725
14483,0,85123A,22423,84879
14484,0,85123A,22423,47566
14485,0,85123A,22423,84879
14487,1,85123A,85099B,20725
14488,0,85123A,22423,84879
14489,0,85123A,22423,84879
14491,0,85123A,22423,84879
14493,1,85123A,85099B,22423
14494,0,85123A,22423,84879
14495,0,85123A,22423,84879
14496,0,85123A,47566,21034
14497,0,85123A,22423,84879
14498,1,85123A,85099B,22423
14499,1,85099B,22423,20725
14500,0,85123A,84879,47566
14501,0,85123A,22423,47566
14502,1,85099B,22423,20725
14503,1,85123A,22423,20725
14504,0,22423,47566,21034
14505,1,85099B,22197,21212
14506,1,85123A,85099B,22423
14507,1,85099B,20725,47566
14508,0,85123A,84879,47566
14511,1,85123A,85099B,22423
14512,0,85123A,22423,84879
14513,0,22423,84879,47566
14514,0,22423,84879,21034
14515,1,85123A,22423,20725
14517,0,85123A,84879,47566
14518,0,85123A,22423,47566
14520,1,85123A,22423,20725
14522,1,85123A,85099B,22423
14523,0,85123A,22423,84879
14524,1,85099B,47566,84879
14525,1,20725,47566,84879
14527,1,20725,84879,20727
14528,0,85123A,22423,47566
14529,0,22423,47566,22138
14530,1,85099B,22423,20725
14532,0,22423,84879,47566
14533,1,85123A,85099B,22423
14534,1,85123A,20725,20727
14535,1,85099B,20725,84879
14536,0,85123A,84879,47566
14537,0,85123A,22423,84879
14538,0,22423,84879,47566
14539,0,85123A,22423,84879
14540,1,85123A,85099B,20725
14541,1,85123A,85099B,22423
14542,0,85123A,22423,84879
14543,1,85123A,85099B,22423
14544,1,85123A,85099B,22423
14546,1,85099B,22423,84879
14547,1,20725,47566,84879
14548,0,22423,84879,47566
14549,0,22423,84879,21034
14550,1,85123A,85099B,22423
14551,0,85123A,22423,84879
14552,0,22423,47566,22720
14553,1,85123A,85099B,20725
14554,1,85123A,22423,20725
14555,0,22423,84879,47566
14557,0,85123A,22423,84879
14560,1,85123A,85099B,22423
14561,0,22423,84879,47566
14562,1,85123A,22423,84879
14565,1,22423,20725,84879
14566,0,85123A,22423,84879
14567,0,22423,84879,47566
14569,0,85123A,22423,84879
14570,0,85123A,22423,84879
14572,1,85099B,20725,84879
14573,1,85123A,85099B,47566
14576,0,85123A,22423,84879
14577,1,85123A,85099B,22423
14578,0,85123A,22423,84879
14581,0,85123A,22423,84879
14582,0,85123A,22423,84879
14583,1,85099B,22423,84879
14584,0,22423,47566,21034
14585,0,85123A,22423,84879
14586,0,85123A,22423,84879
14587,1,85099B,84879,23203
14589,0,85123A,22423,84879
14591,1,85123A,22423,47566
14592,0,85123A,22423,84879
14593,0,85123A,22423,84879
14594,0,22423,84879,47566
14595,1,85099B,20725,23203
14597,1,85123A,85099B,22423
14598,0,85123A,22423,84879
14600,0,85123A,84879,21034
14601,0,85123A,22423,84879
14603,0,85123A,22423,84879
14606,1,23203,22383,22720
14607,1,85123A,22423,20725
14608,1,85123A,85099B,22423
14609,0,85123A,22423,84879
14616,0,85123A,22423,84879
14618,1,85123A,85099B,22423
14619,0,85123A,84879,47566
14620,0,85123A,22423,84879
14621,1,85123A,85099B,20725
14622,0,85123A,22423,84879
14623,1,85123A,22423,20725
14624,0,85123A,22423,84879
14625,0,85123A,84879,47566
14626,1,20725,23203,20727
14628,0,22423,84879,47566
14629,1,85123A,85099B,20725
14631,0,85123A,22423,84879
14632,0,85123A,22423,84879
14633,0,85123A,22423,84879
14636,0,85123A,22423,47566
14638,0,85123A,22423,47566
14639,1,85123A,85099B,20725
14640,1,85123A,85099B,20725
14641,0,85123A,22423,84879
14642,0,85123A,22423,84879
14643,0,85123A,22423,84879
14644,0,85123A,84879,47566
14645,0,85123A,22423,84879
14646,1,22197,82482,22457
14647,0,85123A,22423,84879
14649,1,85099B,20725,20727
14651,0,22423,47566,21034
14652,0,85123A,22423,84879
14653,1,85099B,22423,20725
14655,1,22423,20725,84879
14656,0,22423,84879,21034
14657,1,85123A,85099B,22423
14658,0,85123A,22423,84879
14659,1,85123A,47566,22383
14660,0,85123A,22423,84879
14661,0,85123A,22423,84879
14662,1,85123A,85099B,22423
14664,0,85123A,22423,84879
14665,1,85099B,22423,20725
14666,0,85123A,22423,84879
14667,1,85123A,47566,22720
14669,0,84879,21034,22138
14670,0,22423,84879,47566
14672,0,85123A,22423,84879
14673,1,85123A,85099B,22423
14675,0,22423,84879,21034
14676,1,85123A,85099B,22423
14680,1,85123A,22423,84879
14681,0,85123A,22423,84879
14682,0,85123A,22423,84879
14684,1,85099B,22423,47566
14687,0,85123A,22423,84879
14688,1,85123A,22423,47566
14689,0,22423,84879,47566
14690,0,85123A,22423,47566
14691,1,85123A,85099B,22423
14692,0,85123A,22423,84879
14693,0,84879,47566,21034
14696,1,85123A,85099B,22423
14697,0,85123A,22423,84879
14698,1,85123A,85099B,22423
14699,0,85123A,22423,84879
14700,1,85123A,47566,84879
14701,1,22423,20725,47566
14702,1,85123A,85099B,22423
14703,0,85123A,22423,84879
14704,1,85099B,20725,47566
14705,0,85123A,22423,84879
14708,1,85123A,85099B,22423
14709,1,85123A,22423,20725
14710,1,85123A,85099B,22423
14711,1,85099B,22423,23203
14712,1,85123A,85099B,20725
14713,1,22423,47566,22720
14714,0,85123A,22423,84879
14715,1,85099B,22423,20725
14716,0,85123A,22423,84879
14719,1,85123A,85099B,22423
14720,1,85123A,85099B,22423
14722,0,85123A,22423,84879
14723,1,85099B,22423,20725
14725,0,85123A,22423,84879
14727,0,85123A,22423,84879
14729,0,22423,84879,47566
14730,1,85099B,20725,84879
14731,0,85123A,22423,84879
14732,1,85099B,22423,20725
14733,1,85099B,22423,20725
14735,1,85123A,22423,20725
14737,1,85123A,85099B,22423
14738,1,85099B,22423,20725
14739,1,85123A,85099B,22423
14740,0,84879,47566,21034
14741,1,85123A,85099B,22423
14744,1,85123A,85099B,22423
14745,1,85123A,85099B,22423
14747,0,22423,84879,47566
14748,1,22423,20725,84879
14752,0,85123A,22423,84879
14753,0,85123A,22423,84879
14754,0,85123A,22423,47566
14755,1,20725,23203,20727
14756,0,85123A,22423,84879
14757,0,85123A,22423,47566
14758,0,85123A,84879,21034
14759,1,85123A,85099B,20725
14760,0,85123A,22423,84879
14761,0,85123A,22423,84879
14762,0,85123A,22423,84879
14764,0,85123A,22423,84879
14765,0,85123A,22423,84879
14766,1,22423,47566,23203
14768,0,85123A,22423,84879
14769,1,85099B,23203,22086
14770,0,21034,22720,22138
14772,0,85123A,84879,47566
14775,0,85123A,22423,84879
14776,1,85123A,85099B,22423
14778,0,22423,84879,47566
14779,0,85123A,22423,84879
14780,0,85123A,22423,84879
14782,0,85123A,22423,84879
14784,0,85123A,22423,47566
14785,0,85123A,22423,84879
14788,1,85123A,85099B,22423
14789,0,85123A,22423,84879
14790,1,85123A,85099B,22423
14792,0,85123A,22423,84879
14793,0,85123A,22423,84879
14794,1,85123A,85099B,22423
14795,0,85123A,22423,84879
14796,1,85099B,20725,47566
14798,0,22423,84879,47566
14799,0,85123A,22423,84879
14800,1,85123A,85099B,22423
14801,0,85123A,22423,84879
14803,0,85123A,84879,47566
14804,0,85123A,22423,84879
14805,1,85123A,85099B,22423
14806,0,85123A,22423,84879
14808,1,85123A,85099B,22423
14810,1,22423,47566,84879
14813,0,85123A,22423,84879
14815,0,85123A,22423,84879
14816,0,85123A,22423,84879
14817,0,22423,84879,47566
14818,0,85123A,21034,22720
14819,0,85123A,84879,47566
14820,1,85123A,85099B,22423
14821,0,85123A,22423,84879
14823,0,22423,84879,47566
14824,1,85123A,22423,20725
14825,1,22423,20725,20727
14828,0,85123A,22423,84879
14829,1,85123A,85099B,22423
14830,0,85123A,22423,84879
14834,1,85123A,85099B,20725
14836,0,85123A,22423,84879
14837,1,85123A,85099B,22423
14840,0,85123A,22423,84879
14841,1,85123A,20725,47566
14842,1,85123A,85099B,20725
14844,1,20725,84879,23203
14847,0,22423,84879,47566
14849,1,85123A,85099B,20725
14850,0,85123A,22423,84879
14851,0,85123A,22423,84879
14852,1,22423,47566,23203
14853,0,85123A,84879,47566
14854,1,85123A,85099B,22423
14855,0,85123A,22423,84879
14856,1,85123A,85099B,22423
14857,0,85123A,22423,84879
14859,1,85123A,22423,20725
14860,0,85123A,22423,47566
14861,0,85123A,22423,84879
14862,0,85123A,22423,84879
14863,0,85123A,22423,84879
14865,0,85123A,22423,84879
14866,1,85123A,85099B,22423
14867,0,22423,47566,21034
14868,1,85123A,85099B,22423
14869,1,85123A,85099B,22423
14870,0,85123A,22423,84879
14871,1,85123A,85099B,22423
14873,0,85123A,84879,47566
14875,0,85123A,22423,84879
14878,1,85123A,85099B,22423
14880,0,85123A,22423,84879
14881,0,85123A,22423,84879
14882,0,85123A,22423,84879
14883,1,85099B,22423,20725
14885,0,85123A,22423,84879
14886,0,85123A,22423,84879
14887,0,85123A,22423,84879
14888,0,85123A,22423,84879
14889,0,85123A,22423,84879
14890,0,85123A,22423,84879
14891,0,85123A,22423,84879
14893,1,85123A,20725,47566
14894,0,85123A,22423,84879
14895,1,85099B,84879,23203
14896,0,85123A,22423,84879
14897,1,85123A,85099B,22423
14898,1,85123A,85099B,22423
14901,1,85123A,85099B,22423
14902,0,85123A,22423,47566
14903,1,20725,47566,23203
14904,1,85123A,85099B,22423
14905,0,22423,84879,21034
14907,1,85099B,47566,23203
14908,0,85123A,22423,84879
14910,1,85123A,85099B,22423
14911,1,21931,,
14912,0,85123A,22423,84879
14913,1,85123A,85099B,20725
14915,0,85123A,22423,47566
14916,1,85123A,22423,20725
14918,0,84879,21034,22720
14920,0,85123A,84879,47566
14921,0,85123A,22423,84879
14923,0,85123A,22423,84879
14924,0,85123A,22423,84879
14929,0,85123A,22423,84879
14930,0,22423,21034,22720
14931,1,85123A,85099B,22423
14932,0,85123A,22423,84879
14934,0,85123A,84879,47566
14935,0,85123A,22423,84879
14936,1,84879,22383,22720
14937,1,85099B,22423,20725
14944,1,85099B,22423,20725
14946,0,85123A,22423,84879
14947,0,85123A,22423,84879
14948,1,85123A,85099B,22423
14950,0,22423,84879,47566
14951,0,85123A,84879,47566
14952,1,85123A,85099B,20725
14953,0,85123A,22423,84879
14954,0,84879,47566,21034
14957,0,85123A,22423,84879
14958,0,85123A,22423,84879
14959,0,85123A,22423,47566
14960,0,85123A,22423,84879
14961,1,85123A,84879,22383
14962,0,85123A,22423,84879
14963,1,85123A,85099B,22423
14964,0,85123A,22423,84879
14965,0,85123A,22423,84879
14966,0,85123A,22423,84879
14967,0,85123A,22423,84879
14968,0,85123A,22423,84879
14970,1,85123A,85099B,22423
14971,1,85123A,85099B,22423
14972,0,85123A,84879,47566
14973,0,85123A,47566,21034
14974,0,85123A,22423,84879
14975,0,85123A,22423,84879
14976,1,85123A,85099B,22423
14978,1,85123A,85099B,20725
14981,0,85123A,22423,84879
14984,0,85123A,22423,84879
14985,0,85123A,22423,84879
14987,0,22423,84879,47566
14988,0,85123A,22423,84879
14995,0,22423,84879,47566
14997,0,85123A,22423,84879
14998,0,85123A,84879,47566
15000,0,85123A,22423,47566
15002,0,22423,47566,21034
15004,0,85123A,84879,21034
15005,1,84879,21212,22086
15006,0,85123A,22423,47566
15007,0,85123A,22423,84879
15009,1,85099B,20725,47566
15010,0,85123A,84879,47566
15012,0,85123A,22423,84879
15014,0,85123A,22423,84879
15016,0,85123A,22423,84879
15017,0,85123A,22423,84879
15018,0,85123A,84879,47566
15019,0,85123A,22423,84879
15021,1,85099B,22423,20725
15022,1,85123A,85099B,22423
15023,1,22197,21212,22086
15024,1,85099B,20725,47566
15025,0,85123A,22423,47566
15026,0,85123A,22423,84879
15027,1,85123A,85099B,22423
15028,1,85123A,85099B,22423
15030,0,85123A,22423,84879
15031,1,85123A,85099B,20725
15032,0,85123A,22423,84879
15033,1,85123A,85099B,47566
15034,1,85099B,22423,47566
15035,0,22423,84879,47566
15036,0,85123A,84879,47566
15038,1,85099B,22423,20725
15039,1,84879,22727,22457
15041,0,85123A,22423,84879
15042,0,85123A,22423,47566
15043,0,85123A,22423,84879
15044,1,85099B,20725,84879
15045,0,85123A,84879,47566
15046,1,85099B,22423,20725
15047,0,85123A,22423,84879
15048,0,85123A,22423,84879
15049,0,85123A,22423,84879
15050,1,85099B,22423,20725
15051,1,85123A,85099B,22423
15052,0,22423,84879,47566
15053,1,85123A,85099B,22423
15054,0,85123A,22423,84879
15057,0,85123A,22423,84879
15058,1,85123A,22423,47566
15059,1,85123A,85099B,22423
15060,1,85123A,85099B,22423
15061,1,85123A,85099B,20725
15062,0,85123A,22423,84879
15063,0,85123A,84879,47566
15065,1,85123A,85099B,20725
15066,0,85123A,47566,21034
15067,0,85123A,22423,84879
15068,0,85123A,84879,47566
15069,0,85123A,84879,47566
15070,0,85123A,22423,84879
15071,0,85123A,22423,84879
15073,1,85123A,85099B,22423
15074,0,85123A,22423,84879
15075,0,85123A,22423,84879
15076,0,85123A,22423,47566
15078,1,85123A,47566,84879
15079,0,22423,84879,47566
15081,1,85099B,22423,20725
15083,0,85123A,22423,84879
15087,0,85123A,22423,84879
15088,0,85123A,84879,21034
15089,1,85099B,47566,84879
15090,0,85123A,22423,84879
15091,0,85123A,22423,84879
15092,0,85123A,22423,84879
15093,1,85123A,85099B,20725
15095,0,85123A,22423,47566
15096,0,85123A,22423,84879
15097,0,85123A,22423,84879
15098,1,85123A,85099B,22423
15099,0,22423,84879,47566
15100,0,85123A,22423,84879
15101,0,85123A,22423,84879
15103,0,85123A,22423,84879
15104,0,85123A,22423,84879
15105,1,85123A,85099B,22423
15106,1,85123A,85099B,22423
15107,0,22423,84879,47566
15108,0,85123A,22423,84879
15109,0,85123A,84879,21034
15110,1,85123A,85099B,22423
15111,1,85123A,85099B,22423
15113,1,22423,20725,47566
15114,1,85123A,85099B,22423
15115,0,85123A,22423,84879
15116,1,85123A,85099B,22423
15117,1,85123A,22423,47566
15118,0,85123A,22423,84879
15119,0,85123A,84879,47566
15120,0,85123A,22423,84879
15121,0,85123A,22423,84879
15122,0,85123A,22423,84879
15123,1,85123A,85099B,20725
15124,0,85123A,22423,84879
15125,1,85123A,20725,47566
15127,0,85123A,22423,84879
15128,1,85123A,85099B,22423
15129,1,85099B,22423,20725
15130,0,85123A,22423,84879
15132,1,85099B,22423,20725
15133,0,85123A,22423,84879
15134,1,85099B,22423,20725
15135,0,85123A,22423,84879
15136,1,85123A,22423,47566
15139,0,85123A,22423,84879
15140,1,85123A,85099B,22423
15142,0,85123A,22423,84879
15143,0,85123A,22423,84879
15144,1,85123A,22423,47566
15145,1,85123A,85099B,22423
15146,0,85123A,22423,47566
15147,0,85123A,22423,84879
15148,0,85123A,22423,84879
15149,0,84879,21034,22138
15150,1,85123A,20725,47566
15152,1,85123A,85099B,22423
15153,0,85123A,22423,84879
15154,0,85123A,22423,84879
15156,1,85123A,85099B,22423
15157,1,85123A,85099B,22423
15158,0,85123A,22423,84879
15159,1,85123A,85099B,23203
15160,0,85123A,22423,84879
15163,0,85123A,22423,84879
15164,0,22423,47566,21034
15165,0,85123A,84879,47566
15167,0,85123A,22423,84879
15168,0,85123A,22423,84879
15171,0,85123A,22423,84879
15172,1,85123A,85099B,22423
15174,0,85123A,22423,84879
15175,0,85123A,22423,84879
15178,0,85123A,22423,84879
15179,1,85123A,22423,20725
15180,0,85123A,22423,84879
15181,0,85123A,22423,84879
15182,0,85123A,22423,21034
15184,0,22423,84879,47566
15185,0,85123A,22423,84879
15186,0,22423,84879,47566
15187,1,85123A,85099B,22423
15189,1,85123A,85099B,20725
15192,0,85123A,22423,84879
15193,0,85123A,84879,47566
15194,1,85123A,20725,23203
15195,1,85123A,85099B,22423
15197,1,85123A,85099B,20725
15198,0,85123A,22423,84879
15199,1,85123A,85099B,22423
15201,1,85123A,22423,20725
15203,1,85123A,22423,47566
15204,0,85123A,22423,84879
15205,0,85123A,84879,47566
15206,1,85123A,85099B,22423
15208,1,85123A,85099B,22423
15210,0,85123A,22423,47566
15211,0,84879,47566,21034
15212,0,85123A,22423,84879
15213,0,85123A,22423,84879
15214,1,85099B,20725,23203
15215,0,85123A,22423,84879
15216,0,85123A,22423,84879
15218,1,22423,20725,20727
15219,0,85123A,22423,84879
15220,1,85099B,22423,20725
15221,0,85123A,22423,84879
15222,0,85123A,22423,84879
15223,0,85123A,84879,47566
15224,0,85123A,22423,84879
15225,0,22423,84879,47566
15226,0,85123A,22423,84879
15227,1,85123A,85099B,22423
15228,1,85123A,85099B,20725
15230,0,22423,84879,21034
15232,0,85123A,22423,84879
15234,0,22423,84879,47566
15235,1,85099B,22423,84879
15236,0,85123A,22423,84879
15237,1,85123A,85099B,22423
15238,1,85123A,85099B,22423
15239,1,85123A,85099B,22423
15240,1,85099B,20725,47566
15241,1,85123A,85099B,22423
15243,0,85123A,22423,84879
15244,0,22423,47566,21034
15245,0,85123A,22423,84879
15246,0,84879,47566,21034
15247,0,22423,84879,47566
15249,1,85123A,85099B,22423
15251,1,85123A,85099B,22423
15252,0,85123A,22423,84879
15253,1,85099B,22423,20725
15254,0,85123A,22423,84879
15255,0,85123A,22423,84879
15256,0,85123A,22423,84879
15257,0,85123A,84879,47566
15258,0,85123A,84879,47566
15260,1,85099B,20725,84879
15261,0,85123A,22423,84879
15262,0,85123A,22423,84879
15263,0,85123A,22423,84879
15264,0,85123A,22423,84879
15265,0,85123A,47566,21034
15266,0,85123A,22423,84879
15267,1,85123A,85099B,22423
15269,0,85123A,22423,84879
15270,1,85099B,22423,47566
15271,1,85099B,22423,20725
15272,0,85123A,22423,84879
15274,1,85123A,85099B,22423
15275,0,85123A,22423,47566
15276,0,85123A,22423,84879
15277,0,85123A,22423,84879
15279,0,85123A,22423,84879
15280,0,85123A,22423,84879
15281,1,85099B,20725,84879
15286,0,85123A,22423,84879
15287,0,85123A,22423,84879
15288,1,85123A,85099B,20725
15289,1,85123A,85099B,22423
15290,1,85123A,85099B,20725
15291,1,85123A,85099B,22423
15292,0,85123A,22423,84879
15296,1,85099B,84879,20727
15297,1,85123A,85099B,22423
15298,1,85123A,22423,20725
15299,1,85123A,85099B,22423
15300,0,85123A,22423,84879
15301,1,85123A,85099B,22423
15303,0,84879,47566,21034
15304,1,85123A,85099B,20725
15306,0,85123A,22423,47566
15307,0,85123A,22423,84879
15308,0,85123A,22423,84879
15311,1,85123A,22423,47566
15312,0,22423,84879,21034
15313,0,85123A,22423,84879
15314,0,85123A,22423,84879
15315,0,85123A,22423,84879
15316,0,85123A,22423,84879
15318,0,85123A,22423,84879
15319,0,85123A,22423,84879
15320,0,85123A,22423,84879
15321,1,85123A,85099B,22423
15322,0,85123A,22423,21034
15325,0,85123A,22423,21034
15326,0,85123A,22423,47566
15327,0,85123A,84879,47566
15329,0,85123A,84879,47566
15330,0,85123A,22423,84879
15332,0,85123A,22423,84879
15333,0,85123A,22423,84879
15334,0,85123A,22423,84879
15335,0,85123A,22423,47566
15339,0,85123A,22423,84879
15341,0,85123A,22423,84879
15342,0,85123A,22423,84879
15343,0,85123A,84879,47566
15344,1,85123A,85099B,20725
15345,0,85123A,84879,21034
15346,0,85123A,22423,84879
15347,0,85123A,22423,84879
15348,0,85123A,22423,84879
15349,0,22423,84879,47566
15350,0,85123A,22423,84879
15351,1,85123A,22423,20725
15353,0,85123A,84879,47566
15355,0,85123A,22423,84879
15356,1,22423,22197,21212
15358,1,85123A,85099B,20725
15360,0,85123A,22423,84879
15361,0,85123A,22423,84879
15363,0,85123A,22423,84879
15364,0,85123A,22423,47566
15365,1,85099B,22423,47566
15366,0,85123A,84879,47566
15367,1,85123A,20725,47566
15368,0,85123A,22423,84879
15370,1,85123A,85099B,22423
15372,0,85123A,22423,84879
15373,1,85123A,85099B,20725
15374,0,85123A,22423,84879
15376,1,85123A,85099B,20725
15379,1,20725,47566,23203
15380,1,85123A,85099B,22423
15381,0,85123A,22423,84879
15382,1,85123A,85099B,20725
15384,0,85123A,22423,84879
15385,0,22423,47566,21034
15386,0,85123A,22423,84879
15388,0,85123A,22423,47566
15389,0,85123A,22423,84879
15392,1,85123A,85099B,22423
15393,0,85123A,22423,47566
15394,1,20725,47566,84879
15395,0,85123A,22423,84879
15396,0,85123A,22423,84879
15397,0,85123A,22423,84879
15398,1,85123A,85099B,22423
15399,1,85123A,85099B,22423
15400,0,85123A,22423,84879
15402,0,22423,84879,47566
15405,0,85123A,22423,84879
15406,0,85123A,22423,84879
15407,1,85099B,20725,47566
15408,0,22423,84879,47566
15410,1,85123A,85099B,20725
15411,1,20725,47566,84879
15412,0,22423,84879,47566
15414,1,85123A,85099B,22423
15415,0,22423,84879,47566
15416,1,85099B,20725,47566
15417,0,85123A,22423,84879
15419,0,85123A,22423,84879
15421,0,85123A,22423,84879
15422,0,85123A,22423,84879
15423,0,85123A,22423,84879
15424,0,85123A,22423,84879
15426,1,85123A,85099B,22423
15427,1,85123A,85099B,22423
15428,0,22423,84879,47566
15429,0,22423,84879,47566
15432,0,85123A,22423,84879
15433,0,85123A,22423,84879
15434,1,85123A,85099B,22423
15435,0,85123A,22423,84879
15436,1,85123A,85099B,22423
15437,0,85123A,22423,84879
15438,0,85123A,22423,84879
15440,0,85123A,22423,84879
15442,0,85123A,22423,84879
15443,1,85123A,85099B,22423
15444,1,85099B,20725,47566
15445,0,85123A,84879,47566
15447,0,85123A,21034,22720
15448,0,85123A,22423,47566
15449,1,85123A,85099B,22423
15450,0,85123A,22423,47566
15452,0,22423,84879,47566
15453,1,85099B,22423,20725
15454,0,85123A,22423,84879
15456,0,85123A,22423,84879
15457,0,85123A,22423,21034
15458,0,85123A,22423,84879
15460,0,85123A,84879,47566
15462,0,85123A,22423,84879
15463,0,85123A,22423,84879
15464,0,22423,47566,21034
15465,1,85123A,85099B,20725
15466,0,85123A,22423,84879
15467,1,85123A,85099B,22423
15468,0,85123A,22423,84879
15469,0,22423,84879,47566
15471,0,22423,84879,47566
15472,0,85123A,22423,47566
15473,1,85123A,85099B,22423
15475,0,85123A,22423,84879
15478,0,85123A,22423,84879
15480,0,85123A,84879,47566
15482,1,85099B,20725,47566
15483,0,85123A,22423,84879
15484,1,85123A,22423,47566
15485,1,85123A,85099B,22423
15488,0,85123A,22423,84879
15489,1,85123A,85099B,22423
15491,1,85123A,85099B,20725
15492,0,85123A,22423,84879
15493,1,85123A,85099B,20725
15494,1,85123A,85099B,22423
15497,1,85123A,85099B,20725
15498,1,23209,22197,23298
15500,1,85123A,85099B,20725
15502,1,85099B,20725,84879
15503,0,85123A,22423,84879
15504,0,85123A,22423,84879
15505,1,85123A,85099B,22423
15506,1,85123A,85099B,22423
15507,0,85123A,22423,22720
15508,0,84879,47566,21034
15510,0,85123A,22423,84879
15511,1,85099B,20725,47566
15512,0,85123A,22423,84879
15513,1,85099B,20725,20727
15514,1,85123A,85099B,22423
15516,0,85123A,22423,84879
15517,0,85123A,84879,47566
15518,1,85123A,85099B,84879
15520,0,85123A,22423,84879
15521,1,85123A,85099B,22423
15522,0,22423,84879,47566
15523,0,85123A,22423,84879
15524,0,85123A,22423,84879
15525,1,85123A,85099B,20725
15526,0,85123A,22423,84879
15527,1,85123A,20725,47566
15528,0,85123A,22423,84879
15529,1,85123A,22423,84879
15530,1,85099B,20725,47566
15531,1,85123A,20725,84879
15532,1,85123A,85099B,22423
15533,1,85123A,85099B,22423
15535,0,85123A,84879,21034
15537,0,85123A,22423,84879
15539,0,85123A,22423,84879
15540,0,85123A,22423,84879
15541,0,85123A,22423,84879
15543,0,85123A,22423,84879
15544,1,85123A,85099B,47566
15545,0,85123A,22423,47566
15547,1,20725,23203,20727
15549,0,85123A,22423,84879
15550,1,85123A,85099B,20725
15551,0,85123A,22423,47566
15552,0,85123A,22423,84879
15553,0,85123A,22423,84879
15554,0,85123A,22423,84879
15555,1,85099B,22720,22197
15556,0,85123A,22423,84879
15557,0,85123A,22423,84879
15561,1,85123A,85099B,22423
15562,0,85123A,22423,84879
15563,1,85123A,85099B,20725
15565,0,85123A,22423,84879
15567,0,85123A,22423,84879
15568,1,85123A,85099B,22423
15569,1,85099B,22423,20725
15570,1,85099B,20725,23203
15571,1,85123A,22423,20725
15572,1,85123A,85099B,22423
15573,0,85123A,84879,47566
15574,0,85123A,21034,22720
15576,0,85123A,22423,84879
15577,0,85123A,47566,22720
15578,0,85123A,22423,84879
15579,0,22423,84879,47566
15581,1,85123A,85099B,22423
15582,0,85123A,22423,84879
15584,1,85123A,22423,20725
15585,0,85123A,22423,84879
15587,1,85123A,85099B,22423
15589,0,22423,84879,47566
15592,0,85123A,22423,84879
15593,0,85123A,22423,84879
15594,1,85123A,85099B,22423
15596,1,85123A,85099B,22423
15597,0,85123A,22423,84879
15598,0,22423,84879,47566
15599,0,85123A,22423,47566
15601,1,85099B,20725,47566
15602,1,85099B,20725,47566
15603,0,85123A,22423,84879
15604,0,85123A,22423,84879
15605,1,85123A,85099B,20725
15606,1,85123A,85099B,22423
15607,0,85123A,22423,84879
15608,1,85123A,85099B,22423
15609,0,85123A,22423,84879
15610,0,85123A,22423,47566
15611,1,85123A,85099B,20725
15612,0,85123A,22423,84879
15615,1,23209,22197,22086
15618,1,85123A,85099B,22423
15619,0,85123A,22423,84879
15620,1,85123A,85099B,22423
15621,1,85099B,22423,20725
15622,1,85123A,20725,84879
15623,0,85123A,22423,84879
15624,0,22423,84879,47566
15625,0,85123A,22423,84879
15626,0,85123A,22423,84879
15628,1,85099B,22423,20725
15630,0,84879,21034,22138
15632,1,85123A,85099B,22423
15634,0,85123A,22423,84879
15636,0,22423,84879,47566
15637,0,85123A,22423,84879
15639,0,85123A,22423,84879
15640,1,20725,47566,20727
15641,1,85123A,85099B,22423
15643,0,85123A,84879,21034
15644,0,85123A,22423,84879
15645,0,22423,84879,47566
15646,0,84879,47566,21034
15648,0,85123A,22423,84879
15649,0,85123A,22423,84879
15651,0,85123A,22423,84879
15652,0,85123A,22423,84879
15653,0,85123A,22423,84879
15654,1,85123A,85099B,22423
15655,0,85123A,22423,84879
15656,0,85123A,84879,47566
15657,0,85123A,22423,84879
15658,0,85123A,84879,21034
15659,0,85123A,22423,84879
15660,1,85123A,20725,47566
15661,0,85123A,22423,84879
15663,0,85123A,22423,84879
15664,0,85123A,22423,47566
15665,0,22423,47566,21034
15667,0,85123A,22423,84879
15668,0,85123A,22423,84879
15669,0,85123A,84879,47566
15670,0,85123A,22423,84879
15671,1,85123A,85099B,22423
15673,1,85123A,85099B,22423
15674,1,85099B,20725,84879
15675,0,22423,84879,21034
15676,1,85099B,20725,47566
15677,0,85123A,22423,84879
15678,0,85123A,22423,84879
15679,1,85123A,85099B,22423
15680,1,85099B,22423,20725
15681,1,85123A,85099B,22423
15683,0,85123A,22423,84879
15687,1,22423,20725,47566
15689,0,85123A,22423,84879
15690,0,85123A,22423,84879
15691,0,85123A,22423,84879
15692,0,22423,84879,47566
15694,1,85123A,85099B,20725
15695,0,85123A,47566,21034
15696,1,85099B,20725,23203
15699,0,85123A,22423,84879
15700,0,85123A,22423,84879
15701,1,85123A,85099B,84879
15703,0,85123A,22423,84879
15704,1,85099B,22423,20725
15705,0,85123A,22423,84879
15706,1,85099B,22423,20725
15707,1,85123A,85099B,20725
15708,1,85099B,20725,47566
15709,0,85123A,22423,84879
15712,1,85123A,20725,47566
15713,0,22423,84879,47566
15714,0,85123A,22423,84879
15716,0,22423,22720,22138
15717,0,22423,84879,21034
15719,1,22423,22197,22086
15720,0,22423,47566,21034
15721,0,85123A,22423,84879
15722,1,85123A,85099B,22423
15723,0,85123A,22423,84879
15724,0,85123A,22423,84879
15725,0,22423,84879,47566
15727,1,85099B,47566,84879
15729,0,85123A,22423,84879
15730,0,85123A,84879,47566
15732,0,85123A,22423,84879
15733,0,85123A,22423,84879
15734,0,85123A,22423,84879
15737,1,85123A,85099B,22423
15738,1,85123A,85099B,22423
15739,0,85123A,22423,84879
15740,0,85123A,22423,84879
15743,1,85123A,85099B,20725
15744,0,85123A,22423,84879
15745,1,85123A,85099B,20725
15746,0,85123A,22423,84879
15747,1,85123A,22423,47566
15748,0,85123A,22423,84879
15749,1,85099B,22423,20725
15750,1,22423,20725,47566
15752,1,85123A,22423,47566
15753,0,85123A,22423,84879
15754,0,85123A,22423,84879
15755,1,22423,20725,47566
15756,0,85123A,84879,21034
15757,0,85123A,22423,21034
15758,0,85123A,22423,84879
15759,0,85123A,22423,84879
15762,0,85123A,22423,84879
15763,0,85123A,84879,47566
15764,1,85123A,85099B,47566
15766,0,85123A,22423,84879
15768,0,85123A,84879,47566
15769,1,85123A,22423,20725
15773,0,85123A,22423,84879
15774,0,22423,84879,47566
15775,0,22423,84879,47566
15776,0,85123A,22423,47566
15777,0,84879,47566,21034
15780,0,85123A,84879,47566
15781,0,85123A,47566,21034
15782,1,85123A,85099B,22423
15783,0,85123A,22423,47566
15785,1,85123A,85099B,84879
15786,1,85099B,22423,20725
15787,1,85123A,85099B,22423
15789,0,85123A,22423,84879
15790,0,85123A,22423,84879
15791,0,85123A,22423,84879
15793,1,85099B,22423,20725
15795,0,85123A,22423,84879
15796,1,85099B,20725,47566
15797,0,22423,84879,47566
15799,0,22423,84879,21034
15800,0,22423,84879,22138
15801,0,85123A,22423,84879
15803,0,85123A,22423,47566
15804,1,85123A,85099B,20725
15805,1,85123A,22423,20725
15806,0,85123A,22423,84879
15807,0,22423,84879,47566
15808,0,85123A,84879,22138
15809,1,85123A,85099B,20725
15810,1,85123A,85099B,22423
15811,1,85123A,85099B,20725
15812,1,85099B,20725,23203
15813,0,85123A,84879,47566
15814,1,85123A,85099B,22423
15815,1,85123A,85099B,22423
15819,1,85123A,85099B,22423
15820,0,85123A,22423,84879
15821,0,85123A,22423,84879
15822,1,85123A,85099B,22423
15825,0,85123A,22423,84879
15826,1,85123A,85099B,20725
15827,1,85123A,85099B,20725
15829,0,85123A,22423,84879
15830,0,85123A,22423,84879
15831,0,85123A,22423,84879
15832,0,85123A,22423,84879
15834,1,85123A,85099B,22423
15835,1,85123A,22423,20725
15836,0,85123A,47566,21034
15837,0,85123A,22423,84879
15838,1,85123A,22423,20725
15839,1,85123A,85099B,22423
15840,0,85123A,22423,84879
15841,1,85099B,22423,20725
15843,0,85123A,84879,47566
15844,0,85123A,22423,84879
15845,1,85123A,22423,20725
15847,0,85123A,22423,47566
15850,0,85123A,22423,84879
15852,0,85123A,84879,47566
15853,0,85123A,22423,84879
15854,1,85099B,22423,20725
15855,0,85123A,22423,84879
15856,1,85099B,22423,20725
15857,0,85123A,22423,84879
15858,1,85123A,85099B,22423
15860,1,85099B,22423,20725
15861,1,85099B,22423,47566
15862,1,85099B,22423,84879
15863,0,85123A,22423,84879
15864,1,85123A,85099B,22423
15865,0,85123A,84879,47566
15866,0,85123A,22423,84879
15867,1,85123A,85099B,20725
15869,0,85123A,22423,84879
15870,0,85123A,22423,84879
15872,0,85123A,22423,84879
15874,1,85099B,22423,20725
15877,1,85123A,85099B,22423
15880,0,22423,84879,47566
15881,0,85123A,22423,84879
15882,0,85123A,22423,84879
15883,1,85123A,85099B,20725
15885,0,85123A,84879,47566
15886,0,85123A,22423,84879
15888,0,85123A,47566,21034
15889,0,85123A,22423,47566
15891,0,85123A,22423,84879
15894,0,85123A,22423,84879
15895,0,85123A,22423,84879
15897,0,85123A,22423,84879
15898,1,85123A,22423,20725
15899,0,85123A,22423,84879
15900,0,85123A,22423,84879
15901,0,85123A,22423,84879
15903,1,85123A,85099B,20725
15904,0,85123A,22423,84879
15906,1,85123A,85099B,20725
15907,1,85123A,22423,20725
15909,0,85123A,22423,84879
15910,1,85123A,85099B,22423
15912,0,85123A,22423,84879
15916,1,85123A,85099B,20725
15917,0,85123A,84879,21034
15918,0,85123A,22423,84879
15919,0,85123A,22423,84879
15920,0,85123A,22423,84879
15921,0,85123A,22423,84879
15922,0,85123A,84879,47566
15923,0,85123A,22423,84879
15925,0,85123A,84879,47566
15930,0,85123A,22423,84879
15932,1,85099B,22423,20725
15933,1,85099B,22423,23203
15935,0,85123A,22423,84879
15937,0,85123A,22423,84879
15938,0,22423,84879,47566
15939,1,85123A,85099B,22423
15940,0,85123A,22423,84879
15942,0,85123A,22423,84879
15944,0,85123A,84879,47566
15945,0,85123A,22423,84879
15947,0,85123A,22423,84879
15948,1,85123A,85099B,22423
15949,0,85123A,22423,84879
15950,1,85123A,20727,23209
15951,1,85123A,85099B,22423
15952,1,20725,47566,23203
15953,1,85099B,20725,47566
15955,1,85099B,22423,22197
15957,0,85123A,22423,84879
15958,0,85123A,22423,84879
15963,0,85123A,22423,47566
15965,1,22423,20725,47566
15967,0,85123A,22423,84879
15969,1,85123A,85099B,22423
15970,0,85123A,22423,84879
15971,1,85123A,22423,20725
15973,0,85123A,22423,84879
15974,1,85123A,85099B,20725
15975,0,85123A,22423,84879
15976,0,85123A,22423,84879
15977,1,85123A,85099B,22423
15978,0,85123A,22423,84879
15980,1,85123A,85099B,22423
15981,1,85123A,85099B,22423
15983,1,85123A,85099B,22423
15984,1,22423,20725,47566
15985,0,85123A,22423,84879
15986,0,85123A,22423,47566
15987,1,85123A,85099B,22423
15988,0,85123A,22423,84879
15990,0,85123A,84879,47566
15992,0,85123A,22423,47566
15993,1,85099B,20725,23203
15994,0,85123A,22423,84879
15996,1,85123A,85099B,22423
15998,1,85099B,20725,47566
16000,1,85123A,85099B,22423
16003,1,85123A,85099B,20725
16005,1,85099B,22423,47566
16006,0,85123A,22423,84879
16007,1,22423,20725,84879
16008,0,22423,84879,47566
16009,1,85123A,85099B,22423
16010,0,22423,84879,47566
16011,1,85123A,85099B,22423
16012,1,85099B,20725,84879
16013,1,85099B,20725,84879
16014,0,22423,84879,47566
16015,1,85099B,22423,47566
16016,1,85099B,23203,22383
16017,0,85123A,22423,84879
16018,0,85123A,22423,84879
16019,1,85099B,20725,20727
16020,1,85123A,85099B,22423
16022,0,85123A,22423,84879
16023,0,85123A,21034,22720
16024,0,85123A,22423,84879
16025,0,85123A,22423,84879
16026,0,85123A,22423,84879
16027,1,85123A,85099B,22423
16029,1,85123A,22423,20725
16030,0,85123A,22423,84879
16031,0,85123A,22423,84879
16033,1,85099B,20725,23203
16034,0,85123A,22423,84879
16036,0,85123A,22423,84879
16037,0,22423,84879,47566
16038,1,85099B,22423,20725
16040,0,21034,22720,22138
16041,1,85123A,85099B,22423
16042,1,85123A,85099B,22423
16043,1,85099B,22423,20725
16045,0,85123A,84879,47566
16048,0,85123A,22423,84879
16049,0,22423,47566,22457
16050,0,85123A,22423,84879
16052,0,85123A,22423,47566
16053,0,85123A,84879,47566
16054,0,85123A,22423,84879
16055,0,85123A,22423,84879
16056,0,85123A,84879,47566
16057,1,22423,20725,47566
16059,1,85099B,22423,20725
16062,1,85123A,85099B,20725
16063,0,85123A,22423,84879
16065,0,22423,84879,47566
16066,1,85123A,85099B,22423
16070,0,85123A,22423,84879
16071,0,22423,84879,47566
16072,0,85123A,22423,84879
16073,0,85123A,22423,84879
16076,1,85099B,22423,47566
16078,0,85123A,22423,84879
16079,1,85123A,85099B,22423
16080,0,85123A,22423,84879
16081,1,20725,23203,20727
16083,0,85123A,22423,84879
16084,0,85123A,84879,47566
16085,1,85099B,22423,20725
16086,1,85123A,22423,47566
16091,0,85123A,22423,84879
16092,0,85123A,22423,84879
16093,0,85123A,22423,84879
16094,1,85123A,85099B,20725
16096,0,85123A,22423,84879
16097,0,85123A,22423,84879
16098,1,85123A,85099B,22423
16099,0,85123A,22423,84879
16101,0,85123A,22423,84879
16102,1,85123A,85099B,22423
16103,1,85099B,22423,20725
16104,0,85123A,22423,84879
16105,0,85123A,22423,84879
16106,0,85123A,22423,84879
16107,1,85099B,20725,84879
16108,0,85123A,22423,84879
16109,0,85123A,22423,84879
16110,1,85123A,85099B,20725
16112,0,85123A,22423,84879
16113,0,85123A,22423,84879
16114,0,85123A,22423,84879
16115,1,85123A,22423,47566
16116,0,85123A,22423,47566
16117,0,22423,84879,21034
16119,0,85123A,22423,84879
16120,1,85123A,85099B,22423
16121,0,47566,22138,22469
16122,0,85123A,22423,84879
16123,0,85123A,22423,84879
16124,0,85123A,22423,84879
16125,0,22423,84879,47566
16126,1,85123A,85099B,22423
16127,0,85123A,22423,84879
16128,1,85123A,85099B,20725
16131,1,85099B,20725,47566
16133,1,85123A,85099B,20725
16134,0,85123A,22423,84879
16135,0,85123A,84879,47566
16136,0,85123A,22423,47566
16139,1,85123A,85099B,22423
16140,0,85123A,22423,84879
16141,0,22423,84879,47566
16142,0,85123A,22423,84879
16143,1,85123A,85099B,84879
16144,0,85123A,84879,47566
16145,1,85099B,22423,20725
16146,0,22423,21034,22720
16147,0,84879,47566,21034
16148,0,85123A,22423,84879
16149,0,85123A,22423,84879
16150,1,85123A,85099B,22423
16152,0,85123A,22423,84879
16153,1,85123A,85099B,22423
16156,1,85123A,22423,20725
16157,1,85123A,85099B,22423
16159,0,85123A,22423,84879
16160,0,85123A,22423,47566
16161,1,47566,84879,22720
16162,0,85123A,22423,84879
16163,0,85123A,22423,84879
16164,1,85123A,85099B,22423
16168,1,85099B,20725,47566
16169,1,85123A,22423,20725
16170,1,85123A,85099B,22423
16171,0,85123A,22423,84879
16172,1,85123A,85099B,22423
16173,1,85123A,22423,20725
16174,0,85123A,84879,21034
16175,0,22423,84879,47566
16177,0,85123A,22423,84879
16178,0,85123A,22423,84879
16179,0,85123A,22423,84879
16180,1,85123A,84879,22720
16181,0,85123A,22423,84879
16182,1,85123A,22423,20725
16183,0,85123A,22423,84879
16184,1,85123A,85099B,22423
16185,0,85123A,22423,84879
16186,1,85123A,85099B,20725
16187,1,85123A,20727,22383
16188,1,85123A,22423,47566
16189,0,85123A,22423,84879
16190,0,22423,47566,21034
16191,1,85123A,85099B,22423
16193,0,85123A,22423,84879
16198,0,85123A,22423,84879
16200,1,85123A,22423,20727
16201,1,85123A,47566,22720
16202,0,85123A,22423,84879
16203,0,85123A,22423,84879
16204,0,85123A,22423,84879
16205,1,85123A,22423,47566
16206,0,22423,84879,47566
16207,0,85123A,22423,84879
16208,0,22423,84879,21034
16209,1,85123A,85099B,22423
16210,1,85099B,20725,47566
16211,0,85123A,84879,47566
16212,0,85123A,22423,84879
16213,0,85123A,22423,84879
16214,0,85123A,84879,47566
16215,0,85123A,22423,84879
16216,0,85123A,22423,21034
16217,0,85123A,22423,84879
16218,1,85123A,22423,47566
16221,0,84879,47566,22720
16222,0,22423,84879,47566
16224,1,85123A,85099B,22423
16225,1,85123A,22423,20725
16226,0,85123A,22423,84879
16227,0,85123A,22423,84879
16229,0,85123A,22423,84879
16230,0,22423,84879,47566
16232,1,85099B,22423,20725
16233,0,85123A,22423,84879
16235,1,85123A,85099B,22423
16236,0,85123A,22423,84879
16239,0,85123A,22423,84879
16240,1,20725,84879,23203
16241,1,22423,84879,22197
16242,1,22423,47566,22383
16243,0,85123A,22423,84879
16244,0,85123A,22423,84879
16245,1,85123A,85099B,22423
16247,0,85123A,22423,84879
16248,0,85123A,22423,84879
16249,1,85099B,22423,20725
16250,0,85123A,22423,84879
16253,1,85123A,85099B,22423
16255,1,85123A,85099B,22423
16256,0,85123A,22423,84879
16257,0,85123A,22423,84879
16258,1,85123A,22423,20725
16260,0,85123A,22423,84879
16261,1,85099B,22423,20725
16265,1,85123A,85099B,22423
16266,1,85123A,85099B,22423
16268,0,85123A,22423,21034
16270,0,85123A,22423,84879
16271,1,22423,20725,47566
16272,0,85123A,22423,84879
16274,0,85123A,22423,84879
16275,0,85123A,84879,47566
16276,0,85123A,22423,84879
16278,0,85123A,84879,47566
16279,1,85123A,22423,20725
16281,0,85123A,22423,84879
16282,0,22423,84879,47566
16283,1,85123A,85099B,22423
16284,0,85123A,22423,84879
16287,0,85123A,22423,84879
16292,0,85123A,22423,84879
16293,1,85099B,20725,23203
16295,1,85123A,85099B,22423
16297,0,85123A,22423,84879
16298,0,85123A,22423,47566
16302,0,85123A,22423,84879
16303,1,85123A,22423,84879
16305,0,85123A,22423,84879
16306,0,85123A,22423,84879
16308,1,85123A,85099B,22423
16309,0,85123A,22423,47566
16311,0,85123A,22423,84879
16313,0,85123A,22423,47566
16315,0,85123A,22423,47566
16316,1,85123A,20725,84879
16317,0,85123A,84879,47566
16318,0,85123A,22423,84879
16319,0,85123A,22423,84879
16320,0,85123A,22423,47566
16321,0,22423,84879,47566
16322,1,85123A,85099B,22423
16323,0,85123A,22423,84879
16324,0,22423,84879,47566
16325,0,85123A,22423,47566
16326,1,85123A,85099B,22423
16327,1,85123A,85099B,22423
16330,0,85123A,22423,84879
16332,1,85123A,85099B,22423
16333,1,85123A,85099B,22423
16337,0,85123A,22423,84879
16338,0,85123A,22423,84879
16339,0,85123A,22423,84879
16340,0,85123A,22423,84879
16341,1,85123A,22423,47566
16342,0,85123A,22423,84879
16343,0,85123A,22423,84879
16344,0,85123A,22423,84879
16345,0,85123A,22423,47566
16347,1,85123A,85099B,22423
16348,1,85123A,85099B,22423
16349,0,85123A,22423,84879
16350,1,22423,20725,47566
16351,0,85123A,22423,84879
16352,0,85123A,22423,84879
16353,1,85123A,85099B,22423
16354,0,85123A,22423,84879
16356,0,85123A,22423,84879
16357,0,85123A,84879,21034
16358,1,85123A,85099B,22423
16359,1,85123A,85099B,22423
16360,1,85099B,22423,47566
16361,1,85123A,22423,20725
16362,1,85123A,85099B,22423
16363,0,85123A,22423,84879
16364,0,85123A,22423,84879
16365,1,85123A,85099B,22423
16366,0,84879,47566,21034
16367,0,22423,84879,47566
16368,1,85123A,85099B,22423
16369,1,85123A,85099B,22423
16370,0,22423,84879,47566
16372,0,85123A,22423,84879
16374,0,85123A,22423,22720
16376,1,85099B,22423,20725
16377,0,85123A,22423,84879
16378,0,85123A,22423,84879
16379,1,85123A,85099B,22423
16380,0,85123A,22423,84879
16383,0,22423,84879,47566
16384,0,85123A,84879,47566
16385,0,85123A,22423,84879
16386,0,85123A,47566,22720
16387,0,85123A,22423,47566
16389,1,85123A,85099B,20725
16392,0,85123A,22423,84879
16393,1,85123A,22423,47566
16394,1,85123A,85099B,22423
16395,1,85123A,85099B,22423
16398,0,85123A,84879,21034
16399,0,22423,84879,47566
16400,0,85123A,22423,84879
16401,1,85123A,85099B,22423
16402,0,85123A,22423,84879
16403,0,85123A,22423,84879
16404,0,84879,47566,21034
16405,0,85123A,22423,84879
16406,0,22423,84879,47566
16407,1,85099B,22423,20725
16409,1,85099B,20725,47566
16411,0,85123A,22423,84879
16412,0,22423,84879,47566
16413,0,85123A,22423,84879
16414,0,85123A,22423,84879
16415,0,85123A,22423,84879
16416,1,85123A,85099B,22423
16418,0,85123A,22423,84879
16419,1,85123A,85099B,20725
16422,1,85123A,85099B,22423
16423,0,85123A,22423,84879
16424,0,85123A,22423,47566
16425,0,85123A,22423,84879
16426,1,85123A,22423,47566
16427,0,85123A,22423,47566
16429,0,85123A,22423,84879
16430,0,85123A,22423,84879
16431,0,85123A,22423,47566
16432,0,85123A,22423,84879
16433,0,85123A,22423,84879
16434,1,85123A,85099B,20725
16438,1,85099B,22423,20725
16440,1,22423,20725,47566
16441,0,85123A,22423,84879
16442,1,85123A,22423,20725
16444,0,22423,84879,47566
16445,0,85123A,22423,84879
16446,1,85123A,85099B,22423
16447,0,85123A,22423,84879
16448,0,22423,84879,47566
16449,0,85123A,22423,47566
16450,0,22423,47566,21034
16451,0,85123A,22423,84879
16454,0,85123A,22423,84879
16455,1,85123A,85099B,22423
16456,1,22423,20725,47566
16457,0,22423,47566,21034
16458,1,22423,47566,84879
16460,0,85123A,22423,84879
16461,0,85123A,22423,84879
16462,0,85123A,22423,84879
16463,1,85123A,85099B,22423
16464,1,85123A,47566,84879
16466,1,85099B,22423,47566
16468,0,85123A,22423,84879
16469,1,20725,47566,84879
16470,0,85123A,22423,84879
16471,0,85123A,22423,84879
16473,0,85123A,22423,84879
16474,1,22423,47566,84879
16475,0,22423,84879,21034
16477,1,22423,84879,23203
16478,0,85123A,22423,84879
16479,0,85123A,22423,84879
16480,0,85123A,22423,84879
16482,0,85123A,22423,84879
16483,0,85123A,22423,84879
16484,0,85123A,22423,84879
16485,0,22423,84879,21034
16488,0,85123A,22423,84879
16491,0,85123A,22423,84879
16493,1,85123A,85099B,22423
16494,0,22423,47566,21034
16495,1,85123A,85099B,22423
16496,1,85123A,85099B,22423
16497,1,85123A,85099B,20725
16498,0,85123A,22423,84879
16499,0,85123A,22423,84879
16500,1,85123A,85099B,22423
16503,0,85123A,22423,84879
16504,0,85123A,22423,84879
16505,0,85123A,22423,84879
16506,0,85123A,22423,84879
16509,0,85123A,84879,21034
16510,0,85123A,22423,84879
16511,1,85123A,85099B,22423
16513,1,85123A,85099B,22423
16515,1,85123A,85099B,22423
16516,0,85123A,22423,84879
16517,0,22423,84879,47566
16518,0,85123A,22423,84879
16519,0,85123A,22423,84879
16520,0,85123A,22423,47566
16523,1,85123A,22423,47566
16525,1,22423,20725,84879
16526,0,85123A,22423,84879
16527,0,22423,84879,47566
16528,0,85123A,22423,84879
16529,0,22423,84879,47566
16531,1,85123A,85099B,22423
16532,1,85123A,85099B,22423
16533,1,85099B,20725,47566
16535,0,85123A,84879,47566
16536,0,85123A,84879,47566
16539,1,85123A,85099B,22423
16542,0,85123A,22423,84879
16545,0,85123A,22423,84879
16546,0,85123A,22423,84879
16549,1,22423,84879,23203
16550,1,85123A,85099B,20725
16551,0,85123A,22423,84879
16552,0,47566,21034,22720
16553,1,85123A,85099B,22423
16554,0,85123A,21034,22720
16555,0,85123A,22423,84879
16556,1,85099B,20725,23203
16557,0,85123A,84879,47566
16558,1,85123A,84879,20727
16560,0,85123A,84879,47566
16561,1,85123A,85099B,22423
16563,0,85123A,22423,47566
16565,0,85123A,22423,84879
16566,1,85123A,85099B,22423
16567,0,85123A,22423,84879
16569,0,85123A,22423,84879
16570,1,85123A,85099B,22423
16571,1,85123A,85099B,22423
16572,0,84879,47566,21034
16573,0,84879,47566,21034
16574,0,85123A,22423,84879
16581,0,85123A,22423,84879
16582,0,85123A,22423,84879
16583,0,85123A,22423,84879
16584,0,85123A,22423,84879
16586,0,85123A,22423,84879
16587,0,85123A,22423,84879
16589,0,22423,84879,47566
16591,0,85123A,22423,84879
16592,1,85123A,85099B,22423
16593,0,85123A,84879,47566
16594,0,85123A,22423,84879
16595,0,22423,84879,47566
16596,0,85123A,22423,84879
16597,0,85123A,22423,84879
16598,0,85123A,22423,84879
16600,1,85123A,85099B,22423
16601,0,85123A,22423,84879
16602,0,22423,84879,47566
16603,0,85123A,22423,84879
16607,1,85123A,85099B,22423
16609,1,47566,84879,22720
16610,0,22423,84879,47566
16611,0,85123A,22423,84879
16612,1,22423,20725,47566
16613,0,22423,84879,47566
16614,0,85123A,22423,84879
16616,0,85123A,22423,84879
16617,0,22423,84879,47566
16618,1,85099B,20725,47566
16619,0,85123A,22423,84879
16620,0,85123A,22423,84879
16621,0,85123A,84879,47566
16623,0,22423,84879,47566
16624,0,22423,84879,47566
16625,0,22423,84879,47566
16626,1,85123A,22423,47566
16627,0,85123A,84879,47566
16628,1,85123A,22423,47566
16629,0,85123A,22423,84879
16633,1,85123A,85099B,20725
16634,0,85123A,22423,84879
16637,1,85123A,85099B,22423
16638,1,85123A,85099B,20725
16639,1,85099B,22423,20725
16641,0,85123A,22423,84879
16642,1,85123A,85099B,22423
16643,0,85123A,22423,47566
16644,0,85123A,22423,84879
16647,0,85123A,22423,84879
16648,0,85123A,22423,84879
16650,0,85123A,22423,84879
16652,1,85123A,85099B,20725
16653,1,85123A,85099B,20725
16654,0,85123A,22423,84879
16655,1,85123A,85099B,22423
16656,1,85123A,85099B,22423
16657,1,85123A,85099B,20725
16658,0,85123A,22423,84879
16659,0,85123A,22423,84879
16660,1,85123A,85099B,22423
16665,0,85123A,22423,84879
16666,0,85123A,22423,84879
16667,0,85123A,22423,84879
16668,1,85123A,85099B,22423
16669,1,85123A,20725,47566
16670,1,84879,23203,22383
16671,1,85123A,85099B,22423
16672,1,85123A,85099B,20725
16674,0,85123A,22423,47566
16676,1,85123A,85099B,20725
16678,1,85123A,85099B,22423
16679,0,85123A,22423,84879
16680,0,85123A,22423,84879
16681,1,85123A,85099B,22423
16682,1,85123A,85099B,22423
16684,1,85123A,20725,47566
16685,0,85123A,22423,84879
16686,1,85123A,85099B,22423
16688,1,85123A,85099B,22423
16689,0,85123A,22423,84879
16690,0,85123A,22423,84879
16692,0,85123A,22423,84879
16693,0,85123A,22423,47566
16696,0,85123A,22423,84879
16697,0,85123A,22423,84879
16698,0,85123A,22423,84879
16700,1,22423,47566,20727
16701,1,85123A,85099B,22423
16705,1,85099B,20725,84879
16706,0,85123A,22720,85099B
16708,0,85123A,22423,84879
16709,1,85123A,85099B,20725
16710,1,85123A,85099B,47566
16711,1,85123A,85099B,22423
16712,1,85123A,85099B,22423
16713,1,85123A,85099B,47566
16714,0,22423,47566,21034
16715,0,85123A,22423,84879
16716,0,85123A,22423,84879
16717,1,85099B,22423,20725
16718,0,85123A,22423,84879
16719,1,85099B,22423,20725
16720,0,85123A,22423,84879
16721,0,85123A,22423,84879
16722,1,85123A,22423,47566
16723,0,85123A,84879,47566
16725,0,85123A,22423,84879
16726,1,85099B,22423,20725
16727,0,22423,84879,47566
16728,1,85123A,85099B,20725
16729,1,22423,22720,22197
16730,0,85123A,22423,84879
16732,0,85123A,22423,84879
16734,0,85123A,22423,84879
16735,1,22423,20725,47566
16737,0,85123A,22423,84879
16738,0,85123A,22423,84879
16739,0,85123A,22423,84879
16743,1,85123A,85099B,22423
16744,1,85123A,85099B,22423
16745,1,85123A,22423,47566
16746,1,85123A,47566,84879
16747,0,85123A,22423,21034
16748,1,85123A,22423,47566
16750,1,85123A,85099B,22423
16751,0,85123A,22423,84879
16752,0,85123A,22423,84879
16753,0,85123A,22423,84879
16754,0,85123A,22423,84879
16755,0,22423,84879,21034
16756,0,84879,47566,21034
16757,0,85123A,22423,84879
16758,0,85123A,22423,84879
16759,1,85123A,85099B,22423
16761,0,85123A,22423,84879
16762,1,85123A,85099B,22423
16763,0,85123A,22423,84879
16764,1,47566,84879,22197
16765,0,85123A,22423,84879
16766,0,85123A,22423,84879
16767,1,85123A,85099B,47566
16768,0,22423,84879,47566
16769,0,22423,84879,21034
16770,1,85099B,22423,20725
16771,1,85099B,20725,47566
16773,0,22423,84879,47566
16774,0,85123A,22423,84879
16775,1,85099B,22423,20725
16776,0,85123A,22423,84879
16777,0,22423,84879,47566
16778,0,85123A,22423,84879
16779,1,85123A,20725,47566
16780,0,47566,21034,22720
16781,0,85123A,22423,84879
16782,1,84879,23203,22720
16784,0,85123A,22423,84879
16788,0,22423,84879,21034
16789,0,85123A,22423,84879
16790,1,85123A,85099B,22423
16791,1,85099B,23203,22720
16792,0,22423,84879,47566
16793,0,85123A,22423,84879
16794,1,85123A,85099B,22423
16795,0,85123A,22423,84879
16796,0,85123A,22423,84879
16800,0,85123A,22423,84879
16801,0,85123A,22423,84879
16803,0,85123A,22423,84879
16804,0,85123A,22423,47566
16805,0,85123A,22423,84879
16806,0,85123A,22423,47566
16807,0,85123A,22423,84879
16808,0,85123A,84879,47566
16809,1,85123A,22423,47566
16810,0,85123A,22423,21034
16811,1,85123A,85099B,22423
16812,0,85123A,22423,84879
16813,1,85123A,22423,47566
16814,1,85099B,22423,20725
16816,0,85123A,22423,84879
16817,1,85123A,85099B,22423
16818,1,85123A,85099B,20725
16820,0,85123A,22423,84879
16823,0,85123A,22423,84879
16824,0,85123A,84879,21034
16825,0,85123A,22423,84879
16826,0,85123A,22423,84879
16828,0,85123A,22423,84879
16829,0,85123A,22423,84879
16830,0,22423,84879,47566
16832,0,85123A,22423,84879
16833,1,22423,20725,47566
16834,0,85123A,22423,47566
16835,0,85123A,22423,84879
16836,0,85123A,22423,84879
16837,1,85123A,85099B,20725
16838,0,85123A,22423,47566
16839,1,85123A,84879,20727
16841,1,85123A,85099B,22423
16842,0,85123A,21034,22720
16843,1,85123A,85099B,22423
16846,0,85123A,22423,84879
16847,0,85123A,22423,84879
16848,0,85123A,22423,84879
16849,0,22423,84879,47566
16850,0,85123A,22423,84879
16851,1,85123A,85099B,22423
16852,0,85123A,22423,84879
16855,0,84879,47566,21034
16856,0,85123A,22423,84879
16858,0,85123A,22423,84879
16859,0,85123A,22423,84879
16861,0,85123A,22423,84879
16863,0,22423,84879,47566
16866,0,85123A,22423,84879
16869,1,85099B,22423,20725
16871,1,85099B,20725,47566
16872,0,85123A,22423,84879
16873,1,85123A,22423,47566
16875,1,85123A,22423,47566
16877,1,85123A,85099B,22423
16878,0,85123A,22423,84879
16880,1,85123A,85099B,22423
16881,0,85123A,22423,84879
16882,0,22423,84879,47566
16883,0,22423,84879,47566
16884,0,85123A,22423,84879
16885,0,85123A,22423,84879
16887,0,85123A,22423,84879
16889,0,85123A,84879,22720
16891,1,22423,20725,47566
16892,1,85099B,22423,20725
16893,0,22423,47566,22720
16895,0,85123A,22423,47566
16897,0,85123A,84879,47566
16898,0,22423,84879,47566
16899,1,85123A,85099B,22423
16900,1,85123A,85099B,22423
16902,0,85123A,22423,84879
16903,0,85123A,22423,84879
16904,1,84879,22720,23298
16905,1,85123A,85099B,20725
16906,0,84879,22720,22138
16907,1,85099B,22423,20725
16909,0,85123A,22423,84879
16910,1,22423,20725,47566
16912,1,85123A,85099B,20725
16913,0,85123A,22423,84879
16914,0,85123A,22423,84879
16915,1,85123A,85099B,22423
16916,0,85123A,22423,84879
16917,0,85123A,22423,84879
16918,1,22423,47566,84879
16919,1,85123A,22423,20725
16921,0,85123A,22423,84879
16923,1,85099B,47566,84879
16924,1,85123A,85099B,22423
16926,0,85123A,22423,84879
16927,0,85123A,22423,84879
16928,1,85123A,85099B,20725
16929,1,85123A,22423,47566
16930,0,85123A,22423,84879
16931,1,22423,23203,20727
16932,0,22423,84879,47566
16933,1,85123A,85099B,22423
16934,0,22423,84879,47566
16936,0,85123A,22423,47566
16938,1,85099B,22423,20725
16940,1,22423,84879,23203
16942,1,22423,47566,22720
16943,0,85123A,22423,84879
16945,1,85123A,22423,84879
16947,0,85123A,22423,47566
16948,0,85123A,22423,84879
16949,1,85123A,85099B,22423
16950,0,22423,84879,47566
16951,0,85123A,22423,84879
16952,0,85123A,22423,84879
16953,0,85123A,22423,84879
16954,1,85123A,85099B,22423
16955,0,85123A,22423,84879
16956,0,85123A,22423,84879
16957,0,85123A,22423,84879
16959,0,85123A,22423,84879
16960,0,85123A,22423,84879
16961,0,85123A,22423,84879
16963,0,85123A,22423,84879
16965,0,85123A,22423,84879
16966,1,85123A,85099B,22423
16967,0,85123A,22423,84879
16968,1,85123A,85099B,22423
16969,0,85123A,22423,84879
16971,0,22423,84879,47566
16976,0,85123A,84879,47566
16978,0,22423,84879,47566
16979,1,85123A,85099B,20725
16980,0,85123A,22423,84879
16982,0,85123A,22423,84879
16983,1,85123A,85099B,22423
16984,1,85123A,20725,20727
16985,1,85099B,20725,20727
16986,1,85123A,22423,20725
16987,1,85099B,22423,47566
16988,0,85123A,84879,47566
16989,1,85123A,85099B,22423
16990,0,85123A,22423,84879
16992,1,22423,20725,84879
16996,1,85123A,85099B,22423
16997,0,85123A,22423,84879
16998,0,85123A,22423,84879
16999,0,85123A,22423,84879
17001,1,85123A,22423,20725
17002,0,85123A,22423,84879
17004,0,85123A,22423,84879
17006,1,85123A,85099B,22423
17007,1,85123A,85099B,22423
17010,0,85123A,22423,84879
17011,0,85123A,22423,84879
17014,1,85123A,85099B,22423
17015,1,85123A,85099B,22423
17017,1,85123A,85099B,22423
17018,0,85123A,22423,84879
17019,1,85099B,22423,20725
17022,0,85123A,22423,84879
17024,0,85123A,22423,84879
17025,0,85123A,22423,84879
17026,0,85123A,84879,47566
17027,1,85123A,85099B,22423
17029,0,85123A,22423,84879
17030,0,85123A,22423,84879
17031,0,85123A,22423,84879
17033,0,85123A,22423,84879
17034,1,85123A,85099B,22423
17035,0,85123A,22423,21034
17037,0,85123A,22423,47566
17038,0,85123A,22423,84879
17040,0,85123A,47566,21034
17041,1,85099B,22423,47566
17042,1,85123A,85099B,22423
17043,1,85123A,85099B,20725
17044,0,85123A,22423,84879
17045,0,85123A,22423,84879
17046,0,85123A,22423,47566
17047,0,47566,21034,22720
17048,0,22423,84879,47566
17049,1,22423,47566,20727
17050,1,85123A,85099B,22423
17051,0,22423,84879,47566
17052,0,85123A,22423,84879
17053,0,22423,84879,47566
17054,1,85123A,85099B,22423
17058,0,85123A,22423,21034
17059,1,22197,22727,82482
17060,0,85123A,22423,84879
17061,1,85123A,85099B,20725
17062,0,85123A,22423,84879
17063,1,22423,47566,84879
17064,0,85123A,84879,47566
17068,1,85123A,22423,84879
17069,1,85123A,85099B,47566
17070,0,85123A,22423,84879
17071,1,85099B,22423,20725
17073,1,85123A,85099B,22423
17075,1,22423,20725,47566
17076,0,85123A,22423,47566
17078,0,85123A,22423,84879
17079,0,85123A,22423,84879
17080,0,85123A,22423,84879
17081,0,85123A,22423,47566
17082,1,85123A,22423,20725
17083,0,85123A,22423,84879
17084,1,85123A,85099B,20725
17085,1,85099B,22423,20725
17086,1,85123A,20725,47566
17088,1,22423,47566,22383
17090,1,85123A,85099B,22423
17091,1,85123A,22423,84879
17092,1,85123A,85099B,22423
17094,0,85123A,22423,84879
17095,1,85123A,22423,20725
17096,1,85099B,22423,20725
17097,1,22423,20725,84879
17100,0,85123A,22423,84879
17101,1,85123A,85099B,22423
17102,0,85123A,22423,84879
17105,0,85123A,84879,47566
17107,1,84879,22197,82482
17109,1,85123A,85099B,22423
17110,0,85123A,84879,47566
17111,0,85123A,22423,84879
17114,1,85099B,20725,47566
17115,1,84879,23203,20727
17117,0,85123A,22423,84879
17118,0,85123A,22423,84879
17119,1,85123A,22423,20725
17120,0,84879,21034,22720
17122,0,85123A,22423,47566
17123,0,22423,84879,47566
17124,0,85123A,22423,84879
17125,0,85123A,84879,47566
17126,0,22423,47566,22720
17128,0,22423,84879,47566
17131,1,22423,20725,47566
17133,1,85099B,22423,20725
17134,0,22423,84879,47566
17135,1,85123A,85099B,22423
17138,0,85123A,84879,21034
17139,1,47566,23298,21212
17140,0,85123A,47566,22720
17142,0,85123A,84879,47566
17144,1,85123A,85099B,22423
17146,0,84879,47566,21034
17147,1,85123A,85099B,20725
17148,0,85123A,22423,84879
17152,0,85123A,22423,84879
17153,0,85123A,22423,84879
17154,0,85123A,22423,84879
17155,0,85123A,22423,84879
17157,0,85123A,22423,84879
17158,1,85099B,22423,20725
17159,1,20725,47566,22720
17160,1,85123A,22423,47566
17162,1,85123A,85099B,22423
17163,0,85123A,22423,84879
17164,1,85123A,85099B,22423
17165,0,85123A,22423,84879
17166,0,85123A,22423,84879
17169,0,22423,84879,21034
17171,0,85123A,22423,84879
17172,0,85123A,22423,84879
17173,1,85099B,22423,20725
17174,0,85123A,22423,84879
17175,1,85123A,85099B,20725
17176,0,22423,84879,47566
17179,0,85123A,22423,84879
17180,0,85123A,84879,47566
17181,0,85123A,22423,84879
17183,1,85123A,85099B,22423
17186,0,85123A,22423,84879
17187,0,85123A,22423,84879
17188,1,85123A,85099B,20725
17189,0,85123A,22423,84879
17190,0,85123A,22423,84879
17191,1,85099B,20725,84879
17193,1,85123A,85099B,22423
17194,0,85123A,22423,84879
17197,0,85123A,22423,84879
17198,0,22423,84879,47566
17201,0,85123A,22423,84879
17203,1,85123A,22423,20725
17204,0,85123A,22423,21034
17205,0,85123A,22423,84879
17206,0,85123A,22423,84879
17211,1,85099B,20725,84879
17212,0,85123A,22423,84879
17213,1,85099B,22423,20725
17214,1,85099B,22423,20725
17217,0,85123A,22423,84879
17218,1,85123A,85099B,47566
17219,0,85123A,22423,84879
17220,1,85123A,85099B,22423
17221,0,85123A,22423,84879
17222,0,22423,47566,21034
17223,0,85123A,47566,21034
17226,0,85123A,84879,47566
17227,1,85123A,85099B,22423
17228,1,85123A,22423,47566
17229,0,85123A,22423,84879
17230,1,20725,47566,84879
17231,1,85123A,85099B,20725
17232,1,85123A,85099B,22423
17233,0,85123A,22423,84879
17234,0,85123A,22423,84879
17235,0,85123A,22423,84879
17236,1,85123A,85099B,22423
17237,0,85123A,22423,84879
17238,1,85123A,22423,20725
17239,0,22423,84879,47566
17242,0,85123A,22423,84879
17243,1,85099B,20725,47566
17244,0,85123A,22423,84879
17245,0,85123A,22423,84879
17247,0,85123A,22423,84879
17248,0,85123A,22423,84879
17250,1,85099B,20725,84879
17251,0,85123A,22423,84879
17252,0,85123A,22423,84879
17253,0,85123A,22423,84879
17254,0,85123A,47566,21034
17255,0,85123A,22423,84879
17256,0,85123A,22423,84879
17259,0,85123A,22423,84879
17262,1,85123A,85099B,22423
17263,0,22423,84879,47566
17265,0,22423,84879,47566
17266,1,85123A,85099B,22423
17267,0,85123A,22423,47566
17268,0,85123A,22423,84879
17272,1,85123A,85099B,22423
17274,0,85123A,22423,84879
17277,0,85123A,22423,84879
17278,0,85123A,22423,84879
17279,0,85123A,84879,47566
17282,0,85123A,22423,84879
17284,1,85123A,85099B,22423
17286,0,85123A,22423,84879
17287,1,85123A,85099B,20725
17288,1,85123A,85099B,22423
17289,1,22423,20725,47566
17290,1,85123A,85099B,22423
17291,0,85123A,22423,84879
17293,1,85123A,85099B,22423
17295,0,85123A,84879,47566
17297,0,85123A,22423,84879
17298,0,85123A,22423,84879
17299,1,85123A,85099B,22423
17301,0,85123A,22423,47566
17302,1,85123A,85099B,22423
17303,0,22423,84879,47566
17306,1,85123A,85099B,22423
17309,0,85123A,22423,84879
17311,0,85123A,22423,84879
17312,0,85123A,22423,84879
17313,0,85123A,22423,84879
17314,1,85123A,85099B,22423
17315,1,20725,23203,22383
17317,1,85123A,85099B,22423
17320,0,85123A,22423,84879
17321,1,85123A,85099B,22423
17323,1,85123A,22423,47566
17324,1,85123A,85099B,22423
17325,0,85123A,22423,84879
17329,0,85123A,22423,84879
17330,0,85123A,22423,84879
17331,0,85123A,84879,47566
17333,0,85123A,22423,84879
17334,0,85123A,22423,84879
17337,0,84879,47566,21034
17338,1,85099B,20725,47566
17339,0,85123A,22423,84879
17340,1,85123A,85099B,20725
17341,0,85123A,22423,47566
17343,0,85123A,22423,84879
17344,0,22423,84879,22720
17345,1,85123A,85099B,22423
17346,1,22423,47566,22720
17347,0,85123A,22423,84879
17348,1,85123A,22423,20725
17349,0,85123A,22423,84879
17350,1,85123A,85099B,22423
17351,0,85123A,22423,84879
17353,0,85123A,22423,84879
17354,0,85123A,22423,84879
17356,0,85123A,22423,84879
17357,0,85123A,22423,84879
17358,0,22423,84879,47566
17359,0,85123A,22423,84879
17360,1,85099B,22423,20725
17361,0,85123A,22423,84879
17362,0,22423,84879,47566
17364,1,85123A,85099B,20725
17365,1,85123A,85099B,84879
17367,0,85123A,22423,84879
17368,1,85123A,85099B,22423
17370,0,85123A,22423,84879
17371,0,85123A,84879,47566
17372,1,85099B,20725,47566
17373,0,85123A,22423,84879
17374,0,85123A,22423,47566
17375,0,85123A,22423,84879
17376,0,85123A,22423,84879
17377,1,22423,20725,84879
17379,0,85123A,22423,84879
17381,1,85123A,85099B,22423
17382,0,85123A,22423,84879
17383,0,85123A,22423,84879
17384,0,85123A,22423,84879
17385,0,85123A,22423,84879
17386,1,85123A,85099B,22423
17387,0,85123A,84879,47566
17388,1,85123A,85099B,22423
17389,1,85123A,22423,20725
17391,0,85123A,22423,84879
17392,0,22423,84879,21034
17394,0,85123A,22423,84879
17396,1,85123A,85099B,20725
17397,0,22423,84879,47566
17398,0,85123A,84879,47566
17400,1,85099B,22423,20725
17402,1,85123A,85099B,22423
17403,0,85123A,22423,84879
17404,1,85123A,85099B,22423
17405,1,85123A,85099B,22423
17406,0,47566,21034,22138
17408,0,85123A,84879,47566
17409,0,85123A,22423,84879
17410,1,85123A,85099B,20725
17411,1,85123A,85099B,22423
17412,1,85123A,85099B,22423
17414,0,85123A,22423,84879
17415,0,85123A,22423,84879
17416,1,85123A,84879,22720
17418,0,22423,84879,47566
17419,1,85099B,22423,20725
17420,0,85123A,22423,84879
17422,1,85123A,85099B,22423
17423,0,85123A,22423,84879
17425,0,85123A,22423,84879
17426,1,85123A,85099B,20725
17427,0,85123A,22423,84879
17428,1,85123A,47566,20727
17429,0,85123A,22423,84879
17430,0,22423,84879,47566
17431,0,85123A,22423,84879
17432,0,85123A,22423,84879
17433,0,85123A,22423,84879
17434,1,85123A,85099B,20725
17436,1,85123A,85099B,22423
17438,0,85123A,22423,84879
17440,0,85123A,22423,84879
17442,1,85123A,85099B,22423
17443,0,85123A,22423,84879
17444,0,85123A,84879,47566
17446,0,85123A,22423,84879
17447,0,85123A,22423,47566
17449,1,85123A,85099B,22423
17450,1,85099B,22423,20725
17451,1,85123A,85099B,22423
17453,0,85123A,84879,21034
17454,0,22423,84879,22138
17455,0,85123A,22423,84879
17456,0,85123A,22423,84879
17457,1,85123A,85099B,22423
17458,0,85123A,22423,84879
17459,0,85123A,22423,84879
17460,0,22423,84879,47566
17461,1,85123A,85099B,22423
17462,0,85123A,22423,84879
17463,1,22423,20725,47566
17464,0,85123A,22423,84879
17466,1,85123A,85099B,20725
17468,0,85123A,22423,84879
17469,1,22423,20727,22383
17470,1,85123A,85099B,22423
17472,0,22423,84879,47566
17475,0,85123A,22423,84879
17480,0,85123A,22423,84879
17481,1,85123A,85099B,22423
17483,0,22423,84879,21034
17486,0,85123A,22423,84879
17489,0,85123A,22423,84879
17490,1,85123A,85099B,22423
17491,1,85123A,85099B,22423
17492,0,85123A,47566,21034
17495,0,85123A,22423,47566
17496,0,22423,84879,47566
17498,0,85123A,22423,47566
17499,0,85123A,22423,84879
17500,1,85123A,85099B,22423
17501,0,85123A,84879,47566
17502,1,85123A,85099B,22423
17503,1,85123A,85099B,22423
17504,1,85123A,85099B,20725
17505,0,85123A,22423,84879
17506,0,85123A,22423,84879
17507,0,85123A,22423,84879
17508,0,85123A,22423,84879
17509,1,85123A,85099B,22423
17510,0,85123A,84879,47566
17511,1,22727,82482,22457
17512,1,85099B,22423,20725
17513,0,85123A,22423,84879
17514,0,22423,84879,47566
17515,1,85123A,85099B,20725
17516,1,47566,84879,23203
17517,0,85123A,22423,84879
17519,1,85123A,85099B,22423
17520,0,22423,84879,47566
17521,0,85123A,22423,47566
17522,1,85123A,85099B,20725
17523,1,85123A,85099B,22423
17524,0,85123A,22423,84879
17525,0,85123A,22423,84879
17526,1,85123A,85099B,22423
17527,1,85123A,85099B,20725
17528,1,85123A,85099B,22423
17530,1,85123A,85099B,22423
17531,0,22423,84879,21034
17534,0,85123A,22423,84879
17535,0,85123A,22423,84879
17536,0,85123A,22423,84879
17537,0,85123A,22423,84879
17538,0,85123A,22423,84879
17540,0,85123A,22423,84879
17542,0,85123A,22423,84879
17545,0,85123A,84879,21034
17548,0,85123A,22423,84879
17549,0,85123A,22423,84879
17550,0,85123A,22423,84879
17551,0,22423,84879,47566
17552,0,85123A,22423,84879
17553,0,85123A,22423,84879
17554,1,85123A,85099B,22423
17555,0,85123A,22423,84879
17556,0,85123A,22423,84879
17557,1,85123A,85099B,22423
17560,0,85123A,84879,21034
17561,0,85123A,22423,84879
17562,1,85123A,85099B,22423
17564,0,85123A,22423,84879
17566,1,85099B,22423,20725
17567,1,85123A,22423,47566
17569,0,85123A,22423,47566
17571,1,85123A,85099B,22423
17572,0,85123A,22423,84879
17573,0,85123A,22423,47566
17574,0,85123A,22423,84879
17576,1,85099B,20725,84879
17578,0,85123A,22423,84879
17579,1,85123A,85099B,22423
17580,0,22423,47566,21034
17581,1,85123A,22423,84879
17582,0,85123A,22423,84879
17584,1,85123A,85099B,22423
17585,0,85123A,22423,84879
17588,0,85123A,22423,84879
17589,1,85123A,85099B,22423
17590,1,85099B,20725,47566
17591,1,85123A,85099B,20725
17593,1,85123A,85099B,22423
17594,0,85123A,22423,84879
17595,0,85123A,22423,84879
17596,1,85123A,85099B,20725
17597,0,85123A,22423,21034
17600,0,85123A,22423,84879
17601,0,85123A,22423,84879
17602,1,85099B,22423,47566
17603,0,85123A,22423,84879
17604,0,85123A,22423,84879
17608,0,85123A,22423,84879
17609,1,85099B,22423,47566
17611,1,22423,20725,47566
17612,1,85123A,22423,47566
17613,1,85099B,22423,20725
17614,0,85123A,22423,84879
17615,0,85123A,22423,84879
17616,0,22423,84879,47566
17618,1,85123A,85099B,22423
17619,0,22423,47566,22720
17620,0,85123A,22423,84879
17621,1,85123A,85099B,22423
17623,0,85123A,22423,84879
17624,0,85123A,22423,84879
17625,1,85099B,22423,20725
17628,0,85123A,22423,84879
17629,1,85123A,85099B,22423
17630,0,85123A,22423,84879
17631,1,85123A,85099B,20725
17633,1,85123A,22423,20725
17634,1,85099B,20725,47566
17636,0,85123A,22423,47566
17637,0,85123A,22423,47566
17639,0,85123A,22423,84879
17640,0,22423,84879,47566
17642,0,85123A,22423,84879
17643,0,85123A,22423,84879
17644,1,85123A,22423,84879
17646,0,85123A,22423,84879
17647,0,85123A,22423,84879
17648,1,85123A,85099B,20725
17649,0,85123A,84879,21034
17650,0,85123A,22423,84879
17651,1,85123A,22423,84879
17652,1,22423,84879,22383
17653,1,85123A,85099B,20725
17654,0,85123A,22423,84879
17655,1,85099B,22423,20725
17656,1,85123A,85099B,22423
17658,0,85123A,84879,21034
17659,1,20725,47566,84879
17660,0,85123A,22423,84879
17663,1,85099B,20725,47566
17664,0,85123A,22423,84879
17666,1,85123A,85099B,20725
17667,1,85123A,22423,20725
17668,1,85123A,85099B,20725
17669,1,22423,20725,47566
17670,0,85123A,22423,84879
17671,1,85123A,85099B,22423
17672,1,85123A,85099B,20725
17673,1,85123A,85099B,22423
17674,0,85123A,22423,84879
17675,1,22423,22197,23298
17676,1,85099B,22423,47566
17677,1,85123A,22423,84879
17678,0,85123A,22423,84879
17679,0,85123A,84879,47566
17680,0,85123A,22423,84879
17682,1,85099B,22423,23203
17684,0,85123A,22423,84879
17685,1,85099B,22423,20725
17686,1,84879,23209,22382
17690,1,85123A,85099B,20725
17691,0,85123A,22423,84879
17692,0,85123A,22423,84879
17693,0,85123A,22423,84879
17694,0,85123A,22423,84879
17695,0,85123A,22423,84879
17696,1,85123A,85099B,22423
17697,0,85123A,22423,84879
17698,0,85123A,22423,84879
17700,1,85099B,20725,23203
17701,0,22423,84879,47566
17702,1,85123A,22423,47566
17703,0,85123A,22423,84879
17704,0,22423,84879,21034
17705,1,85123A,22423,47566
17706,1,20727,22383,22720
17707,0,85123A,22423,84879
17708,0,85123A,22423,84879
17709,0,85123A,84879,47566
17711,0,85123A,22423,84879
17712,0,85123A,22423,84879
17714,0,85123A,22423,84879
17715,0,85123A,22423,84879
17716,1,47566,84879,22383
17718,0,85123A,84879,47566
17719,1,85123A,85099B,22423
17720,1,85123A,85099B,20725
17722,1,85123A,85099B,20725
17723,1,85123A,85099B,22423
17724,0,85123A,84879,47566
17725,1,85123A,85099B,22423
17727,0,85123A,22423,84879
17728,1,85123A,22383,22720
17730,1,85123A,85099B,22423
17731,0,85123A,21034,22720
17732,0,47566,21034,22720
17733,0,85123A,22423,84879
17734,0,85123A,22423,84879
17735,1,85123A,84879,22720
17736,1,85123A,85099B,20725
17737,0,85123A,22423,84879
17738,1,47566,84879,23203
17739,1,85123A,85099B,22423
17742,0,22423,47566,21034
17744,1,85123A,85099B,22423
17746,0,85123A,84879,47566
17747,0,85123A,22423,84879
17749,0,85123A,21034,22720
17750,1,85123A,85099B,22423
17752,0,85123A,22423,84879
17754,1,85123A,22423,20725
17757,1,85123A,85099B,22423
17758,1,85123A,22423,84879
17759,1,85123A,85099B,22423
17760,0,85123A,22423,84879
17761,0,85123A,84879,47566
17763,0,85123A,22423,84879
17764,0,85123A,22423,21034
17765,0,85123A,22423,84879
17767,0,22423,84879,47566
17768,1,85123A,22423,20725
17769,1,22423,23203,22383
17770,0,85123A,22423,84879
17771,0,85123A,22423,84879
17772,0,85123A,22423,84879
17774,0,84879,22138,85099B
17775,0,85123A,22423,84879
17777,0,22423,84879,47566
17779,0,22423,84879,47566
17781,0,85123A,84879,47566
17783,0,85123A,22423,84879
17785,0,85123A,22423,84879
17786,0,22423,84879,47566
17787,0,22423,84879,47566
17788,0,85123A,22423,84879
17789,0,85123A,84879,47566
17790,1,85099B,22423,20725
17791,0,85123A,22423,84879
17793,0,84879,47566,22720
17795,0,85123A,22423,84879
17796,0,85123A,22423,84879
17797,1,85099B,22423,20725
17799,1,47566,84879,22720
17800,1,85123A,85099B,22423
17802,0,85123A,22423,47566
17805,0,85123A,22423,84879
17806,0,85123A,22423,84879
17809,1,85123A,85099B,22423
17811,1,85123A,22423,47566
17812,1,85123A,85099B,22423
17813,1,85123A,85099B,22423
17816,0,85123A,22423,84879
17817,1,85123A,85099B,22423
17819,1,85123A,85099B,20725
17824,0,85123A,22423,84879
17827,1,85099B,22423,20725
17828,1,85099B,22423,20725
17829,0,85123A,22423,84879
17830,1,85099B,22423,20725
17831,0,85123A,22423,84879
17832,0,85123A,22423,84879
17835,1,85123A,22423,20725
17836,0,85123A,22423,84879
17837,1,85099B,22423,20725
17838,1,85123A,85099B,22423
17839,0,85123A,22423,84879
17841,1,84879,22699,22138
17843,0,85123A,22423,84879
17844,0,85123A,22423,84879
17848,1,85123A,85099B,20725
17849,0,85123A,22423,84879
17850,1,85099B,22423,20725
17852,0,85123A,22423,84879
17854,0,22423,84879,21034
17855,0,85123A,22423,84879
17856,1,85123A,85099B,22423
17857,1,85123A,85099B,22423
17858,1,85123A,85099B,20725
17859,0,85123A,22423,84879
17860,0,85123A,22423,84879
17861,1,85123A,85099B,22423
17862,0,85123A,22423,84879
17863,1,85123A,85099B,22423
17864,1,85123A,85099B,22423
17865,1,85123A,85099B,20725
17866,0,85123A,22423,84879
17867,1,85123A,85099B,22423
17869,0,85123A,22423,84879
17870,1,85123A,85099B,22423
17871,0,85123A,22423,84879
17873,1,85123A,85099B,22423
17874,0,85123A,84879,47566
17877,0,85123A,22423,84879
17878,0,85123A,22423,84879
17879,0,85123A,22423,84879
17880,0,85123A,22423,84879
17881,0,85123A,22423,84879
17883,1,85123A,85099B,20725
17884,1,85123A,85099B,22423
17885,0,85123A,22423,84879
17886,0,85123A,84879,47566
17887,0,85123A,22423,84879
17888,1,85123A,85099B,20725
17889,0,85123A,22423,84879
17890,0,85123A,22423,47566
17891,0,85123A,22423,84879
17892,0,85123A,22423,84879
17893,0,85123A,22423,84879
17894,1,85099B,22423,20725
17895,0,85123A,22423,84879
17896,0,85123A,22423,84879
17897,0,85123A,22423,84879
17898,0,85123A,22423,84879
17899,0,85123A,22423,84879
17900,0,85123A,22423,84879
17901,0,85123A,22423,84879
17904,0,85123A,22423,84879
17905,0,85123A,84879,47566
17906,0,85123A,22423,84879
17908,0,85123A,22423,84879
17911,0,85123A,22423,47566
17912,0,85123A,84879,47566
17913,0,85123A,22423,84879
17914,0,85123A,22423,84879
17917,0,85123A,22423,84879
17919,0,85123A,22423,84879
17920,1,85123A,84879,23203
17921,0,22423,84879,47566
17923,0,85123A,22423,84879
17924,1,85123A,85099B,22423
17925,0,85123A,22423,84879
17926,0,85123A,22423,84879
17928,0,85123A,22423,84879
17929,1,85123A,85099B,22423
17930,1,85123A,85099B,22423
17931,0,85123A,84879,47566
17932,1,85123A,85099B,20725
17934,0,85123A,22423,84879
17935,0,85123A,22423,84879
17936,0,85123A,22423,47566
17937,1,85123A,85099B,22423
17939,0,85123A,22423,84879
17940,1,85123A,85099B,22423
17941,0,85123A,22423,84879
17942,0,85123A,22423,84879
17946,0,85123A,22423,84879
17947,0,85123A,22423,84879
17948,0,85123A,22423,84879
17949,1,85123A,85099B,20725
17950,0,85123A,22423,84879
17951,0,85123A,22423,84879
17954,1,22423,84879,22720
17955,0,85123A,22423,84879
17956,0,85123A,22423,84879
17957,0,85123A,22423,84879
17958,0,85123A,22423,84879
17960,0,85123A,22423,84879
17961,1,85123A,22423,47566
17962,0,85123A,22423,84879
17964,0,85123A,22423,84879
17965,1,85099B,22423,20725
17966,1,85123A,85099B,22423
17967,0,22423,84879,47566
17968,0,85123A,22423,47566
17969,0,85123A,22423,84879
17970,0,85123A,22423,84879
17972,0,85123A,22423,84879
17973,0,85123A,22423,84879
17974,0,85123A,22423,22720
17975,1,85099B,22423,20725
17976,0,22423,47566,22720
17977,0,85123A,22423,84879
17978,0,85123A,22423,84879
17979,1,85123A,85099B,20725
17980,0,85123A,22423,84879
17984,0,85123A,22423,84879
17985,0,85123A,22423,84879
17986,0,85123A,22423,84879
17987,0,85123A,22423,84879
17988,1,85123A,85099B,22423
17990,0,22423,84879,47566
17991,0,85123A,84879,47566
17994,0,85123A,22423,84879
17995,0,85123A,22423,84879
17997,1,85123A,85099B,22423
17999,0,85123A,22423,84879
18001,0,85123A,22423,84879
18004,0,85123A,47566,21034
18005,0,85123A,84879,47566
18006,0,85123A,22423,84879
18008,1,85123A,85099B,22423
18009,0,22423,84879,21034
18010,0,85123A,22423,84879
18011,0,85123A,22423,84879
18013,0,85123A,22423,84879
18014,0,85123A,22423,84879
18015,0,85123A,22423,84879
18016,1,85123A,85099B,22423
18017,0,85123A,22423,84879
18018,0,85123A,22423,84879
18019,0,85123A,22423,84879
18022,0,85123A,22423,84879
18024,0,85123A,22423,84879
18027,0,85123A,22423,84879
18030,0,85123A,22423,84879
18032,0,85123A,22423,84879
18033,0,85123A,22423,84879
18034,0,85123A,22423,84879
18035,0,85123A,22423,84879
18036,0,22423,84879,47566
18037,0,85123A,22423,84879
18040,0,85123A,22423,84879
18041,1,85123A,22423,20725
18042,0,85123A,22423,84879
18043,0,85123A,22423,84879
18044,1,85123A,85099B,20725
18045,0,85123A,22423,84879
18048,0,85123A,22423,47566
18050,0,85123A,22423,84879
18053,0,22423,84879,47566
18055,1,85099B,20725,23203
18056,0,85123A,22423,84879
18058,0,22423,84879,47566
18059,0,85123A,22423,84879
18061,1,85123A,85099B,22423
18062,0,85123A,22423,84879
18064,0,85123A,22423,84879
18065,1,85099B,22423,20725
18066,0,85123A,22423,84879
18067,0,85123A,22423,84879
18068,0,85123A,22423,84879
18069,1,22423,84879,22720
18071,0,85123A,22423,84879
18072,0,85123A,22423,84879
18073,1,85123A,85099B,22423
18074,0,85123A,22423,84879
18075,1,85099B,20725,47566
18077,1,85123A,85099B,22423
18078,0,85123A,22423,84879
18079,1,85123A,85099B,22423
18080,1,85123A,85099B,22423
18081,0,85123A,84879,47566
18082,0,85123A,22423,84879
18084,0,85123A,22423,84879
18085,0,85123A,22423,84879
18086,0,85123A,22423,84879
18087,0,85123A,22423,84879
18088,0,85123A,22423,84879
18092,1,85123A,85099B,20725
18093,1,85123A,85099B,22423
18094,1,85123A,22423,20725
18095,0,85123A,22423,84879
18096,1,85123A,85099B,22423
18097,1,85123A,85099B,22423
18099,0,85123A,22423,84879
18101,0,85123A,22423,84879
18102,1,85123A,22423,20725
18104,0,85123A,22423,84879
18105,0,85123A,22423,84879
18106,0,22423,84879,47566
18108,0,85123A,22423,84879
18109,1,85099B,22423,20725
18110,0,85123A,22423,84879
18112,0,85123A,22423,84879
18113,0,85123A,22423,84879
18114,0,85123A,22423,84879
18116,1,85099B,22423,20725
18117,0,85123A,22423,84879
18118,1,22423,84879,23203
18119,0,85123A,22423,84879
18120,0,85123A,22423,84879
18121,0,85123A,22423,47566
18122,1,85099B,22423,47566
18123,0,85123A,22423,84879
18125,1,85099B,20725,47566
18126,0,22423,84879,47566
18127,0,47566,21034,22720
18129,0,85123A,22423,84879
18130,1,85123A,85099B,22423
18133,0,85123A,22423,84879
18135,1,85123A,85099B,22423
18136,0,85123A,22423,84879
18138,0,85123A,84879,21034
18139,1,85123A,85099B,22423
18142,0,85123A,22423,84879
18143,0,85123A,22423,84879
18144,1,22423,20725,23203
18145,1,85123A,22423,47566
18146,0,22423,84879,47566
18147,0,85123A,22423,84879
18149,0,22423,22720,22138
18150,0,85123A,22423,84879
18151,0,85123A,22423,84879
18154,1,85123A,85099B,22423
18155,0,85123A,22423,84879
18156,0,85123A,22423,84879
18158,0,85123A,22423,84879
18159,0,85123A,84879,47566
18160,0,85123A,22423,84879
18161,1,85099B,20725,23203
18164,0,85123A,47566,21034
18165,0,85123A,22423,84879
18167,1,85099B,22423,20725
18168,0,85123A,22423,84879
18169,0,85123A,84879,47566
18170,1,85099B,22423,20725
18171,1,85123A,85099B,22423
18172,1,85099B,22423,20725
18173,1,85123A,85099B,22423
18174,0,85123A,22423,84879
18176,0,85123A,22423,84879
18177,1,85123A,22423,47566
18178,0,22423,84879,47566
18179,1,85123A,85099B,22423
18180,1,85123A,85099B,20725
18181,0,22423,84879,47566
18183,0,22423,84879,47566
18184,0,85123A,22423,84879
18185,0,85123A,84879,47566
18188,1,85123A,85099B,22423
18189,0,22423,84879,47566
18190,0,84879,47566,21034
18191,0,85123A,22423,84879
18192,0,85123A,84879,47566
18193,0,85123A,22423,84879
18194,0,22423,84879,47566
18196,0,47566,22720,22138
18198,1,85099B,22423,47566
18200,0,85123A,22423,84879
18202,0,85123A,21034,22138
18203,0,85123A,22423,84879
18204,1,85123A,85099B,20725
18205,0,85123A,84879,47566
18209,0,85123A,22423,84879
18210,1,85123A,22423,20725
18211,1,85123A,85099B,22423
18212,0,22423,84879,47566
18213,0,22423,84879,47566
18215,0,85123A,22423,84879
18216,0,22423,84879,47566
18217,0,85123A,22423,84879
18218,0,85123A,22423,84879
18219,1,85099B,20725,47566
18220,0,85123A,22423,84879
18221,1,85123A,85099B,20725
18222,0,22423,47566,21034
18223,1,85123A,20725,23203
18224,0,22423,84879,47566
18225,1,22423,84879,20727
18226,1,22423,84879,22197
18227,0,85123A,22423,84879
18228,0,85123A,22423,47566
18229,1,85123A,85099B,22423
18230,1,85123A,85099B,22423
18231,1,85099B,20725,84879
18232,0,85123A,22423,84879
18233,0,85123A,22423,84879
18235,1,85123A,22423,47566
18236,1,85123A,85099B,22423
18237,1,85123A,85099B,20725
18239,0,47566,21034,22720
18240,0,85123A,22423,84879
18241,1,22423,20725,84879
18242,1,85123A,85099B,20725
18245,1,85099B,20725,84879
18246,0,85123A,22423,84879
18248,0,22423,84879,47566
18249,0,85123A,22423,84879
18250,0,85123A,84879,47566
18251,0,85123A,22423,84879
18252,0,85123A,22423,21034
18255,0,22423,84879,47566
18257,1,47566,84879,20727
18259,1,85123A,85099B,22423
18260,1,85099B,20725,23203
18261,0,85123A,22423,84879
18262,0,85123A,22423,84879
18263,1,85123A,85099B,22423
18265,0,85123A,21034,22720
18268,0,85123A,22423,84879
18269,0,85123A,22423,84879
18270,0,85123A,22423,84879
18272,1,85123A,85099B,22423
18273,1,85123A,85099B,22423
18274,0,85123A,84879,47566
18276,0,85123A,22423,84879
18277,0,85123A,22423,47566
18278,0,85123A,22423,84879
18280,0,85123A,22423,84879
18281,0,85123A,22423,84879
18282,0,85123A,84879,47566
18283,1,22423,47566,84879
18287,1,85123A,85099B,22423
